invoice_id,invoice_date,customer_id,first_name,last_name,billing_country,billing_city,track_id,track_name,genre_name,unit_price,quantity,revenue
1,2017-01-03,18,Michelle                                          ,Brooks                                            ,USA,New York,1158,Right Next Door to Hell,Rock,0.99,1.0,0.99
1,2017-01-03,18,Michelle                                          ,Brooks                                            ,USA,New York,1159,Dust N' Bones,Rock,0.99,1.0,0.99
1,2017-01-03,18,Michelle                                          ,Brooks                                            ,USA,New York,1160,Live and Let Die,Rock,0.99,1.0,0.99
1,2017-01-03,18,Michelle                                          ,Brooks                                            ,USA,New York,1161,Don't Cry (Original),Rock,0.99,1.0,0.99
1,2017-01-03,18,Michelle                                          ,Brooks                                            ,USA,New York,1162,Perfect Crime,Rock,0.99,1.0,0.99
1,2017-01-03,18,Michelle                                          ,Brooks                                            ,USA,New York,1163,You Ain't the First,Rock,0.99,1.0,0.99
1,2017-01-03,18,Michelle                                          ,Brooks                                            ,USA,New York,1164,Bad Obsession,Rock,0.99,1.0,0.99
1,2017-01-03,18,Michelle                                          ,Brooks                                            ,USA,New York,1165,Back off Bitch,Rock,0.99,1.0,0.99
1,2017-01-03,18,Michelle                                          ,Brooks                                            ,USA,New York,1166,Double Talkin' Jive,Rock,0.99,1.0,0.99
1,2017-01-03,18,Michelle                                          ,Brooks                                            ,USA,New York,1167,November Rain,Rock,0.99,1.0,0.99
1,2017-01-03,18,Michelle                                          ,Brooks                                            ,USA,New York,1168,The Garden,Rock,0.99,1.0,0.99
1,2017-01-03,18,Michelle                                          ,Brooks                                            ,USA,New York,1169,Garden of Eden,Rock,0.99,1.0,0.99
1,2017-01-03,18,Michelle                                          ,Brooks                                            ,USA,New York,1170,Don't Damn Me,Rock,0.99,1.0,0.99
1,2017-01-03,18,Michelle                                          ,Brooks                                            ,USA,New York,1171,Bad Apples,Rock,0.99,1.0,0.99
1,2017-01-03,18,Michelle                                          ,Brooks                                            ,USA,New York,1172,Dead Horse,Rock,0.99,1.0,0.99
1,2017-01-03,18,Michelle                                          ,Brooks                                            ,USA,New York,1173,Coma,Rock,0.99,1.0,0.99
2,2017-01-03,30,Edward                                            ,Francis                                           ,Canada,Ottawa,3476,Help Yourself,Pop,0.99,1.0,0.99
2,2017-01-03,30,Edward                                            ,Francis                                           ,Canada,Ottawa,482,Good Riddance (Time Of Your Life),Alternative & Punk,0.99,1.0,0.99
2,2017-01-03,30,Edward                                            ,Francis                                           ,Canada,Ottawa,2701,Blinded By Rainbows,Rock,0.99,1.0,0.99
2,2017-01-03,30,Edward                                            ,Francis                                           ,Canada,Ottawa,1641,Gallows Pole,Rock,0.99,1.0,0.99
2,2017-01-03,30,Edward                                            ,Francis                                           ,Canada,Ottawa,1119,Toda Menina Baiana,Latin,0.99,1.0,0.99
2,2017-01-03,30,Edward                                            ,Francis                                           ,Canada,Ottawa,2324,Pretty Persuasion,Alternative & Punk,0.99,1.0,0.99
2,2017-01-03,30,Edward                                            ,Francis                                           ,Canada,Ottawa,201,Keep It To Myself (Aka Keep It To Yourself),Blues,0.99,1.0,0.99
2,2017-01-03,30,Edward                                            ,Francis                                           ,Canada,Ottawa,819,Talk About Love,Rock,0.99,1.0,0.99
2,2017-01-03,30,Edward                                            ,Francis                                           ,Canada,Ottawa,392,Tim Tim Por Tim Tim,Latin,0.99,1.0,0.99
2,2017-01-03,30,Edward                                            ,Francis                                           ,Canada,Ottawa,2651,Can't Stand Losing You,Rock,0.99,1.0,0.99
3,2017-01-05,40,Dominique                                         ,Lefebvre                                          ,France,Paris,2516,Black Hole Sun,Rock,0.99,1.0,0.99
3,2017-01-05,40,Dominique                                         ,Lefebvre                                          ,France,Paris,2646,I Looked At You,Rock,0.99,1.0,0.99
4,2017-01-06,18,Michelle                                          ,Brooks                                            ,USA,New York,3448,"Lamentations of Jeremiah, First Set \ Incipit Lamentatio",Classical,0.99,1.0,0.99
4,2017-01-06,18,Michelle                                          ,Brooks                                            ,USA,New York,2560,Violent Pornography,Metal,0.99,1.0,0.99
4,2017-01-06,18,Michelle                                          ,Brooks                                            ,USA,New York,3336,War Pigs,Alternative,0.99,1.0,0.99
4,2017-01-06,18,Michelle                                          ,Brooks                                            ,USA,New York,829,Let's Get Rocked,Rock,0.99,1.0,0.99
4,2017-01-06,18,Michelle                                          ,Brooks                                            ,USA,New York,1872,Attitude,Metal,0.99,1.0,0.99
4,2017-01-06,18,Michelle                                          ,Brooks                                            ,USA,New York,748,Dealer,Rock,0.99,1.0,0.99
4,2017-01-06,18,Michelle                                          ,Brooks                                            ,USA,New York,1778,You're What's Happening (In The World Today),R&B/Soul,0.99,1.0,0.99
4,2017-01-06,18,Michelle                                          ,Brooks                                            ,USA,New York,2514,Spoonman,Rock,0.99,1.0,0.99
5,2017-01-07,27,Patrick                                           ,Gray                                              ,USA,Tucson,1986,Intro,Rock,0.99,1.0,0.99
5,2017-01-07,27,Patrick                                           ,Gray                                              ,USA,Tucson,1987,School,Rock,0.99,1.0,0.99
5,2017-01-07,27,Patrick                                           ,Gray                                              ,USA,Tucson,1988,Drain You,Rock,0.99,1.0,0.99
5,2017-01-07,27,Patrick                                           ,Gray                                              ,USA,Tucson,1989,Aneurysm,Rock,0.99,1.0,0.99
5,2017-01-07,27,Patrick                                           ,Gray                                              ,USA,Tucson,1990,Smells Like Teen Spirit,Rock,0.99,1.0,0.99
5,2017-01-07,27,Patrick                                           ,Gray                                              ,USA,Tucson,1991,Been A Son,Rock,0.99,1.0,0.99
5,2017-01-07,27,Patrick                                           ,Gray                                              ,USA,Tucson,1992,Lithium,Rock,0.99,1.0,0.99
5,2017-01-07,27,Patrick                                           ,Gray                                              ,USA,Tucson,1993,Sliver,Rock,0.99,1.0,0.99
5,2017-01-07,27,Patrick                                           ,Gray                                              ,USA,Tucson,1994,Spank Thru,Rock,0.99,1.0,0.99
5,2017-01-07,27,Patrick                                           ,Gray                                              ,USA,Tucson,1995,Scentless Apprentice,Rock,0.99,1.0,0.99
5,2017-01-07,27,Patrick                                           ,Gray                                              ,USA,Tucson,1996,Heart-Shaped Box,Rock,0.99,1.0,0.99
5,2017-01-07,27,Patrick                                           ,Gray                                              ,USA,Tucson,1997,Milk It,Rock,0.99,1.0,0.99
5,2017-01-07,27,Patrick                                           ,Gray                                              ,USA,Tucson,1998,Negative Creep,Rock,0.99,1.0,0.99
5,2017-01-07,27,Patrick                                           ,Gray                                              ,USA,Tucson,1999,Polly,Rock,0.99,1.0,0.99
5,2017-01-07,27,Patrick                                           ,Gray                                              ,USA,Tucson,2000,Breed,Rock,0.99,1.0,0.99
5,2017-01-07,27,Patrick                                           ,Gray                                              ,USA,Tucson,2001,Tourette's,Rock,0.99,1.0,0.99
5,2017-01-07,27,Patrick                                           ,Gray                                              ,USA,Tucson,2002,Blew,Rock,0.99,1.0,0.99
6,2017-01-10,31,Martha                                            ,Silk                                              ,Canada,Halifax,1045,Fly Me To The Moon,Easy Listening,0.99,1.0,0.99
6,2017-01-10,31,Martha                                            ,Silk                                              ,Canada,Halifax,30,Amazing,Rock,0.99,1.0,0.99
7,2017-01-12,49,Stanisław                                         ,Wójcik                                            ,Poland,Warsaw,3477,Amy Amy Amy (Outro),Pop,0.99,1.0,0.99
7,2017-01-12,49,Stanisław                                         ,Wójcik                                            ,Poland,Warsaw,3439,"Das Lied Von Der Erde, Von Der Jugend",Classical,0.99,1.0,0.99
7,2017-01-12,49,Stanisław                                         ,Wójcik                                            ,Poland,Warsaw,1102,Doce De Carnaval (Candy All),Jazz,0.99,1.0,0.99
7,2017-01-12,49,Stanisław                                         ,Wójcik                                            ,Poland,Warsaw,711,Molina,Rock,0.99,1.0,0.99
7,2017-01-12,49,Stanisław                                         ,Wójcik                                            ,Poland,Warsaw,1988,Drain You,Rock,0.99,1.0,0.99
7,2017-01-12,49,Stanisław                                         ,Wójcik                                            ,Poland,Warsaw,3024,Two Hearts Beat As One,Rock,0.99,1.0,0.99
7,2017-01-12,49,Stanisław                                         ,Wójcik                                            ,Poland,Warsaw,834,When Love & Hate Collide,Rock,0.99,1.0,0.99
7,2017-01-12,49,Stanisław                                         ,Wójcik                                            ,Poland,Warsaw,2596,Tommy Gun,Alternative & Punk,0.99,1.0,0.99
7,2017-01-12,49,Stanisław                                         ,Wójcik                                            ,Poland,Warsaw,1343,To Tame A Land,Metal,0.99,1.0,0.99
7,2017-01-12,49,Stanisław                                         ,Wójcik                                            ,Poland,Warsaw,2644,Light My Fire,Rock,0.99,1.0,0.99
7,2017-01-12,49,Stanisław                                         ,Wójcik                                            ,Poland,Warsaw,42,Right Through You,Rock,0.99,1.0,0.99
8,2017-01-13,59,Puja                                              ,Srivastava                                        ,India,Bangalore,2231,Time,Rock,0.99,1.0,0.99
8,2017-01-13,59,Puja                                              ,Srivastava                                        ,India,Bangalore,2509,Hands All Over,Rock,0.99,1.0,0.99
8,2017-01-13,59,Puja                                              ,Srivastava                                        ,India,Bangalore,81,Sad But True,Metal,0.99,1.0,0.99
8,2017-01-13,59,Puja                                              ,Srivastava                                        ,India,Bangalore,1758,Cérebro Eletrônico,Latin,0.99,1.0,0.99
8,2017-01-13,59,Puja                                              ,Srivastava                                        ,India,Bangalore,1455,Just Another Story,Electronica/Dance,0.99,1.0,0.99
8,2017-01-13,59,Puja                                              ,Srivastava                                        ,India,Bangalore,2946,When I Look At The World,Rock,0.99,1.0,0.99
8,2017-01-13,59,Puja                                              ,Srivastava                                        ,India,Bangalore,574,Smooth,Rock,0.99,1.0,0.99
8,2017-01-13,59,Puja                                              ,Srivastava                                        ,India,Bangalore,1752,Blind Curve: Vocal Under A Bloodlight / Passing Strangers / Mylo / Perimeter Walk / Threshold,Rock,0.99,1.0,0.99
8,2017-01-13,59,Puja                                              ,Srivastava                                        ,India,Bangalore,2263,Somebody To Love,Rock,0.99,1.0,0.99
8,2017-01-13,59,Puja                                              ,Srivastava                                        ,India,Bangalore,1560,Victim Of Change (Live),Metal,0.99,1.0,0.99
9,2017-01-18,18,Michelle                                          ,Brooks                                            ,USA,New York,206,Prenda Minha,Latin,0.99,1.0,0.99
9,2017-01-18,18,Michelle                                          ,Brooks                                            ,USA,New York,3456,You Know I'm No Good,R&B/Soul,0.99,1.0,0.99
9,2017-01-18,18,Michelle                                          ,Brooks                                            ,USA,New York,1041,For Once In My Life,Easy Listening,0.99,1.0,0.99
9,2017-01-18,18,Michelle                                          ,Brooks                                            ,USA,New York,1279,Murders In The Rue Morgue,Heavy Metal,0.99,1.0,0.99
9,2017-01-18,18,Michelle                                          ,Brooks                                            ,USA,New York,2098,No More Tears,Rock,0.99,1.0,0.99
9,2017-01-18,18,Michelle                                          ,Brooks                                            ,USA,New York,3399,Nothing Left to Say But Goodbye,Alternative,0.99,1.0,0.99
9,2017-01-18,18,Michelle                                          ,Brooks                                            ,USA,New York,1983,Too Fast For Love,Metal,0.99,1.0,0.99
9,2017-01-18,18,Michelle                                          ,Brooks                                            ,USA,New York,993,Hell,Rock,0.99,1.0,0.99
9,2017-01-18,18,Michelle                                          ,Brooks                                            ,USA,New York,196,Stone Crazy,Blues,0.99,1.0,0.99
10,2017-01-18,31,Martha                                            ,Silk                                              ,Canada,Halifax,2663,Message in a Bottle (new classic rock mix),Rock,0.99,1.0,0.99
10,2017-01-18,31,Martha                                            ,Silk                                              ,Canada,Halifax,3290,The Zoo,Rock,0.99,1.0,0.99
11,2017-01-20,38,Niklas                                            ,Schröder                                          ,Germany,Berlin,2597,English Civil War,Alternative & Punk,0.99,1.0,0.99
11,2017-01-20,38,Niklas                                            ,Schröder                                          ,Germany,Berlin,2203,Release,Rock,0.99,1.0,0.99
11,2017-01-20,38,Niklas                                            ,Schröder                                          ,Germany,Berlin,2420,Jingo,Rock,0.99,1.0,0.99
11,2017-01-20,38,Niklas                                            ,Schröder                                          ,Germany,Berlin,2643,Alabama Song,Rock,0.99,1.0,0.99
11,2017-01-20,38,Niklas                                            ,Schröder                                          ,Germany,Berlin,3072,Why Can't This Be Love,Rock,0.99,1.0,0.99
11,2017-01-20,38,Niklas                                            ,Schröder                                          ,Germany,Berlin,1138,St. Jimmy,Alternative & Punk,0.99,1.0,0.99
11,2017-01-20,38,Niklas                                            ,Schröder                                          ,Germany,Berlin,2391,Around The World,Rock,0.99,1.0,0.99
11,2017-01-20,38,Niklas                                            ,Schröder                                          ,Germany,Berlin,2257,Fat Bottomed Girls,Rock,0.99,1.0,0.99
11,2017-01-20,38,Niklas                                            ,Schröder                                          ,Germany,Berlin,610,My Funny Valentine (Live),Jazz,0.99,1.0,0.99
11,2017-01-20,38,Niklas                                            ,Schröder                                          ,Germany,Berlin,1419,I Got You (I Feel Good),R&B/Soul,0.99,1.0,0.99
11,2017-01-20,38,Niklas                                            ,Schröder                                          ,Germany,Berlin,3452,"SCRIABIN: Prelude in B Major, Op. 11, No. 11",Classical,0.99,1.0,0.99
12,2017-01-21,42,Wyatt                                             ,Girard                                            ,France,Bordeaux,1463,Journey To Arnhemland,Electronica/Dance,0.99,1.0,0.99
12,2017-01-21,42,Wyatt                                             ,Girard                                            ,France,Bordeaux,690,I Heard It Through The Grapevine,Rock,0.99,1.0,0.99
12,2017-01-21,42,Wyatt                                             ,Girard                                            ,France,Bordeaux,2663,Message in a Bottle (new classic rock mix),Rock,0.99,1.0,0.99
12,2017-01-21,42,Wyatt                                             ,Girard                                            ,France,Bordeaux,92,I am the Highway,Rock,0.99,1.0,0.99
13,2017-01-22,35,Madalena                                          ,Sampaio                                           ,Portugal,Porto,2553,Where The River Goes,Rock,0.99,1.0,0.99
14,2017-01-23,25,Victor                                            ,Stevens                                           ,USA,Madison,541,Banho De Lua,Alternative & Punk,0.99,1.0,0.99
15,2017-01-25,44,Terhi                                             ,Hämäläinen                                        ,Finland,Helsinki,3050,Superstition,Reggae,0.99,1.0,0.99
15,2017-01-25,44,Terhi                                             ,Hämäläinen                                        ,Finland,Helsinki,1489,Are You Experienced?,Rock,0.99,1.0,0.99
15,2017-01-25,44,Terhi                                             ,Hämäläinen                                        ,Finland,Helsinki,807,Stormbringer,Rock,0.99,1.0,0.99
15,2017-01-25,44,Terhi                                             ,Hämäläinen                                        ,Finland,Helsinki,3336,War Pigs,Alternative,0.99,1.0,0.99
16,2017-01-26,1,Luís                                              ,Gonçalves                                         ,Brazil,São José dos Campos,2160,Nothingman,Rock,0.99,1.0,0.99
16,2017-01-26,1,Luís                                              ,Gonçalves                                         ,Brazil,São José dos Campos,875,Acelerou,Latin,0.99,1.0,0.99
16,2017-01-26,1,Luís                                              ,Gonçalves                                         ,Brazil,São José dos Campos,83,Wherever I May Roam,Metal,0.99,1.0,0.99
16,2017-01-26,1,Luís                                              ,Gonçalves                                         ,Brazil,São José dos Campos,16,Dog Eat Dog,Rock,0.99,1.0,0.99
16,2017-01-26,1,Luís                                              ,Gonçalves                                         ,Brazil,São José dos Campos,1756,Magamalabares,Latin,0.99,1.0,0.99
16,2017-01-26,1,Luís                                              ,Gonçalves                                         ,Brazil,São José dos Campos,3460,Love Is a Losing Game,R&B/Soul,0.99,1.0,0.99
16,2017-01-26,1,Luís                                              ,Gonçalves                                         ,Brazil,São José dos Campos,93,Exploder,Rock,0.99,1.0,0.99
16,2017-01-26,1,Luís                                              ,Gonçalves                                         ,Brazil,São José dos Campos,24,Love In An Elevator,Rock,0.99,1.0,0.99
16,2017-01-26,1,Luís                                              ,Gonçalves                                         ,Brazil,São José dos Campos,21,Hell Ain't A Bad Place To Be,Rock,0.99,1.0,0.99
17,2017-01-28,20,Dan                                               ,Miller                                            ,USA,Mountain View,2400,I Like Dirt,Rock,0.99,1.0,0.99
17,2017-01-28,20,Dan                                               ,Miller                                            ,USA,Mountain View,1610,Black Dog,Rock,0.99,1.0,0.99
17,2017-01-28,20,Dan                                               ,Miller                                            ,USA,Mountain View,1973,Wild Side,Metal,0.99,1.0,0.99
17,2017-01-28,20,Dan                                               ,Miller                                            ,USA,Mountain View,2553,Where The River Goes,Rock,0.99,1.0,0.99
17,2017-01-28,20,Dan                                               ,Miller                                            ,USA,Mountain View,59,Put You Down,Rock,0.99,1.0,0.99
17,2017-01-28,20,Dan                                               ,Miller                                            ,USA,Mountain View,2270,We Are The Champions,Rock,0.99,1.0,0.99
17,2017-01-28,20,Dan                                               ,Miller                                            ,USA,Mountain View,55,I Can't Remember,Rock,0.99,1.0,0.99
17,2017-01-28,20,Dan                                               ,Miller                                            ,USA,Mountain View,2564,Lost in Hollywood,Metal,0.99,1.0,0.99
17,2017-01-28,20,Dan                                               ,Miller                                            ,USA,Mountain View,2171,Unemployable,Alternative & Punk,0.99,1.0,0.99
17,2017-01-28,20,Dan                                               ,Miller                                            ,USA,Mountain View,2522,Bleed Together,Rock,0.99,1.0,0.99
17,2017-01-28,20,Dan                                               ,Miller                                            ,USA,Mountain View,1419,I Got You (I Feel Good),R&B/Soul,0.99,1.0,0.99
18,2017-02-02,24,Frank                                             ,Ralston                                           ,USA,Chicago,1027,See You,Rock,0.99,1.0,0.99
18,2017-02-02,24,Frank                                             ,Ralston                                           ,USA,Chicago,3142,The Deeper The Love,Metal,0.99,1.0,0.99
18,2017-02-02,24,Frank                                             ,Ralston                                           ,USA,Chicago,1583,Going To California,Rock,0.99,1.0,0.99
18,2017-02-02,24,Frank                                             ,Ralston                                           ,USA,Chicago,1752,Blind Curve: Vocal Under A Bloodlight / Passing Strangers / Mylo / Perimeter Walk / Threshold,Rock,0.99,1.0,0.99
18,2017-02-02,24,Frank                                             ,Ralston                                           ,USA,Chicago,2736,Boris The Spider,Rock,0.99,1.0,0.99
19,2017-02-06,10,Eduardo                                           ,Martins                                           ,Brazil,São Paulo,105,The Worm,Alternative & Punk,0.99,1.0,0.99
19,2017-02-06,10,Eduardo                                           ,Martins                                           ,Brazil,São Paulo,2669,Get Off Of My Cloud,Rock,0.99,1.0,0.99
19,2017-02-06,10,Eduardo                                           ,Martins                                           ,Brazil,São Paulo,1784,I Wish It Would Rain,R&B/Soul,0.99,1.0,0.99
19,2017-02-06,10,Eduardo                                           ,Martins                                           ,Brazil,São Paulo,3460,Love Is a Losing Game,R&B/Soul,0.99,1.0,0.99
19,2017-02-06,10,Eduardo                                           ,Martins                                           ,Brazil,São Paulo,2640,Soul Kitchen,Rock,0.99,1.0,0.99
19,2017-02-06,10,Eduardo                                           ,Martins                                           ,Brazil,São Paulo,1310,Wasting Love,Rock,0.99,1.0,0.99
19,2017-02-06,10,Eduardo                                           ,Martins                                           ,Brazil,São Paulo,2510,Get On The Snake,Rock,0.99,1.0,0.99
20,2017-02-06,43,Isabelle                                          ,Mercier                                           ,France,Dijon,905,Wonderful Tonight,Blues,0.99,1.0,0.99
20,2017-02-06,43,Isabelle                                          ,Mercier                                           ,France,Dijon,102,Doesn't Remind Me,Alternative & Punk,0.99,1.0,0.99
20,2017-02-06,43,Isabelle                                          ,Mercier                                           ,France,Dijon,3336,War Pigs,Alternative,0.99,1.0,0.99
20,2017-02-06,43,Isabelle                                          ,Mercier                                           ,France,Dijon,1132,Serenity,Metal,0.99,1.0,0.99
20,2017-02-06,43,Isabelle                                          ,Mercier                                           ,France,Dijon,337,You Shook Me,Rock,0.99,1.0,0.99
20,2017-02-06,43,Isabelle                                          ,Mercier                                           ,France,Dijon,60,Confusion,Rock,0.99,1.0,0.99
20,2017-02-06,43,Isabelle                                          ,Mercier                                           ,France,Dijon,3357,OAM's Blues,Jazz,0.99,1.0,0.99
20,2017-02-06,43,Isabelle                                          ,Mercier                                           ,France,Dijon,3225,Your Time Is Gonna Come,Rock,0.99,1.0,0.99
20,2017-02-06,43,Isabelle                                          ,Mercier                                           ,France,Dijon,3297,Tease Me Please Me,Rock,0.99,1.0,0.99
20,2017-02-06,43,Isabelle                                          ,Mercier                                           ,France,Dijon,3297,Tease Me Please Me,Rock,0.99,1.0,0.99
21,2017-02-07,9,Kara                                              ,Nielsen                                           ,Denmark,Copenhagen,1461,Mr. Moon,Electronica/Dance,0.99,1.0,0.99
21,2017-02-07,9,Kara                                              ,Nielsen                                           ,Denmark,Copenhagen,2556,Revenga,Metal,0.99,1.0,0.99
21,2017-02-07,9,Kara                                              ,Nielsen                                           ,Denmark,Copenhagen,1434,When You Gonna Learn (Digeridoo),Rock,0.99,1.0,0.99
21,2017-02-07,9,Kara                                              ,Nielsen                                           ,Denmark,Copenhagen,3135,Love Ain't No Stranger,Metal,0.99,1.0,0.99
21,2017-02-07,9,Kara                                              ,Nielsen                                           ,Denmark,Copenhagen,1473,Get Me Outta Here,Alternative & Punk,0.99,1.0,0.99
21,2017-02-07,9,Kara                                              ,Nielsen                                           ,Denmark,Copenhagen,1502,Circles,Rock,0.99,1.0,0.99
21,2017-02-07,9,Kara                                              ,Nielsen                                           ,Denmark,Copenhagen,13,Night Of The Long Knives,Rock,0.99,1.0,0.99
21,2017-02-07,9,Kara                                              ,Nielsen                                           ,Denmark,Copenhagen,2971,Crumbs From Your Table,Rock,0.99,1.0,0.99
21,2017-02-07,9,Kara                                              ,Nielsen                                           ,Denmark,Copenhagen,2561,Question!,Metal,0.99,1.0,0.99
22,2017-02-08,35,Madalena                                          ,Sampaio                                           ,Portugal,Porto,1000,What If I Do?,Rock,0.99,1.0,0.99
22,2017-02-08,35,Madalena                                          ,Sampaio                                           ,Portugal,Porto,383,Ando Meio Desligado,Latin,0.99,1.0,0.99
23,2017-02-09,53,Phil                                              ,Hughes                                            ,United Kingdom,London,1,For Those About To Rock (We Salute You),Rock,0.99,1.0,0.99
23,2017-02-09,53,Phil                                              ,Hughes                                            ,United Kingdom,London,6,Put The Finger On You,Rock,0.99,1.0,0.99
23,2017-02-09,53,Phil                                              ,Hughes                                            ,United Kingdom,London,7,Let's Get It Up,Rock,0.99,1.0,0.99
23,2017-02-09,53,Phil                                              ,Hughes                                            ,United Kingdom,London,8,Inject The Venom,Rock,0.99,1.0,0.99
23,2017-02-09,53,Phil                                              ,Hughes                                            ,United Kingdom,London,9,Snowballed,Rock,0.99,1.0,0.99
23,2017-02-09,53,Phil                                              ,Hughes                                            ,United Kingdom,London,10,Evil Walks,Rock,0.99,1.0,0.99
23,2017-02-09,53,Phil                                              ,Hughes                                            ,United Kingdom,London,11,C.O.D.,Rock,0.99,1.0,0.99
23,2017-02-09,53,Phil                                              ,Hughes                                            ,United Kingdom,London,12,Breaking The Rules,Rock,0.99,1.0,0.99
23,2017-02-09,53,Phil                                              ,Hughes                                            ,United Kingdom,London,13,Night Of The Long Knives,Rock,0.99,1.0,0.99
23,2017-02-09,53,Phil                                              ,Hughes                                            ,United Kingdom,London,14,Spellbound,Rock,0.99,1.0,0.99
24,2017-02-10,4,Bjørn                                             ,Hansen                                            ,Norway,Oslo,1146,Welcome to the Jungle,Rock,0.99,1.0,0.99
24,2017-02-10,4,Bjørn                                             ,Hansen                                            ,Norway,Oslo,1147,It's So Easy,Rock,0.99,1.0,0.99
24,2017-02-10,4,Bjørn                                             ,Hansen                                            ,Norway,Oslo,1148,Nightrain,Rock,0.99,1.0,0.99
24,2017-02-10,4,Bjørn                                             ,Hansen                                            ,Norway,Oslo,1149,Out Ta Get Me,Rock,0.99,1.0,0.99
24,2017-02-10,4,Bjørn                                             ,Hansen                                            ,Norway,Oslo,1150,Mr. Brownstone,Rock,0.99,1.0,0.99
24,2017-02-10,4,Bjørn                                             ,Hansen                                            ,Norway,Oslo,1151,Paradise City,Rock,0.99,1.0,0.99
24,2017-02-10,4,Bjørn                                             ,Hansen                                            ,Norway,Oslo,1152,My Michelle,Rock,0.99,1.0,0.99
24,2017-02-10,4,Bjørn                                             ,Hansen                                            ,Norway,Oslo,1153,Think About You,Rock,0.99,1.0,0.99
24,2017-02-10,4,Bjørn                                             ,Hansen                                            ,Norway,Oslo,1154,Sweet Child O' Mine,Rock,0.99,1.0,0.99
24,2017-02-10,4,Bjørn                                             ,Hansen                                            ,Norway,Oslo,1155,You're Crazy,Rock,0.99,1.0,0.99
24,2017-02-10,4,Bjørn                                             ,Hansen                                            ,Norway,Oslo,1156,Anything Goes,Rock,0.99,1.0,0.99
24,2017-02-10,4,Bjørn                                             ,Hansen                                            ,Norway,Oslo,1157,Rocket Queen,Rock,0.99,1.0,0.99
25,2017-02-11,39,Camille                                           ,Bernard                                           ,France,Paris,46,Mary Jane,Rock,0.99,1.0,0.99
25,2017-02-11,39,Camille                                           ,Bernard                                           ,France,Paris,948,Easy,Alternative & Punk,0.99,1.0,0.99
25,2017-02-11,39,Camille                                           ,Bernard                                           ,France,Paris,2185,You Are,Rock,0.99,1.0,0.99
25,2017-02-11,39,Camille                                           ,Bernard                                           ,France,Paris,3049,Reggae Music,Reggae,0.99,1.0,0.99
25,2017-02-11,39,Camille                                           ,Bernard                                           ,France,Paris,1167,November Rain,Rock,0.99,1.0,0.99
25,2017-02-11,39,Camille                                           ,Bernard                                           ,France,Paris,32,Deuces Are Wild,Rock,0.99,1.0,0.99
25,2017-02-11,39,Camille                                           ,Bernard                                           ,France,Paris,1800,No Sign of Yesterday,Rock,0.99,1.0,0.99
25,2017-02-11,39,Camille                                           ,Bernard                                           ,France,Paris,1477,Lazy Gun,Alternative & Punk,0.99,1.0,0.99
26,2017-02-15,55,Mark                                              ,Taylor                                            ,Australia,Sidney,2670,Mother's Little Helper,Rock,0.99,1.0,0.99
26,2017-02-15,55,Mark                                              ,Taylor                                            ,Australia,Sidney,85,Cochise,Rock,0.99,1.0,0.99
27,2017-02-15,35,Madalena                                          ,Sampaio                                           ,Portugal,Porto,3439,"Das Lied Von Der Erde, Von Der Jugend",Classical,0.99,1.0,0.99
27,2017-02-15,35,Madalena                                          ,Sampaio                                           ,Portugal,Porto,3014,Desire,Rock,0.99,1.0,0.99
27,2017-02-15,35,Madalena                                          ,Sampaio                                           ,Portugal,Porto,1280,Another Life,Heavy Metal,0.99,1.0,0.99
27,2017-02-15,35,Madalena                                          ,Sampaio                                           ,Portugal,Porto,1496,Surfing with the Alien,Rock,0.99,1.0,0.99
27,2017-02-15,35,Madalena                                          ,Sampaio                                           ,Portugal,Porto,2229,Speak To Me/Breathe,Rock,0.99,1.0,0.99
27,2017-02-15,35,Madalena                                          ,Sampaio                                           ,Portugal,Porto,1445,Planet Home,R&B/Soul,0.99,1.0,0.99
27,2017-02-15,35,Madalena                                          ,Sampaio                                           ,Portugal,Porto,2230,On The Run,Rock,0.99,1.0,0.99
27,2017-02-15,35,Madalena                                          ,Sampaio                                           ,Portugal,Porto,3105,Do It For The Kids,Rock,0.99,1.0,0.99
28,2017-02-17,12,Roberto                                           ,Almeida                                           ,Brazil,Rio de Janeiro,36,Angel,Rock,0.99,1.0,0.99
28,2017-02-17,12,Roberto                                           ,Almeida                                           ,Brazil,Rio de Janeiro,3456,You Know I'm No Good,R&B/Soul,0.99,1.0,0.99
28,2017-02-17,12,Roberto                                           ,Almeida                                           ,Brazil,Rio de Janeiro,932,Paths Of Glory,Alternative & Punk,0.99,1.0,0.99
29,2017-02-17,45,Ladislav                                          ,Kovács                                            ,Hungary,Budapest,1025,Up In Arms,Rock,0.99,1.0,0.99
29,2017-02-17,45,Ladislav                                          ,Kovács                                            ,Hungary,Budapest,2462,Eu Disse A Ela,Rock,0.99,1.0,0.99
29,2017-02-17,45,Ladislav                                          ,Kovács                                            ,Hungary,Budapest,3341,Confirmed Dead,Drama,0.99,1.0,0.99
29,2017-02-17,45,Ladislav                                          ,Kovács                                            ,Hungary,Budapest,1626,How Many More Times,Rock,0.99,1.0,0.99
29,2017-02-17,45,Ladislav                                          ,Kovács                                            ,Hungary,Budapest,2395,Get On Top,Rock,0.99,1.0,0.99
29,2017-02-17,45,Ladislav                                          ,Kovács                                            ,Hungary,Budapest,479,Walking Contradiction,Alternative & Punk,0.99,1.0,0.99
30,2017-02-18,46,Hugh                                              ,O'Reilly                                          ,Ireland,Dublin,919,San Francisco Bay Blues,Blues,0.99,1.0,0.99
30,2017-02-18,46,Hugh                                              ,O'Reilly                                          ,Ireland,Dublin,3461,Tears Dry On Their Own,R&B/Soul,0.99,1.0,0.99
30,2017-02-18,46,Hugh                                              ,O'Reilly                                          ,Ireland,Dublin,33,The Other Side,Rock,0.99,1.0,0.99
30,2017-02-18,46,Hugh                                              ,O'Reilly                                          ,Ireland,Dublin,2341,Bê-a-Bá,Alternative & Punk,0.99,1.0,0.99
30,2017-02-18,46,Hugh                                              ,O'Reilly                                          ,Ireland,Dublin,1139,Give Me Novacaine,Alternative & Punk,0.99,1.0,0.99
30,2017-02-18,46,Hugh                                              ,O'Reilly                                          ,Ireland,Dublin,3109,Fall To Pieces,Rock,0.99,1.0,0.99
30,2017-02-18,46,Hugh                                              ,O'Reilly                                          ,Ireland,Dublin,2013,On A Plain,Rock,0.99,1.0,0.99
30,2017-02-18,46,Hugh                                              ,O'Reilly                                          ,Ireland,Dublin,990,No Way Back,Rock,0.99,1.0,0.99
30,2017-02-18,46,Hugh                                              ,O'Reilly                                          ,Ireland,Dublin,2413,Anthem,Rock,0.99,1.0,0.99
30,2017-02-18,46,Hugh                                              ,O'Reilly                                          ,Ireland,Dublin,2396,Californication,Rock,0.99,1.0,0.99
30,2017-02-18,46,Hugh                                              ,O'Reilly                                          ,Ireland,Dublin,3464,He Can Only Hold Her,R&B/Soul,0.99,1.0,0.99
31,2017-02-21,3,François                                          ,Tremblay                                          ,Canada,Montréal,2731,I Can't Explain,Rock,0.99,1.0,0.99
31,2017-02-21,3,François                                          ,Tremblay                                          ,Canada,Montréal,2732,"Anyway, Anyhow, Anywhere",Rock,0.99,1.0,0.99
31,2017-02-21,3,François                                          ,Tremblay                                          ,Canada,Montréal,2733,My Generation,Rock,0.99,1.0,0.99
31,2017-02-21,3,François                                          ,Tremblay                                          ,Canada,Montréal,2734,Substitute,Rock,0.99,1.0,0.99
31,2017-02-21,3,François                                          ,Tremblay                                          ,Canada,Montréal,2735,I'm A Boy,Rock,0.99,1.0,0.99
31,2017-02-21,3,François                                          ,Tremblay                                          ,Canada,Montréal,2736,Boris The Spider,Rock,0.99,1.0,0.99
31,2017-02-21,3,François                                          ,Tremblay                                          ,Canada,Montréal,2737,Happy Jack,Rock,0.99,1.0,0.99
31,2017-02-21,3,François                                          ,Tremblay                                          ,Canada,Montréal,2738,Pictures Of Lily,Rock,0.99,1.0,0.99
31,2017-02-21,3,François                                          ,Tremblay                                          ,Canada,Montréal,2739,I Can See For Miles,Rock,0.99,1.0,0.99
31,2017-02-21,3,François                                          ,Tremblay                                          ,Canada,Montréal,2740,Magic Bus,Rock,0.99,1.0,0.99
31,2017-02-21,3,François                                          ,Tremblay                                          ,Canada,Montréal,2741,Pinball Wizard,Rock,0.99,1.0,0.99
31,2017-02-21,3,François                                          ,Tremblay                                          ,Canada,Montréal,2742,The Seeker,Rock,0.99,1.0,0.99
31,2017-02-21,3,François                                          ,Tremblay                                          ,Canada,Montréal,2743,Baba O'Riley,Rock,0.99,1.0,0.99
31,2017-02-21,3,François                                          ,Tremblay                                          ,Canada,Montréal,2744,Won't Get Fooled Again (Full Length Version),Rock,0.99,1.0,0.99
31,2017-02-21,3,François                                          ,Tremblay                                          ,Canada,Montréal,2745,Let's See Action,Rock,0.99,1.0,0.99
31,2017-02-21,3,François                                          ,Tremblay                                          ,Canada,Montréal,2746,5.15,Rock,0.99,1.0,0.99
31,2017-02-21,3,François                                          ,Tremblay                                          ,Canada,Montréal,2747,Join Together,Rock,0.99,1.0,0.99
31,2017-02-21,3,François                                          ,Tremblay                                          ,Canada,Montréal,2748,Squeeze Box,Rock,0.99,1.0,0.99
31,2017-02-21,3,François                                          ,Tremblay                                          ,Canada,Montréal,2749,Who Are You (Single Edit Version),Rock,0.99,1.0,0.99
31,2017-02-21,3,François                                          ,Tremblay                                          ,Canada,Montréal,2750,You Better You Bet,Rock,0.99,1.0,0.99
32,2017-02-21,30,Edward                                            ,Francis                                           ,Canada,Ottawa,38,All I Really Want,Rock,0.99,1.0,0.99
32,2017-02-21,30,Edward                                            ,Francis                                           ,Canada,Ottawa,39,You Oughta Know,Rock,0.99,1.0,0.99
32,2017-02-21,30,Edward                                            ,Francis                                           ,Canada,Ottawa,40,Perfect,Rock,0.99,1.0,0.99
32,2017-02-21,30,Edward                                            ,Francis                                           ,Canada,Ottawa,41,Hand In My Pocket,Rock,0.99,1.0,0.99
32,2017-02-21,30,Edward                                            ,Francis                                           ,Canada,Ottawa,42,Right Through You,Rock,0.99,1.0,0.99
32,2017-02-21,30,Edward                                            ,Francis                                           ,Canada,Ottawa,43,Forgiven,Rock,0.99,1.0,0.99
32,2017-02-21,30,Edward                                            ,Francis                                           ,Canada,Ottawa,44,You Learn,Rock,0.99,1.0,0.99
32,2017-02-21,30,Edward                                            ,Francis                                           ,Canada,Ottawa,45,Head Over Feet,Rock,0.99,1.0,0.99
32,2017-02-21,30,Edward                                            ,Francis                                           ,Canada,Ottawa,46,Mary Jane,Rock,0.99,1.0,0.99
32,2017-02-21,30,Edward                                            ,Francis                                           ,Canada,Ottawa,47,Ironic,Rock,0.99,1.0,0.99
32,2017-02-21,30,Edward                                            ,Francis                                           ,Canada,Ottawa,48,Not The Doctor,Rock,0.99,1.0,0.99
32,2017-02-21,30,Edward                                            ,Francis                                           ,Canada,Ottawa,49,Wake Up,Rock,0.99,1.0,0.99
32,2017-02-21,30,Edward                                            ,Francis                                           ,Canada,Ottawa,50,You Oughta Know (Alternate),Rock,0.99,1.0,0.99
33,2017-02-21,58,Manoj                                             ,Pareek                                            ,India,Delhi,3307,House Of Pain Anthem,Hip Hop/Rap,0.99,1.0,0.99
33,2017-02-21,58,Manoj                                             ,Pareek                                            ,India,Delhi,2736,Boris The Spider,Rock,0.99,1.0,0.99
33,2017-02-21,58,Manoj                                             ,Pareek                                            ,India,Delhi,2542,Dead And Bloated,Rock,0.99,1.0,0.99
33,2017-02-21,58,Manoj                                             ,Pareek                                            ,India,Delhi,2697,I Go Wild,Rock,0.99,1.0,0.99
34,2017-02-23,33,Ellie                                             ,Sullivan                                          ,Canada,Yellowknife,610,My Funny Valentine (Live),Jazz,0.99,1.0,0.99
35,2017-02-25,34,João                                              ,Fernandes                                         ,Portugal,Lisbon,2377,This Is The Place,Rock,0.99,1.0,0.99
35,2017-02-25,34,João                                              ,Fernandes                                         ,Portugal,Lisbon,80,The Unforgiven,Metal,0.99,1.0,0.99
35,2017-02-25,34,João                                              ,Fernandes                                         ,Portugal,Lisbon,836,Make Love Like A Man,Rock,0.99,1.0,0.99
35,2017-02-25,34,João                                              ,Fernandes                                         ,Portugal,Lisbon,6,Put The Finger On You,Rock,0.99,1.0,0.99
35,2017-02-25,34,João                                              ,Fernandes                                         ,Portugal,Lisbon,3475,What Is It About Men,Pop,0.99,1.0,0.99
36,2017-02-27,51,Joakim                                            ,Johansson                                         ,Sweden,Stockholm,1582,Stairway To Heaven,Rock,0.99,1.0,0.99
36,2017-02-27,51,Joakim                                            ,Johansson                                         ,Sweden,Stockholm,968,Zombie Eaters,Alternative & Punk,0.99,1.0,0.99
36,2017-02-27,51,Joakim                                            ,Johansson                                         ,Sweden,Stockholm,2233,Money,Rock,0.99,1.0,0.99
36,2017-02-27,51,Joakim                                            ,Johansson                                         ,Sweden,Stockholm,153,Evil Woman,Metal,0.99,1.0,0.99
36,2017-02-27,51,Joakim                                            ,Johansson                                         ,Sweden,Stockholm,1493,51st Anniversary,Rock,0.99,1.0,0.99
36,2017-02-27,51,Joakim                                            ,Johansson                                         ,Sweden,Stockholm,2656,Every Little Thing She Does is Magic,Rock,0.99,1.0,0.99
36,2017-02-27,51,Joakim                                            ,Johansson                                         ,Sweden,Stockholm,1168,The Garden,Rock,0.99,1.0,0.99
37,2017-03-05,59,Puja                                              ,Srivastava                                        ,India,Bangalore,3458,Just Friends,R&B/Soul,0.99,1.0,0.99
37,2017-03-05,59,Puja                                              ,Srivastava                                        ,India,Bangalore,1428,Get Up Offa That Thing,R&B/Soul,0.99,1.0,0.99
37,2017-03-05,59,Puja                                              ,Srivastava                                        ,India,Bangalore,3329,Na Ladeira,Electronica/Dance,0.99,1.0,0.99
37,2017-03-05,59,Puja                                              ,Srivastava                                        ,India,Bangalore,698,Good Golly Miss Molly,Rock,0.99,1.0,0.99
37,2017-03-05,59,Puja                                              ,Srivastava                                        ,India,Bangalore,1014,Tired Of You,Alternative & Punk,0.99,1.0,0.99
37,2017-03-05,59,Puja                                              ,Srivastava                                        ,India,Bangalore,3336,War Pigs,Alternative,0.99,1.0,0.99
37,2017-03-05,59,Puja                                              ,Srivastava                                        ,India,Bangalore,3297,Tease Me Please Me,Rock,0.99,1.0,0.99
37,2017-03-05,59,Puja                                              ,Srivastava                                        ,India,Bangalore,1166,Double Talkin' Jive,Rock,0.99,1.0,0.99
37,2017-03-05,59,Puja                                              ,Srivastava                                        ,India,Bangalore,3392,Until We Fall,Alternative,0.99,1.0,0.99
37,2017-03-05,59,Puja                                              ,Srivastava                                        ,India,Bangalore,1763,De Noite Na Cama,Latin,0.99,1.0,0.99
38,2017-03-05,49,Stanisław                                         ,Wójcik                                            ,Poland,Warsaw,2960,Silver And Gold,Rock,0.99,1.0,0.99
38,2017-03-05,49,Stanisław                                         ,Wójcik                                            ,Poland,Warsaw,154,Sleeping Village,Metal,0.99,1.0,0.99
38,2017-03-05,49,Stanisław                                         ,Wójcik                                            ,Poland,Warsaw,3272,Gimme Some Truth,Pop,0.99,1.0,0.99
38,2017-03-05,49,Stanisław                                         ,Wójcik                                            ,Poland,Warsaw,2557,Cigaro,Metal,0.99,1.0,0.99
38,2017-03-05,49,Stanisław                                         ,Wójcik                                            ,Poland,Warsaw,1566,Domino,Rock,0.99,1.0,0.99
38,2017-03-05,49,Stanisław                                         ,Wójcik                                            ,Poland,Warsaw,1472,Radio Song,Alternative & Punk,0.99,1.0,0.99
38,2017-03-05,49,Stanisław                                         ,Wójcik                                            ,Poland,Warsaw,3409,"Suite for Solo Cello No. 1 in G Major, BWV 1007: I. Prélude",Classical,0.99,1.0,0.99
39,2017-03-12,39,Camille                                           ,Bernard                                           ,France,Paris,2308,Low Desert,Rock,0.99,1.0,0.99
39,2017-03-12,39,Camille                                           ,Bernard                                           ,France,Paris,1669,Moby Dick,Rock,0.99,1.0,0.99
39,2017-03-12,39,Camille                                           ,Bernard                                           ,France,Paris,2415,2112 Overture,Rock,0.99,1.0,0.99
39,2017-03-12,39,Camille                                           ,Bernard                                           ,France,Paris,3142,The Deeper The Love,Metal,0.99,1.0,0.99
39,2017-03-12,39,Camille                                           ,Bernard                                           ,France,Paris,3366,Reach Down,Alternative,0.99,1.0,0.99
39,2017-03-12,39,Camille                                           ,Bernard                                           ,France,Paris,184,Chemical Wedding,Metal,0.99,1.0,0.99
39,2017-03-12,39,Camille                                           ,Bernard                                           ,France,Paris,2519,Burden In My Hand,Rock,0.99,1.0,0.99
39,2017-03-12,39,Camille                                           ,Bernard                                           ,France,Paris,3424,"Turandot, Act III, Nessun dorma!",Classical,0.99,1.0,0.99
40,2017-03-13,37,Fynn                                              ,Zimmermann                                        ,Germany,Frankfurt,2382,I Could Die For You,Rock,0.99,1.0,0.99
40,2017-03-13,37,Fynn                                              ,Zimmermann                                        ,Germany,Frankfurt,2654,Don't Stand so Close to Me,Rock,0.99,1.0,0.99
40,2017-03-13,37,Fynn                                              ,Zimmermann                                        ,Germany,Frankfurt,2556,Revenga,Metal,0.99,1.0,0.99
40,2017-03-13,37,Fynn                                              ,Zimmermann                                        ,Germany,Frankfurt,108,Dandelion,Alternative & Punk,0.99,1.0,0.99
40,2017-03-13,37,Fynn                                              ,Zimmermann                                        ,Germany,Frankfurt,553,Houses Of The Holy,Rock,0.99,1.0,0.99
40,2017-03-13,37,Fynn                                              ,Zimmermann                                        ,Germany,Frankfurt,2737,Happy Jack,Rock,0.99,1.0,0.99
40,2017-03-13,37,Fynn                                              ,Zimmermann                                        ,Germany,Frankfurt,686,Up Around The Bend,Rock,0.99,1.0,0.99
40,2017-03-13,37,Fynn                                              ,Zimmermann                                        ,Germany,Frankfurt,1626,How Many More Times,Rock,0.99,1.0,0.99
40,2017-03-13,37,Fynn                                              ,Zimmermann                                        ,Germany,Frankfurt,3460,Love Is a Losing Game,R&B/Soul,0.99,1.0,0.99
40,2017-03-13,37,Fynn                                              ,Zimmermann                                        ,Germany,Frankfurt,2237,Eclipse,Rock,0.99,1.0,0.99
41,2017-03-17,50,Enrique                                           ,Muñoz                                             ,Spain,Madrid,153,Evil Woman,Metal,0.99,1.0,0.99
41,2017-03-17,50,Enrique                                           ,Muñoz                                             ,Spain,Madrid,3457,Me & Mr. Jones,R&B/Soul,0.99,1.0,0.99
41,2017-03-17,50,Enrique                                           ,Muñoz                                             ,Spain,Madrid,2511,Jesus Christ Pose,Rock,0.99,1.0,0.99
41,2017-03-17,50,Enrique                                           ,Muñoz                                             ,Spain,Madrid,2698,Brand New Car,Rock,0.99,1.0,0.99
41,2017-03-17,50,Enrique                                           ,Muñoz                                             ,Spain,Madrid,2945,Peace On Earth,Rock,0.99,1.0,0.99
41,2017-03-17,50,Enrique                                           ,Muñoz                                             ,Spain,Madrid,1947,(We Are) The Road Crew,Metal,0.99,1.0,0.99
41,2017-03-17,50,Enrique                                           ,Muñoz                                             ,Spain,Madrid,3336,War Pigs,Alternative,0.99,1.0,0.99
41,2017-03-17,50,Enrique                                           ,Muñoz                                             ,Spain,Madrid,773,Perfect Strangers,Rock,0.99,1.0,0.99
42,2017-03-18,19,Tim                                               ,Goyer                                             ,USA,Cupertino,2646,I Looked At You,Rock,0.99,1.0,0.99
42,2017-03-18,19,Tim                                               ,Goyer                                             ,USA,Cupertino,3074,When It's Love,Rock,0.99,1.0,0.99
42,2017-03-18,19,Tim                                               ,Goyer                                             ,USA,Cupertino,711,Molina,Rock,0.99,1.0,0.99
42,2017-03-18,19,Tim                                               ,Goyer                                             ,USA,Cupertino,13,Night Of The Long Knives,Rock,0.99,1.0,0.99
42,2017-03-18,19,Tim                                               ,Goyer                                             ,USA,Cupertino,1047,The Best Is Yet To Come,Easy Listening,0.99,1.0,0.99
42,2017-03-18,19,Tim                                               ,Goyer                                             ,USA,Cupertino,699,Tombstone Shadow,Rock,0.99,1.0,0.99
42,2017-03-18,19,Tim                                               ,Goyer                                             ,USA,Cupertino,580,El Farol,Rock,0.99,1.0,0.99
42,2017-03-18,19,Tim                                               ,Goyer                                             ,USA,Cupertino,897,White Room,Blues,0.99,1.0,0.99
42,2017-03-18,19,Tim                                               ,Goyer                                             ,USA,Cupertino,153,Evil Woman,Metal,0.99,1.0,0.99
43,2017-03-19,22,Heather                                           ,Leacock                                           ,USA,Orlando,918,Alberta,Blues,0.99,1.0,0.99
43,2017-03-19,22,Heather                                           ,Leacock                                           ,USA,Orlando,2342,Cajueiro,Alternative & Punk,0.99,1.0,0.99
43,2017-03-19,22,Heather                                           ,Leacock                                           ,USA,Orlando,1162,Perfect Crime,Rock,0.99,1.0,0.99
43,2017-03-19,22,Heather                                           ,Leacock                                           ,USA,Orlando,1654,Sick Again,Rock,0.99,1.0,0.99
43,2017-03-19,22,Heather                                           ,Leacock                                           ,USA,Orlando,1768,Dança Da Solidão,Latin,0.99,1.0,0.99
43,2017-03-19,22,Heather                                           ,Leacock                                           ,USA,Orlando,2641,The Crystal Ship,Rock,0.99,1.0,0.99
43,2017-03-19,22,Heather                                           ,Leacock                                           ,USA,Orlando,1997,Milk It,Rock,0.99,1.0,0.99
44,2017-03-20,21,Kathy                                             ,Chase                                             ,USA,Reno,3052,Where Have All The Good Times Gone?,Rock,0.99,1.0,0.99
44,2017-03-20,21,Kathy                                             ,Chase                                             ,USA,Reno,3053,Hang 'Em High,Rock,0.99,1.0,0.99
44,2017-03-20,21,Kathy                                             ,Chase                                             ,USA,Reno,3054,Cathedral,Rock,0.99,1.0,0.99
44,2017-03-20,21,Kathy                                             ,Chase                                             ,USA,Reno,3055,Secrets,Rock,0.99,1.0,0.99
44,2017-03-20,21,Kathy                                             ,Chase                                             ,USA,Reno,3056,Intruder,Rock,0.99,1.0,0.99
44,2017-03-20,21,Kathy                                             ,Chase                                             ,USA,Reno,3057,(Oh) Pretty Woman,Rock,0.99,1.0,0.99
44,2017-03-20,21,Kathy                                             ,Chase                                             ,USA,Reno,3058,Dancing In The Street,Rock,0.99,1.0,0.99
44,2017-03-20,21,Kathy                                             ,Chase                                             ,USA,Reno,3059,Little Guitars (Intro),Rock,0.99,1.0,0.99
44,2017-03-20,21,Kathy                                             ,Chase                                             ,USA,Reno,3060,Little Guitars,Rock,0.99,1.0,0.99
44,2017-03-20,21,Kathy                                             ,Chase                                             ,USA,Reno,3061,Big Bad Bill (Is Sweet William Now),Rock,0.99,1.0,0.99
44,2017-03-20,21,Kathy                                             ,Chase                                             ,USA,Reno,3062,The Full Bug,Rock,0.99,1.0,0.99
44,2017-03-20,21,Kathy                                             ,Chase                                             ,USA,Reno,3063,Happy Trails,Rock,0.99,1.0,0.99
45,2017-03-24,36,Hannah                                            ,Schneider                                         ,Germany,Berlin,1890,The Unnamed Feeling,Metal,0.99,1.0,0.99
45,2017-03-24,36,Hannah                                            ,Schneider                                         ,Germany,Berlin,1787,You Sure Love To Ball,R&B/Soul,0.99,1.0,0.99
45,2017-03-24,36,Hannah                                            ,Schneider                                         ,Germany,Berlin,2731,I Can't Explain,Rock,0.99,1.0,0.99
45,2017-03-24,36,Hannah                                            ,Schneider                                         ,Germany,Berlin,2649,The End,Rock,0.99,1.0,0.99
45,2017-03-24,36,Hannah                                            ,Schneider                                         ,Germany,Berlin,102,Doesn't Remind Me,Alternative & Punk,0.99,1.0,0.99
45,2017-03-24,36,Hannah                                            ,Schneider                                         ,Germany,Berlin,158,Changes,Metal,0.99,1.0,0.99
45,2017-03-24,36,Hannah                                            ,Schneider                                         ,Germany,Berlin,1976,Same Ol' Situation,Metal,0.99,1.0,0.99
45,2017-03-24,36,Hannah                                            ,Schneider                                         ,Germany,Berlin,1837,Seek & Destroy,Metal,0.99,1.0,0.99
46,2017-03-24,4,Bjørn                                             ,Hansen                                            ,Norway,Oslo,2639,Break on Through,Rock,0.99,1.0,0.99
46,2017-03-24,4,Bjørn                                             ,Hansen                                            ,Norway,Oslo,2640,Soul Kitchen,Rock,0.99,1.0,0.99
46,2017-03-24,4,Bjørn                                             ,Hansen                                            ,Norway,Oslo,2641,The Crystal Ship,Rock,0.99,1.0,0.99
46,2017-03-24,4,Bjørn                                             ,Hansen                                            ,Norway,Oslo,2642,Twentienth Century Fox,Rock,0.99,1.0,0.99
46,2017-03-24,4,Bjørn                                             ,Hansen                                            ,Norway,Oslo,2643,Alabama Song,Rock,0.99,1.0,0.99
46,2017-03-24,4,Bjørn                                             ,Hansen                                            ,Norway,Oslo,2644,Light My Fire,Rock,0.99,1.0,0.99
46,2017-03-24,4,Bjørn                                             ,Hansen                                            ,Norway,Oslo,2645,Back Door Man,Rock,0.99,1.0,0.99
46,2017-03-24,4,Bjørn                                             ,Hansen                                            ,Norway,Oslo,2646,I Looked At You,Rock,0.99,1.0,0.99
46,2017-03-24,4,Bjørn                                             ,Hansen                                            ,Norway,Oslo,2647,End Of The Night,Rock,0.99,1.0,0.99
46,2017-03-24,4,Bjørn                                             ,Hansen                                            ,Norway,Oslo,2648,Take It As It Comes,Rock,0.99,1.0,0.99
46,2017-03-24,4,Bjørn                                             ,Hansen                                            ,Norway,Oslo,2649,The End,Rock,0.99,1.0,0.99
47,2017-03-25,57,Luis                                              ,Rojas                                             ,Chile,Santiago,3396,Shape of Things to Come,Alternative,0.99,1.0,0.99
47,2017-03-25,57,Luis                                              ,Rojas                                             ,Chile,Santiago,2518,Pretty Noose,Rock,0.99,1.0,0.99
47,2017-03-25,57,Luis                                              ,Rojas                                             ,Chile,Santiago,2095,Crazy Train,Rock,0.99,1.0,0.99
47,2017-03-25,57,Luis                                              ,Rojas                                             ,Chile,Santiago,449,Calling Dr. Love,Rock,0.99,1.0,0.99
47,2017-03-25,57,Luis                                              ,Rojas                                             ,Chile,Santiago,478,Jaded,Alternative & Punk,0.99,1.0,0.99
47,2017-03-25,57,Luis                                              ,Rojas                                             ,Chile,Santiago,8,Inject The Venom,Rock,0.99,1.0,0.99
48,2017-03-28,44,Terhi                                             ,Hämäläinen                                        ,Finland,Helsinki,2210,Blood,Rock,0.99,1.0,0.99
48,2017-03-28,44,Terhi                                             ,Hämäläinen                                        ,Finland,Helsinki,427,Who Wants To Live Forever,Rock,0.99,1.0,0.99
48,2017-03-28,44,Terhi                                             ,Hämäläinen                                        ,Finland,Helsinki,1167,November Rain,Rock,0.99,1.0,0.99
48,2017-03-28,44,Terhi                                             ,Hämäläinen                                        ,Finland,Helsinki,58,Sunshine,Rock,0.99,1.0,0.99
49,2017-03-30,10,Eduardo                                           ,Martins                                           ,Brazil,São Paulo,2561,Question!,Metal,0.99,1.0,0.99
49,2017-03-30,10,Eduardo                                           ,Martins                                           ,Brazil,São Paulo,1877,Fade To Black,Metal,0.99,1.0,0.99
49,2017-03-30,10,Eduardo                                           ,Martins                                           ,Brazil,São Paulo,146,Like A Bird,Metal,0.99,1.0,0.99
49,2017-03-30,10,Eduardo                                           ,Martins                                           ,Brazil,São Paulo,1162,Perfect Crime,Rock,0.99,1.0,0.99
49,2017-03-30,10,Eduardo                                           ,Martins                                           ,Brazil,São Paulo,146,Like A Bird,Metal,0.99,1.0,0.99
50,2017-04-02,18,Michelle                                          ,Brooks                                            ,USA,New York,1905,My Ship,Jazz,0.99,1.0,0.99
50,2017-04-02,18,Michelle                                          ,Brooks                                            ,USA,New York,2155,MFC,Rock,0.99,1.0,0.99
50,2017-04-02,18,Michelle                                          ,Brooks                                            ,USA,New York,3388,You Know My Name,Alternative,0.99,1.0,0.99
50,2017-04-02,18,Michelle                                          ,Brooks                                            ,USA,New York,2455,Maquinarama,Rock,0.99,1.0,0.99
50,2017-04-02,18,Michelle                                          ,Brooks                                            ,USA,New York,1794,Everything I Need,Rock,0.99,1.0,0.99
50,2017-04-02,18,Michelle                                          ,Brooks                                            ,USA,New York,1511,País Tropical,Latin,0.99,1.0,0.99
50,2017-04-02,18,Michelle                                          ,Brooks                                            ,USA,New York,3455,Rehab,R&B/Soul,0.99,1.0,0.99
51,2017-04-03,19,Tim                                               ,Goyer                                             ,USA,Cupertino,2265,Good Old-Fashioned Lover Boy,Rock,0.99,1.0,0.99
51,2017-04-03,19,Tim                                               ,Goyer                                             ,USA,Cupertino,2171,Unemployable,Alternative & Punk,0.99,1.0,0.99
51,2017-04-03,19,Tim                                               ,Goyer                                             ,USA,Cupertino,692,Hey Tonight,Rock,0.99,1.0,0.99
51,2017-04-03,19,Tim                                               ,Goyer                                             ,USA,Cupertino,3046,Higher Ground,Reggae,0.99,1.0,0.99
51,2017-04-03,19,Tim                                               ,Goyer                                             ,USA,Cupertino,1184,Estranged,Metal,0.99,1.0,0.99
51,2017-04-03,19,Tim                                               ,Goyer                                             ,USA,Cupertino,126,Moon germs,Jazz,0.99,1.0,0.99
51,2017-04-03,19,Tim                                               ,Goyer                                             ,USA,Cupertino,475,J.A.R. (Jason Andrew Relva),Alternative & Punk,0.99,1.0,0.99
51,2017-04-03,19,Tim                                               ,Goyer                                             ,USA,Cupertino,34,Crazy,Rock,0.99,1.0,0.99
52,2017-04-11,19,Tim                                               ,Goyer                                             ,USA,Cupertino,2664,Time Is On My Side,Rock,0.99,1.0,0.99
52,2017-04-11,19,Tim                                               ,Goyer                                             ,USA,Cupertino,2665,Heart Of Stone,Rock,0.99,1.0,0.99
52,2017-04-11,19,Tim                                               ,Goyer                                             ,USA,Cupertino,2666,Play With Fire,Rock,0.99,1.0,0.99
52,2017-04-11,19,Tim                                               ,Goyer                                             ,USA,Cupertino,2667,Satisfaction,Rock,0.99,1.0,0.99
52,2017-04-11,19,Tim                                               ,Goyer                                             ,USA,Cupertino,2668,As Tears Go By,Rock,0.99,1.0,0.99
52,2017-04-11,19,Tim                                               ,Goyer                                             ,USA,Cupertino,2669,Get Off Of My Cloud,Rock,0.99,1.0,0.99
52,2017-04-11,19,Tim                                               ,Goyer                                             ,USA,Cupertino,2670,Mother's Little Helper,Rock,0.99,1.0,0.99
52,2017-04-11,19,Tim                                               ,Goyer                                             ,USA,Cupertino,2671,19th Nervous Breakdown,Rock,0.99,1.0,0.99
52,2017-04-11,19,Tim                                               ,Goyer                                             ,USA,Cupertino,2672,Paint It Black,Rock,0.99,1.0,0.99
52,2017-04-11,19,Tim                                               ,Goyer                                             ,USA,Cupertino,2673,Under My Thumb,Rock,0.99,1.0,0.99
52,2017-04-11,19,Tim                                               ,Goyer                                             ,USA,Cupertino,2674,Ruby Tuesday,Rock,0.99,1.0,0.99
52,2017-04-11,19,Tim                                               ,Goyer                                             ,USA,Cupertino,2675,Let's Spend The Night Together,Rock,0.99,1.0,0.99
53,2017-04-12,43,Isabelle                                          ,Mercier                                           ,France,Dijon,1551,The Hellion,Metal,0.99,1.0,0.99
53,2017-04-12,43,Isabelle                                          ,Mercier                                           ,France,Dijon,207,Meditação,Latin,0.99,1.0,0.99
53,2017-04-12,43,Isabelle                                          ,Mercier                                           ,France,Dijon,1846,Cure,Metal,0.99,1.0,0.99
54,2017-04-13,26,Richard                                           ,Cunningham                                        ,USA,Fort Worth,1773,Wherever I Lay My Hat,R&B/Soul,0.99,1.0,0.99
54,2017-04-13,26,Richard                                           ,Cunningham                                        ,USA,Fort Worth,1774,Get My Hands On Some Lovin',R&B/Soul,0.99,1.0,0.99
54,2017-04-13,26,Richard                                           ,Cunningham                                        ,USA,Fort Worth,1775,No Good Without You,R&B/Soul,0.99,1.0,0.99
54,2017-04-13,26,Richard                                           ,Cunningham                                        ,USA,Fort Worth,1776,You've Been A Long Time Coming,R&B/Soul,0.99,1.0,0.99
54,2017-04-13,26,Richard                                           ,Cunningham                                        ,USA,Fort Worth,1777,When I Had Your Love,R&B/Soul,0.99,1.0,0.99
54,2017-04-13,26,Richard                                           ,Cunningham                                        ,USA,Fort Worth,1778,You're What's Happening (In The World Today),R&B/Soul,0.99,1.0,0.99
54,2017-04-13,26,Richard                                           ,Cunningham                                        ,USA,Fort Worth,1779,Loving You Is Sweeter Than Ever,R&B/Soul,0.99,1.0,0.99
54,2017-04-13,26,Richard                                           ,Cunningham                                        ,USA,Fort Worth,1780,It's A Bitter Pill To Swallow,R&B/Soul,0.99,1.0,0.99
54,2017-04-13,26,Richard                                           ,Cunningham                                        ,USA,Fort Worth,1781,Seek And You Shall Find,R&B/Soul,0.99,1.0,0.99
54,2017-04-13,26,Richard                                           ,Cunningham                                        ,USA,Fort Worth,1782,Gonna Keep On Tryin' Till I Win Your Love,R&B/Soul,0.99,1.0,0.99
54,2017-04-13,26,Richard                                           ,Cunningham                                        ,USA,Fort Worth,1783,Gonna Give Her All The Love I've Got,R&B/Soul,0.99,1.0,0.99
54,2017-04-13,26,Richard                                           ,Cunningham                                        ,USA,Fort Worth,1784,I Wish It Would Rain,R&B/Soul,0.99,1.0,0.99
54,2017-04-13,26,Richard                                           ,Cunningham                                        ,USA,Fort Worth,1785,"Abraham, Martin And John",R&B/Soul,0.99,1.0,0.99
54,2017-04-13,26,Richard                                           ,Cunningham                                        ,USA,Fort Worth,1786,Save The Children,R&B/Soul,0.99,1.0,0.99
54,2017-04-13,26,Richard                                           ,Cunningham                                        ,USA,Fort Worth,1787,You Sure Love To Ball,R&B/Soul,0.99,1.0,0.99
54,2017-04-13,26,Richard                                           ,Cunningham                                        ,USA,Fort Worth,1788,Ego Tripping Out,R&B/Soul,0.99,1.0,0.99
54,2017-04-13,26,Richard                                           ,Cunningham                                        ,USA,Fort Worth,1789,Praise,R&B/Soul,0.99,1.0,0.99
54,2017-04-13,26,Richard                                           ,Cunningham                                        ,USA,Fort Worth,1790,Heavy Love Affair,R&B/Soul,0.99,1.0,0.99
55,2017-04-16,33,Ellie                                             ,Sullivan                                          ,Canada,Yellowknife,1552,Electric Eye,Metal,0.99,1.0,0.99
55,2017-04-16,33,Ellie                                             ,Sullivan                                          ,Canada,Yellowknife,2672,Paint It Black,Rock,0.99,1.0,0.99
55,2017-04-16,33,Ellie                                             ,Sullivan                                          ,Canada,Yellowknife,2006,Breed,Rock,0.99,1.0,0.99
55,2017-04-16,33,Ellie                                             ,Sullivan                                          ,Canada,Yellowknife,2453,Canção Noturna,Rock,0.99,1.0,0.99
55,2017-04-16,33,Ellie                                             ,Sullivan                                          ,Canada,Yellowknife,548,Smoke On The Water,Rock,0.99,1.0,0.99
55,2017-04-16,33,Ellie                                             ,Sullivan                                          ,Canada,Yellowknife,349,You Shook Me(2),Rock,0.99,1.0,0.99
55,2017-04-16,33,Ellie                                             ,Sullivan                                          ,Canada,Yellowknife,2552,Crackerman,Rock,0.99,1.0,0.99
55,2017-04-16,33,Ellie                                             ,Sullivan                                          ,Canada,Yellowknife,2675,Let's Spend The Night Together,Rock,0.99,1.0,0.99
55,2017-04-16,33,Ellie                                             ,Sullivan                                          ,Canada,Yellowknife,155,Warning,Metal,0.99,1.0,0.99
55,2017-04-16,33,Ellie                                             ,Sullivan                                          ,Canada,Yellowknife,481,Hitchin' A Ride,Alternative & Punk,0.99,1.0,0.99
56,2017-04-22,34,João                                              ,Fernandes                                         ,Portugal,Lisbon,2254,Bohemian Rhapsody,Rock,0.99,1.0,0.99
56,2017-04-22,34,João                                              ,Fernandes                                         ,Portugal,Lisbon,2255,Another One Bites The Dust,Rock,0.99,1.0,0.99
56,2017-04-22,34,João                                              ,Fernandes                                         ,Portugal,Lisbon,2256,Killer Queen,Rock,0.99,1.0,0.99
56,2017-04-22,34,João                                              ,Fernandes                                         ,Portugal,Lisbon,2257,Fat Bottomed Girls,Rock,0.99,1.0,0.99
56,2017-04-22,34,João                                              ,Fernandes                                         ,Portugal,Lisbon,2258,Bicycle Race,Rock,0.99,1.0,0.99
56,2017-04-22,34,João                                              ,Fernandes                                         ,Portugal,Lisbon,2259,You're My Best Friend,Rock,0.99,1.0,0.99
56,2017-04-22,34,João                                              ,Fernandes                                         ,Portugal,Lisbon,2260,Don't Stop Me Now,Rock,0.99,1.0,0.99
56,2017-04-22,34,João                                              ,Fernandes                                         ,Portugal,Lisbon,2261,Save Me,Rock,0.99,1.0,0.99
56,2017-04-22,34,João                                              ,Fernandes                                         ,Portugal,Lisbon,2262,Crazy Little Thing Called Love,Rock,0.99,1.0,0.99
56,2017-04-22,34,João                                              ,Fernandes                                         ,Portugal,Lisbon,2263,Somebody To Love,Rock,0.99,1.0,0.99
56,2017-04-22,34,João                                              ,Fernandes                                         ,Portugal,Lisbon,2264,Now I'm Here,Rock,0.99,1.0,0.99
56,2017-04-22,34,João                                              ,Fernandes                                         ,Portugal,Lisbon,2265,Good Old-Fashioned Lover Boy,Rock,0.99,1.0,0.99
56,2017-04-22,34,João                                              ,Fernandes                                         ,Portugal,Lisbon,2266,Play The Game,Rock,0.99,1.0,0.99
56,2017-04-22,34,João                                              ,Fernandes                                         ,Portugal,Lisbon,2267,Flash,Rock,0.99,1.0,0.99
56,2017-04-22,34,João                                              ,Fernandes                                         ,Portugal,Lisbon,2268,Seven Seas Of Rhye,Rock,0.99,1.0,0.99
56,2017-04-22,34,João                                              ,Fernandes                                         ,Portugal,Lisbon,2269,We Will Rock You,Rock,0.99,1.0,0.99
56,2017-04-22,34,João                                              ,Fernandes                                         ,Portugal,Lisbon,2270,We Are The Champions,Rock,0.99,1.0,0.99
57,2017-04-22,19,Tim                                               ,Goyer                                             ,USA,Cupertino,2948,Grace,Rock,0.99,1.0,0.99
58,2017-04-23,9,Kara                                              ,Nielsen                                           ,Denmark,Copenhagen,1029,February Stars,Rock,0.99,1.0,0.99
58,2017-04-23,9,Kara                                              ,Nielsen                                           ,Denmark,Copenhagen,2644,Light My Fire,Rock,0.99,1.0,0.99
58,2017-04-23,9,Kara                                              ,Nielsen                                           ,Denmark,Copenhagen,2395,Get On Top,Rock,0.99,1.0,0.99
58,2017-04-23,9,Kara                                              ,Nielsen                                           ,Denmark,Copenhagen,2669,Get Off Of My Cloud,Rock,0.99,1.0,0.99
58,2017-04-23,9,Kara                                              ,Nielsen                                           ,Denmark,Copenhagen,2630,Edie (Ciao Baby),Rock,0.99,1.0,0.99
58,2017-04-23,9,Kara                                              ,Nielsen                                           ,Denmark,Copenhagen,1745,Pseudo Silk Kimono,Rock,0.99,1.0,0.99
59,2017-04-24,38,Niklas                                            ,Schröder                                          ,Germany,Berlin,449,Calling Dr. Love,Rock,0.99,1.0,0.99
59,2017-04-24,38,Niklas                                            ,Schröder                                          ,Germany,Berlin,3491,Le Sacre Du Printemps: I.iv. Spring Rounds,Classical,0.99,1.0,0.99
59,2017-04-24,38,Niklas                                            ,Schröder                                          ,Germany,Berlin,1053,"Bad, Bad Leroy Brown",Easy Listening,0.99,1.0,0.99
59,2017-04-24,38,Niklas                                            ,Schröder                                          ,Germany,Berlin,2640,Soul Kitchen,Rock,0.99,1.0,0.99
59,2017-04-24,38,Niklas                                            ,Schröder                                          ,Germany,Berlin,2563,Old School Hollywood,Metal,0.99,1.0,0.99
59,2017-04-24,38,Niklas                                            ,Schröder                                          ,Germany,Berlin,2731,I Can't Explain,Rock,0.99,1.0,0.99
59,2017-04-24,38,Niklas                                            ,Schröder                                          ,Germany,Berlin,1123,Changes,Metal,0.99,1.0,0.99
59,2017-04-24,38,Niklas                                            ,Schröder                                          ,Germany,Berlin,198,When My Left Eye Jumps,Blues,0.99,1.0,0.99
59,2017-04-24,38,Niklas                                            ,Schröder                                          ,Germany,Berlin,3336,War Pigs,Alternative,0.99,1.0,0.99
59,2017-04-24,38,Niklas                                            ,Schröder                                          ,Germany,Berlin,1463,Journey To Arnhemland,Electronica/Dance,0.99,1.0,0.99
59,2017-04-24,38,Niklas                                            ,Schröder                                          ,Germany,Berlin,3390,One and the Same,Alternative,0.99,1.0,0.99
60,2017-04-24,15,Jennifer                                          ,Peterson                                          ,Canada,Vancouver,479,Walking Contradiction,Alternative & Punk,0.99,1.0,0.99
60,2017-04-24,15,Jennifer                                          ,Peterson                                          ,Canada,Vancouver,1875,Ride The Lightning,Metal,0.99,1.0,0.99
60,2017-04-24,15,Jennifer                                          ,Peterson                                          ,Canada,Vancouver,544,Stormbringer,Rock,0.99,1.0,0.99
60,2017-04-24,15,Jennifer                                          ,Peterson                                          ,Canada,Vancouver,1030,Everlong,Rock,0.99,1.0,0.99
60,2017-04-24,15,Jennifer                                          ,Peterson                                          ,Canada,Vancouver,2416,The Temples Of Syrinx,Rock,0.99,1.0,0.99
60,2017-04-24,15,Jennifer                                          ,Peterson                                          ,Canada,Vancouver,1167,November Rain,Rock,0.99,1.0,0.99
60,2017-04-24,15,Jennifer                                          ,Peterson                                          ,Canada,Vancouver,1826,Damage Case,Metal,0.99,1.0,0.99
60,2017-04-24,15,Jennifer                                          ,Peterson                                          ,Canada,Vancouver,46,Mary Jane,Rock,0.99,1.0,0.99
61,2017-04-24,59,Puja                                              ,Srivastava                                        ,India,Bangalore,2609,War (The Process),Rock,0.99,1.0,0.99
61,2017-04-24,59,Puja                                              ,Srivastava                                        ,India,Bangalore,2610,The Saint,Rock,0.99,1.0,0.99
61,2017-04-24,59,Puja                                              ,Srivastava                                        ,India,Bangalore,2611,Rise,Rock,0.99,1.0,0.99
61,2017-04-24,59,Puja                                              ,Srivastava                                        ,India,Bangalore,2612,Take The Power,Rock,0.99,1.0,0.99
61,2017-04-24,59,Puja                                              ,Srivastava                                        ,India,Bangalore,2613,Breathe,Rock,0.99,1.0,0.99
61,2017-04-24,59,Puja                                              ,Srivastava                                        ,India,Bangalore,2614,Nico,Rock,0.99,1.0,0.99
61,2017-04-24,59,Puja                                              ,Srivastava                                        ,India,Bangalore,2615,American Gothic,Rock,0.99,1.0,0.99
61,2017-04-24,59,Puja                                              ,Srivastava                                        ,India,Bangalore,2616,Ashes And Ghosts,Rock,0.99,1.0,0.99
61,2017-04-24,59,Puja                                              ,Srivastava                                        ,India,Bangalore,2617,Shape The Sky,Rock,0.99,1.0,0.99
61,2017-04-24,59,Puja                                              ,Srivastava                                        ,India,Bangalore,2618,Speed Of Light,Rock,0.99,1.0,0.99
61,2017-04-24,59,Puja                                              ,Srivastava                                        ,India,Bangalore,2619,True Believers,Rock,0.99,1.0,0.99
61,2017-04-24,59,Puja                                              ,Srivastava                                        ,India,Bangalore,2620,My Bridges Burn,Rock,0.99,1.0,0.99
62,2017-04-25,9,Kara                                              ,Nielsen                                           ,Denmark,Copenhagen,2989,Desire,Rock,0.99,1.0,0.99
62,2017-04-25,9,Kara                                              ,Nielsen                                           ,Denmark,Copenhagen,97,Getaway Car,Rock,0.99,1.0,0.99
62,2017-04-25,9,Kara                                              ,Nielsen                                           ,Denmark,Copenhagen,2680,Memory Motel,Rock,0.99,1.0,0.99
63,2017-04-25,31,Martha                                            ,Silk                                              ,Canada,Halifax,444,Do You Love Me,Rock,0.99,1.0,0.99
63,2017-04-25,31,Martha                                            ,Silk                                              ,Canada,Halifax,3470,I Heard Love Is Blind,Pop,0.99,1.0,0.99
63,2017-04-25,31,Martha                                            ,Silk                                              ,Canada,Halifax,3376,Poison Eye,Alternative,0.99,1.0,0.99
63,2017-04-25,31,Martha                                            ,Silk                                              ,Canada,Halifax,1994,Spank Thru,Rock,0.99,1.0,0.99
63,2017-04-25,31,Martha                                            ,Silk                                              ,Canada,Halifax,6,Put The Finger On You,Rock,0.99,1.0,0.99
63,2017-04-25,31,Martha                                            ,Silk                                              ,Canada,Halifax,8,Inject The Venom,Rock,0.99,1.0,0.99
64,2017-04-25,52,Emma                                              ,Jones                                             ,United Kingdom,London,38,All I Really Want,Rock,0.99,1.0,0.99
64,2017-04-25,52,Emma                                              ,Jones                                             ,United Kingdom,London,39,You Oughta Know,Rock,0.99,1.0,0.99
64,2017-04-25,52,Emma                                              ,Jones                                             ,United Kingdom,London,40,Perfect,Rock,0.99,1.0,0.99
64,2017-04-25,52,Emma                                              ,Jones                                             ,United Kingdom,London,41,Hand In My Pocket,Rock,0.99,1.0,0.99
64,2017-04-25,52,Emma                                              ,Jones                                             ,United Kingdom,London,42,Right Through You,Rock,0.99,1.0,0.99
64,2017-04-25,52,Emma                                              ,Jones                                             ,United Kingdom,London,43,Forgiven,Rock,0.99,1.0,0.99
64,2017-04-25,52,Emma                                              ,Jones                                             ,United Kingdom,London,44,You Learn,Rock,0.99,1.0,0.99
64,2017-04-25,52,Emma                                              ,Jones                                             ,United Kingdom,London,45,Head Over Feet,Rock,0.99,1.0,0.99
64,2017-04-25,52,Emma                                              ,Jones                                             ,United Kingdom,London,46,Mary Jane,Rock,0.99,1.0,0.99
64,2017-04-25,52,Emma                                              ,Jones                                             ,United Kingdom,London,47,Ironic,Rock,0.99,1.0,0.99
64,2017-04-25,52,Emma                                              ,Jones                                             ,United Kingdom,London,48,Not The Doctor,Rock,0.99,1.0,0.99
64,2017-04-25,52,Emma                                              ,Jones                                             ,United Kingdom,London,49,Wake Up,Rock,0.99,1.0,0.99
64,2017-04-25,52,Emma                                              ,Jones                                             ,United Kingdom,London,50,You Oughta Know (Alternate),Rock,0.99,1.0,0.99
65,2017-04-26,47,Lucas                                             ,Mancini                                           ,Italy,Rome,1139,Give Me Novacaine,Alternative & Punk,0.99,1.0,0.99
65,2017-04-26,47,Lucas                                             ,Mancini                                           ,Italy,Rome,539,Rita Lee,Alternative & Punk,0.99,1.0,0.99
66,2017-04-29,16,Frank                                             ,Harris                                            ,USA,Mountain View,1435,Too Young To Die,Rock,0.99,1.0,0.99
66,2017-04-29,16,Frank                                             ,Harris                                            ,USA,Mountain View,1761,Blanco,Latin,0.99,1.0,0.99
66,2017-04-29,16,Frank                                             ,Harris                                            ,USA,Mountain View,3377,Arms Around Your Love,Alternative,0.99,1.0,0.99
66,2017-04-29,16,Frank                                             ,Harris                                            ,USA,Mountain View,1785,"Abraham, Martin And John",R&B/Soul,0.99,1.0,0.99
66,2017-04-29,16,Frank                                             ,Harris                                            ,USA,Mountain View,442,Goin' Blind,Rock,0.99,1.0,0.99
66,2017-04-29,16,Frank                                             ,Harris                                            ,USA,Mountain View,1951,Bite The Bullet,Metal,0.99,1.0,0.99
66,2017-04-29,16,Frank                                             ,Harris                                            ,USA,Mountain View,2334,Infeliz Natal,Alternative & Punk,0.99,1.0,0.99
67,2017-05-01,39,Camille                                           ,Bernard                                           ,France,Paris,2401,This Velvet Glove,Rock,0.99,1.0,0.99
67,2017-05-01,39,Camille                                           ,Bernard                                           ,France,Paris,2287,You Are The Everything,Alternative & Punk,0.99,1.0,0.99
67,2017-05-01,39,Camille                                           ,Bernard                                           ,France,Paris,84,Welcome Home (Sanitarium),Metal,0.99,1.0,0.99
67,2017-05-01,39,Camille                                           ,Bernard                                           ,France,Paris,3099,Josephina,Rock,0.99,1.0,0.99
67,2017-05-01,39,Camille                                           ,Bernard                                           ,France,Paris,3468,You Sent Me Flying / Cherry,Pop,0.99,1.0,0.99
67,2017-05-01,39,Camille                                           ,Bernard                                           ,France,Paris,2413,Anthem,Rock,0.99,1.0,0.99
67,2017-05-01,39,Camille                                           ,Bernard                                           ,France,Paris,2164,F*Ckin' Up,Rock,0.99,1.0,0.99
67,2017-05-01,39,Camille                                           ,Bernard                                           ,France,Paris,3478,Slowness,Alternative,0.99,1.0,0.99
67,2017-05-01,39,Camille                                           ,Bernard                                           ,France,Paris,787,Loosen My Strings,Rock,0.99,1.0,0.99
67,2017-05-01,39,Camille                                           ,Bernard                                           ,France,Paris,9,Snowballed,Rock,0.99,1.0,0.99
67,2017-05-01,39,Camille                                           ,Bernard                                           ,France,Paris,861,Lilás,Latin,0.99,1.0,0.99
68,2017-05-01,57,Luis                                              ,Rojas                                             ,Chile,Santiago,2575,Greasy Grass River,Blues,0.99,1.0,0.99
68,2017-05-01,57,Luis                                              ,Rojas                                             ,Chile,Santiago,1669,Moby Dick,Rock,0.99,1.0,0.99
68,2017-05-01,57,Luis                                              ,Rojas                                             ,Chile,Santiago,2265,Good Old-Fashioned Lover Boy,Rock,0.99,1.0,0.99
68,2017-05-01,57,Luis                                              ,Rojas                                             ,Chile,Santiago,61,I Know Somethin (Bout You),Rock,0.99,1.0,0.99
68,2017-05-01,57,Luis                                              ,Rojas                                             ,Chile,Santiago,751,Love Child,Rock,0.99,1.0,0.99
68,2017-05-01,57,Luis                                              ,Rojas                                             ,Chile,Santiago,3353,I Guess You're Right,Rock,0.99,1.0,0.99
68,2017-05-01,57,Luis                                              ,Rojas                                             ,Chile,Santiago,2008,Polly,Rock,0.99,1.0,0.99
68,2017-05-01,57,Luis                                              ,Rojas                                             ,Chile,Santiago,1903,The Maids Of Cadiz,Jazz,0.99,1.0,0.99
68,2017-05-01,57,Luis                                              ,Rojas                                             ,Chile,Santiago,910,Before You Accuse Me,Blues,0.99,1.0,0.99
68,2017-05-01,57,Luis                                              ,Rojas                                             ,Chile,Santiago,2236,Brain Damage,Rock,0.99,1.0,0.99
68,2017-05-01,57,Luis                                              ,Rojas                                             ,Chile,Santiago,1990,Smells Like Teen Spirit,Rock,0.99,1.0,0.99
69,2017-05-09,2,Leonie                                            ,Köhler                                            ,Germany,Stuttgart,85,Cochise,Rock,0.99,1.0,0.99
69,2017-05-09,2,Leonie                                            ,Köhler                                            ,Germany,Stuttgart,86,Show Me How to Live,Rock,0.99,1.0,0.99
69,2017-05-09,2,Leonie                                            ,Köhler                                            ,Germany,Stuttgart,87,Gasoline,Rock,0.99,1.0,0.99
69,2017-05-09,2,Leonie                                            ,Köhler                                            ,Germany,Stuttgart,88,What You Are,Rock,0.99,1.0,0.99
69,2017-05-09,2,Leonie                                            ,Köhler                                            ,Germany,Stuttgart,89,Like a Stone,Rock,0.99,1.0,0.99
69,2017-05-09,2,Leonie                                            ,Köhler                                            ,Germany,Stuttgart,90,Set It Off,Rock,0.99,1.0,0.99
69,2017-05-09,2,Leonie                                            ,Köhler                                            ,Germany,Stuttgart,91,Shadow on the Sun,Rock,0.99,1.0,0.99
69,2017-05-09,2,Leonie                                            ,Köhler                                            ,Germany,Stuttgart,92,I am the Highway,Rock,0.99,1.0,0.99
69,2017-05-09,2,Leonie                                            ,Köhler                                            ,Germany,Stuttgart,93,Exploder,Rock,0.99,1.0,0.99
69,2017-05-09,2,Leonie                                            ,Köhler                                            ,Germany,Stuttgart,94,Hypnotize,Rock,0.99,1.0,0.99
69,2017-05-09,2,Leonie                                            ,Köhler                                            ,Germany,Stuttgart,95,Bring'em Back Alive,Rock,0.99,1.0,0.99
69,2017-05-09,2,Leonie                                            ,Köhler                                            ,Germany,Stuttgart,96,Light My Way,Rock,0.99,1.0,0.99
69,2017-05-09,2,Leonie                                            ,Köhler                                            ,Germany,Stuttgart,97,Getaway Car,Rock,0.99,1.0,0.99
69,2017-05-09,2,Leonie                                            ,Köhler                                            ,Germany,Stuttgart,98,The Last Remaining Light,Rock,0.99,1.0,0.99
70,2017-05-13,31,Martha                                            ,Silk                                              ,Canada,Halifax,2307,"So Fast, So Numb",Rock,0.99,1.0,0.99
71,2017-05-17,3,François                                          ,Tremblay                                          ,Canada,Montréal,2254,Bohemian Rhapsody,Rock,0.99,1.0,0.99
71,2017-05-17,3,François                                          ,Tremblay                                          ,Canada,Montréal,2255,Another One Bites The Dust,Rock,0.99,1.0,0.99
71,2017-05-17,3,François                                          ,Tremblay                                          ,Canada,Montréal,2256,Killer Queen,Rock,0.99,1.0,0.99
71,2017-05-17,3,François                                          ,Tremblay                                          ,Canada,Montréal,2257,Fat Bottomed Girls,Rock,0.99,1.0,0.99
71,2017-05-17,3,François                                          ,Tremblay                                          ,Canada,Montréal,2258,Bicycle Race,Rock,0.99,1.0,0.99
71,2017-05-17,3,François                                          ,Tremblay                                          ,Canada,Montréal,2259,You're My Best Friend,Rock,0.99,1.0,0.99
71,2017-05-17,3,François                                          ,Tremblay                                          ,Canada,Montréal,2260,Don't Stop Me Now,Rock,0.99,1.0,0.99
71,2017-05-17,3,François                                          ,Tremblay                                          ,Canada,Montréal,2261,Save Me,Rock,0.99,1.0,0.99
71,2017-05-17,3,François                                          ,Tremblay                                          ,Canada,Montréal,2262,Crazy Little Thing Called Love,Rock,0.99,1.0,0.99
71,2017-05-17,3,François                                          ,Tremblay                                          ,Canada,Montréal,2263,Somebody To Love,Rock,0.99,1.0,0.99
71,2017-05-17,3,François                                          ,Tremblay                                          ,Canada,Montréal,2264,Now I'm Here,Rock,0.99,1.0,0.99
71,2017-05-17,3,François                                          ,Tremblay                                          ,Canada,Montréal,2265,Good Old-Fashioned Lover Boy,Rock,0.99,1.0,0.99
71,2017-05-17,3,François                                          ,Tremblay                                          ,Canada,Montréal,2266,Play The Game,Rock,0.99,1.0,0.99
71,2017-05-17,3,François                                          ,Tremblay                                          ,Canada,Montréal,2267,Flash,Rock,0.99,1.0,0.99
71,2017-05-17,3,François                                          ,Tremblay                                          ,Canada,Montréal,2268,Seven Seas Of Rhye,Rock,0.99,1.0,0.99
71,2017-05-17,3,François                                          ,Tremblay                                          ,Canada,Montréal,2269,We Will Rock You,Rock,0.99,1.0,0.99
71,2017-05-17,3,François                                          ,Tremblay                                          ,Canada,Montréal,2270,We Are The Champions,Rock,0.99,1.0,0.99
72,2017-05-18,47,Lucas                                             ,Mancini                                           ,Italy,Rome,30,Amazing,Rock,0.99,1.0,0.99
72,2017-05-18,47,Lucas                                             ,Mancini                                           ,Italy,Rome,2564,Lost in Hollywood,Metal,0.99,1.0,0.99
72,2017-05-18,47,Lucas                                             ,Mancini                                           ,Italy,Rome,1658,Nobody's Fault But Mine,Rock,0.99,1.0,0.99
73,2017-05-18,13,Fernanda                                          ,Ramos                                             ,Brazil,Brasília,2391,Around The World,Rock,0.99,1.0,0.99
73,2017-05-18,13,Fernanda                                          ,Ramos                                             ,Brazil,Brasília,2392,Parallel Universe,Rock,0.99,1.0,0.99
73,2017-05-18,13,Fernanda                                          ,Ramos                                             ,Brazil,Brasília,2393,Scar Tissue,Rock,0.99,1.0,0.99
73,2017-05-18,13,Fernanda                                          ,Ramos                                             ,Brazil,Brasília,2394,Otherside,Rock,0.99,1.0,0.99
73,2017-05-18,13,Fernanda                                          ,Ramos                                             ,Brazil,Brasília,2395,Get On Top,Rock,0.99,1.0,0.99
73,2017-05-18,13,Fernanda                                          ,Ramos                                             ,Brazil,Brasília,2396,Californication,Rock,0.99,1.0,0.99
73,2017-05-18,13,Fernanda                                          ,Ramos                                             ,Brazil,Brasília,2397,Easily,Rock,0.99,1.0,0.99
73,2017-05-18,13,Fernanda                                          ,Ramos                                             ,Brazil,Brasília,2398,Porcelain,Rock,0.99,1.0,0.99
73,2017-05-18,13,Fernanda                                          ,Ramos                                             ,Brazil,Brasília,2399,Emit Remmus,Rock,0.99,1.0,0.99
73,2017-05-18,13,Fernanda                                          ,Ramos                                             ,Brazil,Brasília,2400,I Like Dirt,Rock,0.99,1.0,0.99
73,2017-05-18,13,Fernanda                                          ,Ramos                                             ,Brazil,Brasília,2401,This Velvet Glove,Rock,0.99,1.0,0.99
73,2017-05-18,13,Fernanda                                          ,Ramos                                             ,Brazil,Brasília,2402,Savior,Rock,0.99,1.0,0.99
73,2017-05-18,13,Fernanda                                          ,Ramos                                             ,Brazil,Brasília,2403,Purple Stain,Rock,0.99,1.0,0.99
73,2017-05-18,13,Fernanda                                          ,Ramos                                             ,Brazil,Brasília,2404,Right On Time,Rock,0.99,1.0,0.99
73,2017-05-18,13,Fernanda                                          ,Ramos                                             ,Brazil,Brasília,2405,Road Trippin',Rock,0.99,1.0,0.99
74,2017-05-18,26,Richard                                           ,Cunningham                                        ,USA,Fort Worth,1743,Lá Vem O Sol (Here Comes The Sun),Latin,0.99,1.0,0.99
74,2017-05-18,26,Richard                                           ,Cunningham                                        ,USA,Fort Worth,3081,Runnin' With The Devil,Rock,0.99,1.0,0.99
75,2017-05-24,16,Frank                                             ,Harris                                            ,USA,Mountain View,22,Whole Lotta Rosie,Rock,0.99,1.0,0.99
75,2017-05-24,16,Frank                                             ,Harris                                            ,USA,Mountain View,1488,Remember,Rock,0.99,1.0,0.99
75,2017-05-24,16,Frank                                             ,Harris                                            ,USA,Mountain View,1977,Home Sweet Home,Metal,0.99,1.0,0.99
75,2017-05-24,16,Frank                                             ,Harris                                            ,USA,Mountain View,1233,The Clairvoyant,Metal,0.99,1.0,0.99
76,2017-05-26,40,Dominique                                         ,Lefebvre                                          ,France,Paris,1020,Doll,Rock,0.99,1.0,0.99
76,2017-05-26,40,Dominique                                         ,Lefebvre                                          ,France,Paris,1021,Monkey Wrench,Rock,0.99,1.0,0.99
76,2017-05-26,40,Dominique                                         ,Lefebvre                                          ,France,Paris,1022,"Hey, Johnny Park!",Rock,0.99,1.0,0.99
76,2017-05-26,40,Dominique                                         ,Lefebvre                                          ,France,Paris,1023,My Poor Brain,Rock,0.99,1.0,0.99
76,2017-05-26,40,Dominique                                         ,Lefebvre                                          ,France,Paris,1024,Wind Up,Rock,0.99,1.0,0.99
76,2017-05-26,40,Dominique                                         ,Lefebvre                                          ,France,Paris,1025,Up In Arms,Rock,0.99,1.0,0.99
76,2017-05-26,40,Dominique                                         ,Lefebvre                                          ,France,Paris,1026,My Hero,Rock,0.99,1.0,0.99
76,2017-05-26,40,Dominique                                         ,Lefebvre                                          ,France,Paris,1027,See You,Rock,0.99,1.0,0.99
76,2017-05-26,40,Dominique                                         ,Lefebvre                                          ,France,Paris,1028,Enough Space,Rock,0.99,1.0,0.99
76,2017-05-26,40,Dominique                                         ,Lefebvre                                          ,France,Paris,1029,February Stars,Rock,0.99,1.0,0.99
76,2017-05-26,40,Dominique                                         ,Lefebvre                                          ,France,Paris,1030,Everlong,Rock,0.99,1.0,0.99
76,2017-05-26,40,Dominique                                         ,Lefebvre                                          ,France,Paris,1031,Walking After You,Rock,0.99,1.0,0.99
76,2017-05-26,40,Dominique                                         ,Lefebvre                                          ,France,Paris,1032,New Way Home,Rock,0.99,1.0,0.99
77,2017-05-28,1,Luís                                              ,Gonçalves                                         ,Brazil,São José dos Campos,15,Go Down,Rock,0.99,1.0,0.99
77,2017-05-28,1,Luís                                              ,Gonçalves                                         ,Brazil,São José dos Campos,17,Let There Be Rock,Rock,0.99,1.0,0.99
77,2017-05-28,1,Luís                                              ,Gonçalves                                         ,Brazil,São José dos Campos,18,Bad Boy Boogie,Rock,0.99,1.0,0.99
77,2017-05-28,1,Luís                                              ,Gonçalves                                         ,Brazil,São José dos Campos,19,Problem Child,Rock,0.99,1.0,0.99
77,2017-05-28,1,Luís                                              ,Gonçalves                                         ,Brazil,São José dos Campos,20,Overdose,Rock,0.99,1.0,0.99
77,2017-05-28,1,Luís                                              ,Gonçalves                                         ,Brazil,São José dos Campos,22,Whole Lotta Rosie,Rock,0.99,1.0,0.99
78,2017-05-29,5,R                                                 ,Madhav                                            ,Czech Republic,Prague,2592,Remote Control,Alternative & Punk,0.99,1.0,0.99
78,2017-05-29,5,R                                                 ,Madhav                                            ,Czech Republic,Prague,1052,The Lady Is A Tramp,Easy Listening,0.99,1.0,0.99
78,2017-05-29,5,R                                                 ,Madhav                                            ,Czech Republic,Prague,33,The Other Side,Rock,0.99,1.0,0.99
78,2017-05-29,5,R                                                 ,Madhav                                            ,Czech Republic,Prague,3336,War Pigs,Alternative,0.99,1.0,0.99
78,2017-05-29,5,R                                                 ,Madhav                                            ,Czech Republic,Prague,1215,Transylvania,Metal,0.99,1.0,0.99
78,2017-05-29,5,R                                                 ,Madhav                                            ,Czech Republic,Prague,3370,Times of Trouble,Alternative,0.99,1.0,0.99
78,2017-05-29,5,R                                                 ,Madhav                                            ,Czech Republic,Prague,2553,Where The River Goes,Rock,0.99,1.0,0.99
78,2017-05-29,5,R                                                 ,Madhav                                            ,Czech Republic,Prague,1126,Re-Align,Metal,0.99,1.0,0.99
78,2017-05-29,5,R                                                 ,Madhav                                            ,Czech Republic,Prague,3006,With Or Without You,Rock,0.99,1.0,0.99
79,2017-06-08,36,Hannah                                            ,Schneider                                         ,Germany,Berlin,1902,Springsville,Jazz,0.99,1.0,0.99
79,2017-06-08,36,Hannah                                            ,Schneider                                         ,Germany,Berlin,1903,The Maids Of Cadiz,Jazz,0.99,1.0,0.99
79,2017-06-08,36,Hannah                                            ,Schneider                                         ,Germany,Berlin,1904,The Duke,Jazz,0.99,1.0,0.99
79,2017-06-08,36,Hannah                                            ,Schneider                                         ,Germany,Berlin,1905,My Ship,Jazz,0.99,1.0,0.99
79,2017-06-08,36,Hannah                                            ,Schneider                                         ,Germany,Berlin,1906,Miles Ahead,Jazz,0.99,1.0,0.99
79,2017-06-08,36,Hannah                                            ,Schneider                                         ,Germany,Berlin,1907,Blues For Pablo,Jazz,0.99,1.0,0.99
79,2017-06-08,36,Hannah                                            ,Schneider                                         ,Germany,Berlin,1908,New Rhumba,Jazz,0.99,1.0,0.99
79,2017-06-08,36,Hannah                                            ,Schneider                                         ,Germany,Berlin,1909,The Meaning Of The Blues,Jazz,0.99,1.0,0.99
79,2017-06-08,36,Hannah                                            ,Schneider                                         ,Germany,Berlin,1910,Lament,Jazz,0.99,1.0,0.99
79,2017-06-08,36,Hannah                                            ,Schneider                                         ,Germany,Berlin,1911,I Don't Wanna Be Kissed (By Anyone But You),Jazz,0.99,1.0,0.99
79,2017-06-08,36,Hannah                                            ,Schneider                                         ,Germany,Berlin,1912,Springsville (Alternate Take),Jazz,0.99,1.0,0.99
79,2017-06-08,36,Hannah                                            ,Schneider                                         ,Germany,Berlin,1913,Blues For Pablo (Alternate Take),Jazz,0.99,1.0,0.99
79,2017-06-08,36,Hannah                                            ,Schneider                                         ,Germany,Berlin,1914,The Meaning Of The Blues/Lament (Alternate Take),Jazz,0.99,1.0,0.99
79,2017-06-08,36,Hannah                                            ,Schneider                                         ,Germany,Berlin,1915,I Don't Wanna Be Kissed (By Anyone But You) (Alternate Take),Jazz,0.99,1.0,0.99
80,2017-06-08,13,Fernanda                                          ,Ramos                                             ,Brazil,Brasília,3400,Moth,Alternative,0.99,1.0,0.99
81,2017-06-12,4,Bjørn                                             ,Hansen                                            ,Norway,Oslo,1314,Fear Of The Dark,Rock,0.99,1.0,0.99
81,2017-06-12,4,Bjørn                                             ,Hansen                                            ,Norway,Oslo,839,Rock Of Ages,Rock,0.99,1.0,0.99
81,2017-06-12,4,Bjørn                                             ,Hansen                                            ,Norway,Oslo,545,Gypsy,Rock,0.99,1.0,0.99
81,2017-06-12,4,Bjørn                                             ,Hansen                                            ,Norway,Oslo,2554,Soldier Side - Intro,Metal,0.99,1.0,0.99
81,2017-06-12,4,Bjørn                                             ,Hansen                                            ,Norway,Oslo,904,Knockin On Heavens Door,Blues,0.99,1.0,0.99
81,2017-06-12,4,Bjørn                                             ,Hansen                                            ,Norway,Oslo,3079,Can't Get This Stuff No More,Rock,0.99,1.0,0.99
82,2017-06-13,58,Manoj                                             ,Pareek                                            ,India,Delhi,3291,Loving You Sunday Morning,Rock,0.99,1.0,0.99
82,2017-06-13,58,Manoj                                             ,Pareek                                            ,India,Delhi,1348,Duelists,Metal,0.99,1.0,0.99
82,2017-06-13,58,Manoj                                             ,Pareek                                            ,India,Delhi,2417,La Villa Strangiato,Rock,0.99,1.0,0.99
82,2017-06-13,58,Manoj                                             ,Pareek                                            ,India,Delhi,2120,Walking Into Clarksdale,Rock,0.99,1.0,0.99
82,2017-06-13,58,Manoj                                             ,Pareek                                            ,India,Delhi,1332,Hooks In You,Metal,0.99,1.0,0.99
82,2017-06-13,58,Manoj                                             ,Pareek                                            ,India,Delhi,2704,Mean Disposition,Rock,0.99,1.0,0.99
82,2017-06-13,58,Manoj                                             ,Pareek                                            ,India,Delhi,54,Bleed The Freak,Rock,0.99,1.0,0.99
83,2017-06-15,22,Heather                                           ,Leacock                                           ,USA,Orlando,1163,You Ain't the First,Rock,0.99,1.0,0.99
83,2017-06-15,22,Heather                                           ,Leacock                                           ,USA,Orlando,1996,Heart-Shaped Box,Rock,0.99,1.0,0.99
83,2017-06-15,22,Heather                                           ,Leacock                                           ,USA,Orlando,2750,You Better You Bet,Rock,0.99,1.0,0.99
83,2017-06-15,22,Heather                                           ,Leacock                                           ,USA,Orlando,2998,When Love Comes To Town,Rock,0.99,1.0,0.99
84,2017-06-15,48,Johannes                                          ,Van der Berg                                      ,Netherlands,Amsterdam,3455,Rehab,R&B/Soul,0.99,1.0,0.99
84,2017-06-15,48,Johannes                                          ,Van der Berg                                      ,Netherlands,Amsterdam,3456,You Know I'm No Good,R&B/Soul,0.99,1.0,0.99
84,2017-06-15,48,Johannes                                          ,Van der Berg                                      ,Netherlands,Amsterdam,3457,Me & Mr. Jones,R&B/Soul,0.99,1.0,0.99
84,2017-06-15,48,Johannes                                          ,Van der Berg                                      ,Netherlands,Amsterdam,3458,Just Friends,R&B/Soul,0.99,1.0,0.99
84,2017-06-15,48,Johannes                                          ,Van der Berg                                      ,Netherlands,Amsterdam,3459,Back to Black,R&B/Soul,0.99,1.0,0.99
84,2017-06-15,48,Johannes                                          ,Van der Berg                                      ,Netherlands,Amsterdam,3460,Love Is a Losing Game,R&B/Soul,0.99,1.0,0.99
84,2017-06-15,48,Johannes                                          ,Van der Berg                                      ,Netherlands,Amsterdam,3461,Tears Dry On Their Own,R&B/Soul,0.99,1.0,0.99
84,2017-06-15,48,Johannes                                          ,Van der Berg                                      ,Netherlands,Amsterdam,3462,Wake Up Alone,R&B/Soul,0.99,1.0,0.99
84,2017-06-15,48,Johannes                                          ,Van der Berg                                      ,Netherlands,Amsterdam,3463,Some Unholy War,R&B/Soul,0.99,1.0,0.99
84,2017-06-15,48,Johannes                                          ,Van der Berg                                      ,Netherlands,Amsterdam,3464,He Can Only Hold Her,R&B/Soul,0.99,1.0,0.99
84,2017-06-15,48,Johannes                                          ,Van der Berg                                      ,Netherlands,Amsterdam,3465,You Know I'm No Good (feat. Ghostface Killah),R&B/Soul,0.99,1.0,0.99
84,2017-06-15,48,Johannes                                          ,Van der Berg                                      ,Netherlands,Amsterdam,3466,Rehab (Hot Chip Remix),R&B/Soul,0.99,1.0,0.99
85,2017-06-17,33,Ellie                                             ,Sullivan                                          ,Canada,Yellowknife,2555,B.Y.O.B.,Metal,0.99,1.0,0.99
85,2017-06-17,33,Ellie                                             ,Sullivan                                          ,Canada,Yellowknife,1298,Run To The Hills,Metal,0.99,1.0,0.99
85,2017-06-17,33,Ellie                                             ,Sullivan                                          ,Canada,Yellowknife,2740,Magic Bus,Rock,0.99,1.0,0.99
85,2017-06-17,33,Ellie                                             ,Sullivan                                          ,Canada,Yellowknife,2561,Question!,Metal,0.99,1.0,0.99
85,2017-06-17,33,Ellie                                             ,Sullivan                                          ,Canada,Yellowknife,1972,Kickstart My Heart,Metal,0.99,1.0,0.99
86,2017-06-18,46,Hugh                                              ,O'Reilly                                          ,Ireland,Dublin,2291,Orange Crush,Alternative & Punk,0.99,1.0,0.99
87,2017-06-20,30,Edward                                            ,Francis                                           ,Canada,Ottawa,1600,D'Yer Mak'er,Rock,0.99,1.0,0.99
87,2017-06-20,30,Edward                                            ,Francis                                           ,Canada,Ottawa,2226,Pick Myself Up,Reggae,0.99,1.0,0.99
87,2017-06-20,30,Edward                                            ,Francis                                           ,Canada,Ottawa,1503,Lords of Karma,Rock,0.99,1.0,0.99
87,2017-06-20,30,Edward                                            ,Francis                                           ,Canada,Ottawa,3292,Still Loving You,Rock,0.99,1.0,0.99
87,2017-06-20,30,Edward                                            ,Francis                                           ,Canada,Ottawa,2593,Complete Control,Alternative & Punk,0.99,1.0,0.99
87,2017-06-20,30,Edward                                            ,Francis                                           ,Canada,Ottawa,1129,Dead And Broken,Metal,0.99,1.0,0.99
87,2017-06-20,30,Edward                                            ,Francis                                           ,Canada,Ottawa,3349,Amanda,Jazz,0.99,1.0,0.99
87,2017-06-20,30,Edward                                            ,Francis                                           ,Canada,Ottawa,3439,"Das Lied Von Der Erde, Von Der Jugend",Classical,0.99,1.0,0.99
88,2017-06-21,31,Martha                                            ,Silk                                              ,Canada,Halifax,2679,Flip The Switch,Rock,0.99,1.0,0.99
88,2017-06-21,31,Martha                                            ,Silk                                              ,Canada,Halifax,2698,Brand New Car,Rock,0.99,1.0,0.99
88,2017-06-21,31,Martha                                            ,Silk                                              ,Canada,Halifax,2386,Tear,Rock,0.99,1.0,0.99
88,2017-06-21,31,Martha                                            ,Silk                                              ,Canada,Halifax,1995,Scentless Apprentice,Rock,0.99,1.0,0.99
88,2017-06-21,31,Martha                                            ,Silk                                              ,Canada,Halifax,2597,English Civil War,Alternative & Punk,0.99,1.0,0.99
89,2017-06-23,21,Kathy                                             ,Chase                                             ,USA,Reno,1784,I Wish It Would Rain,R&B/Soul,0.99,1.0,0.99
89,2017-06-23,21,Kathy                                             ,Chase                                             ,USA,Reno,1900,To Live Is To Die,Metal,0.99,1.0,0.99
90,2017-06-28,55,Mark                                              ,Taylor                                            ,Australia,Sidney,2554,Soldier Side - Intro,Metal,0.99,1.0,0.99
90,2017-06-28,55,Mark                                              ,Taylor                                            ,Australia,Sidney,2555,B.Y.O.B.,Metal,0.99,1.0,0.99
90,2017-06-28,55,Mark                                              ,Taylor                                            ,Australia,Sidney,2556,Revenga,Metal,0.99,1.0,0.99
90,2017-06-28,55,Mark                                              ,Taylor                                            ,Australia,Sidney,2557,Cigaro,Metal,0.99,1.0,0.99
90,2017-06-28,55,Mark                                              ,Taylor                                            ,Australia,Sidney,2558,Radio/Video,Metal,0.99,1.0,0.99
90,2017-06-28,55,Mark                                              ,Taylor                                            ,Australia,Sidney,2559,This Cocaine Makes Me Feel Like I'm On This Song,Metal,0.99,1.0,0.99
90,2017-06-28,55,Mark                                              ,Taylor                                            ,Australia,Sidney,2560,Violent Pornography,Metal,0.99,1.0,0.99
90,2017-06-28,55,Mark                                              ,Taylor                                            ,Australia,Sidney,2561,Question!,Metal,0.99,1.0,0.99
90,2017-06-28,55,Mark                                              ,Taylor                                            ,Australia,Sidney,2562,Sad Statue,Metal,0.99,1.0,0.99
90,2017-06-28,55,Mark                                              ,Taylor                                            ,Australia,Sidney,2563,Old School Hollywood,Metal,0.99,1.0,0.99
90,2017-06-28,55,Mark                                              ,Taylor                                            ,Australia,Sidney,2564,Lost in Hollywood,Metal,0.99,1.0,0.99
91,2017-07-01,36,Hannah                                            ,Schneider                                         ,Germany,Berlin,1209,Lord of Light,Rock,0.99,1.0,0.99
91,2017-07-01,36,Hannah                                            ,Schneider                                         ,Germany,Berlin,130,Do what cha wanna,Jazz,0.99,1.0,0.99
91,2017-07-01,36,Hannah                                            ,Schneider                                         ,Germany,Berlin,94,Hypnotize,Rock,0.99,1.0,0.99
91,2017-07-01,36,Hannah                                            ,Schneider                                         ,Germany,Berlin,2367,Blood Sugar Sex Magik,Alternative & Punk,0.99,1.0,0.99
91,2017-07-01,36,Hannah                                            ,Schneider                                         ,Germany,Berlin,2599,London Calling,Alternative & Punk,0.99,1.0,0.99
91,2017-07-01,36,Hannah                                            ,Schneider                                         ,Germany,Berlin,1948,Fire Fire,Metal,0.99,1.0,0.99
91,2017-07-01,36,Hannah                                            ,Schneider                                         ,Germany,Berlin,1488,Remember,Rock,0.99,1.0,0.99
91,2017-07-01,36,Hannah                                            ,Schneider                                         ,Germany,Berlin,2654,Don't Stand so Close to Me,Rock,0.99,1.0,0.99
91,2017-07-01,36,Hannah                                            ,Schneider                                         ,Germany,Berlin,3424,"Turandot, Act III, Nessun dorma!",Classical,0.99,1.0,0.99
91,2017-07-01,36,Hannah                                            ,Schneider                                         ,Germany,Berlin,481,Hitchin' A Ride,Alternative & Punk,0.99,1.0,0.99
91,2017-07-01,36,Hannah                                            ,Schneider                                         ,Germany,Berlin,1817,Last Caress/Green Hell,Metal,0.99,1.0,0.99
92,2017-07-02,32,Aaron                                             ,Mitchell                                          ,Canada,Winnipeg,1414,Please Please Please,R&B/Soul,0.99,1.0,0.99
92,2017-07-02,32,Aaron                                             ,Mitchell                                          ,Canada,Winnipeg,1415,Think,R&B/Soul,0.99,1.0,0.99
92,2017-07-02,32,Aaron                                             ,Mitchell                                          ,Canada,Winnipeg,1416,Night Train,R&B/Soul,0.99,1.0,0.99
92,2017-07-02,32,Aaron                                             ,Mitchell                                          ,Canada,Winnipeg,1417,Out Of Sight,R&B/Soul,0.99,1.0,0.99
92,2017-07-02,32,Aaron                                             ,Mitchell                                          ,Canada,Winnipeg,1418,Papa's Got A Brand New Bag Pt.1,R&B/Soul,0.99,1.0,0.99
92,2017-07-02,32,Aaron                                             ,Mitchell                                          ,Canada,Winnipeg,1419,I Got You (I Feel Good),R&B/Soul,0.99,1.0,0.99
92,2017-07-02,32,Aaron                                             ,Mitchell                                          ,Canada,Winnipeg,1420,It's A Man's Man's Man's World,R&B/Soul,0.99,1.0,0.99
92,2017-07-02,32,Aaron                                             ,Mitchell                                          ,Canada,Winnipeg,1421,Cold Sweat,R&B/Soul,0.99,1.0,0.99
92,2017-07-02,32,Aaron                                             ,Mitchell                                          ,Canada,Winnipeg,1422,"Say It Loud, I'm Black And I'm Proud Pt.1",R&B/Soul,0.99,1.0,0.99
92,2017-07-02,32,Aaron                                             ,Mitchell                                          ,Canada,Winnipeg,1423,Get Up (I Feel Like Being A) Sex Machine,R&B/Soul,0.99,1.0,0.99
92,2017-07-02,32,Aaron                                             ,Mitchell                                          ,Canada,Winnipeg,1424,Hey America,R&B/Soul,0.99,1.0,0.99
92,2017-07-02,32,Aaron                                             ,Mitchell                                          ,Canada,Winnipeg,1425,Make It Funky Pt.1,R&B/Soul,0.99,1.0,0.99
92,2017-07-02,32,Aaron                                             ,Mitchell                                          ,Canada,Winnipeg,1426,I'm A Greedy Man Pt.1,R&B/Soul,0.99,1.0,0.99
92,2017-07-02,32,Aaron                                             ,Mitchell                                          ,Canada,Winnipeg,1427,Get On The Good Foot,R&B/Soul,0.99,1.0,0.99
92,2017-07-02,32,Aaron                                             ,Mitchell                                          ,Canada,Winnipeg,1428,Get Up Offa That Thing,R&B/Soul,0.99,1.0,0.99
92,2017-07-02,32,Aaron                                             ,Mitchell                                          ,Canada,Winnipeg,1429,It's Too Funky In Here,R&B/Soul,0.99,1.0,0.99
92,2017-07-02,32,Aaron                                             ,Mitchell                                          ,Canada,Winnipeg,1430,Living In America,R&B/Soul,0.99,1.0,0.99
92,2017-07-02,32,Aaron                                             ,Mitchell                                          ,Canada,Winnipeg,1431,I'm Real,R&B/Soul,0.99,1.0,0.99
92,2017-07-02,32,Aaron                                             ,Mitchell                                          ,Canada,Winnipeg,1432,Hot Pants Pt.1,R&B/Soul,0.99,1.0,0.99
92,2017-07-02,32,Aaron                                             ,Mitchell                                          ,Canada,Winnipeg,1433,Soul Power (Live),R&B/Soul,0.99,1.0,0.99
93,2017-07-05,42,Wyatt                                             ,Girard                                            ,France,Bordeaux,1490,Hey Joe,Rock,0.99,1.0,0.99
93,2017-07-05,42,Wyatt                                             ,Girard                                            ,France,Bordeaux,778,Space Trucking,Rock,0.99,1.0,0.99
93,2017-07-05,42,Wyatt                                             ,Girard                                            ,France,Bordeaux,1787,You Sure Love To Ball,R&B/Soul,0.99,1.0,0.99
93,2017-07-05,42,Wyatt                                             ,Girard                                            ,France,Bordeaux,1121,Straight Out Of Line,Metal,0.99,1.0,0.99
93,2017-07-05,42,Wyatt                                             ,Girard                                            ,France,Bordeaux,2639,Break on Through,Rock,0.99,1.0,0.99
93,2017-07-05,42,Wyatt                                             ,Girard                                            ,France,Bordeaux,2261,Save Me,Rock,0.99,1.0,0.99
93,2017-07-05,42,Wyatt                                             ,Girard                                            ,France,Bordeaux,20,Overdose,Rock,0.99,1.0,0.99
93,2017-07-05,42,Wyatt                                             ,Girard                                            ,France,Bordeaux,3041,Homely Girl,Reggae,0.99,1.0,0.99
93,2017-07-05,42,Wyatt                                             ,Girard                                            ,France,Bordeaux,1798,Dr. Heckyll & Mr. Jive,Rock,0.99,1.0,0.99
93,2017-07-05,42,Wyatt                                             ,Girard                                            ,France,Bordeaux,1023,My Poor Brain,Rock,0.99,1.0,0.99
94,2017-07-08,51,Joakim                                            ,Johansson                                         ,Sweden,Stockholm,50,You Oughta Know (Alternate),Rock,0.99,1.0,0.99
94,2017-07-08,51,Joakim                                            ,Johansson                                         ,Sweden,Stockholm,1173,Coma,Rock,0.99,1.0,0.99
94,2017-07-08,51,Joakim                                            ,Johansson                                         ,Sweden,Stockholm,2657,Invisible Sun,Rock,0.99,1.0,0.99
94,2017-07-08,51,Joakim                                            ,Johansson                                         ,Sweden,Stockholm,1064,Forty Days (Com DJ Hum),Latin,0.99,1.0,0.99
94,2017-07-08,51,Joakim                                            ,Johansson                                         ,Sweden,Stockholm,3359,"Symphony No. 3 in E-flat major, Op. 55, Eroica - Scherzo: Allegro Vivace",Classical,0.99,1.0,0.99
94,2017-07-08,51,Joakim                                            ,Johansson                                         ,Sweden,Stockholm,1677,Aloha,Latin,0.99,1.0,0.99
94,2017-07-08,51,Joakim                                            ,Johansson                                         ,Sweden,Stockholm,1351,Rime of the Ancient Mariner,Metal,0.99,1.0,0.99
94,2017-07-08,51,Joakim                                            ,Johansson                                         ,Sweden,Stockholm,2595,(White Man) In Hammersmith Palais,Alternative & Punk,0.99,1.0,0.99
95,2017-07-10,45,Ladislav                                          ,Kovács                                            ,Hungary,Budapest,3299,Send Me an Angel,Rock,0.99,1.0,0.99
95,2017-07-10,45,Ladislav                                          ,Kovács                                            ,Hungary,Budapest,2550,Plush,Rock,0.99,1.0,0.99
95,2017-07-10,45,Ladislav                                          ,Kovács                                            ,Hungary,Budapest,1278,Wrathchild,Heavy Metal,0.99,1.0,0.99
95,2017-07-10,45,Ladislav                                          ,Kovács                                            ,Hungary,Budapest,473,When I Come Around,Alternative & Punk,0.99,1.0,0.99
95,2017-07-10,45,Ladislav                                          ,Kovács                                            ,Hungary,Budapest,1001,Miracle,Rock,0.99,1.0,0.99
95,2017-07-10,45,Ladislav                                          ,Kovács                                            ,Hungary,Budapest,110,The Curse,Alternative & Punk,0.99,1.0,0.99
95,2017-07-10,45,Ladislav                                          ,Kovács                                            ,Hungary,Budapest,54,Bleed The Freak,Rock,0.99,1.0,0.99
95,2017-07-10,45,Ladislav                                          ,Kovács                                            ,Hungary,Budapest,27,Dude (Looks Like A Lady),Rock,0.99,1.0,0.99
95,2017-07-10,45,Ladislav                                          ,Kovács                                            ,Hungary,Budapest,681,Commotion,Rock,0.99,1.0,0.99
95,2017-07-10,45,Ladislav                                          ,Kovács                                            ,Hungary,Budapest,3078,Humans Being,Rock,0.99,1.0,0.99
95,2017-07-10,45,Ladislav                                          ,Kovács                                            ,Hungary,Budapest,2339,Puteiro Em João Pessoa,Alternative & Punk,0.99,1.0,0.99
96,2017-07-17,53,Phil                                              ,Hughes                                            ,United Kingdom,London,1129,Dead And Broken,Metal,0.99,1.0,0.99
96,2017-07-17,53,Phil                                              ,Hughes                                            ,United Kingdom,London,2227,Crystal Ball,Reggae,0.99,1.0,0.99
96,2017-07-17,53,Phil                                              ,Hughes                                            ,United Kingdom,London,1000,What If I Do?,Rock,0.99,1.0,0.99
96,2017-07-17,53,Phil                                              ,Hughes                                            ,United Kingdom,London,3438,Fantasia On Greensleeves,Classical,0.99,1.0,0.99
96,2017-07-17,53,Phil                                              ,Hughes                                            ,United Kingdom,London,2189,Bushleager,Rock,0.99,1.0,0.99
96,2017-07-17,53,Phil                                              ,Hughes                                            ,United Kingdom,London,453,Cold Gin,Rock,0.99,1.0,0.99
97,2017-07-22,8,Daan                                              ,Peeters                                           ,Belgium,Brussels,1784,I Wish It Would Rain,R&B/Soul,0.99,1.0,0.99
97,2017-07-22,8,Daan                                              ,Peeters                                           ,Belgium,Brussels,3336,War Pigs,Alternative,0.99,1.0,0.99
97,2017-07-22,8,Daan                                              ,Peeters                                           ,Belgium,Brussels,3104,Sucker Train Blues,Rock,0.99,1.0,0.99
97,2017-07-22,8,Daan                                              ,Peeters                                           ,Belgium,Brussels,16,Dog Eat Dog,Rock,0.99,1.0,0.99
97,2017-07-22,8,Daan                                              ,Peeters                                           ,Belgium,Brussels,2544,Wicked Garden,Rock,0.99,1.0,0.99
97,2017-07-22,8,Daan                                              ,Peeters                                           ,Belgium,Brussels,454,Plaster Caster,Rock,0.99,1.0,0.99
98,2017-07-23,17,Jack                                              ,Smith                                             ,USA,Redmond,1995,Scentless Apprentice,Rock,0.99,1.0,0.99
98,2017-07-23,17,Jack                                              ,Smith                                             ,USA,Redmond,2624,Spirit Walker,Rock,0.99,1.0,0.99
98,2017-07-23,17,Jack                                              ,Smith                                             ,USA,Redmond,690,I Heard It Through The Grapevine,Rock,0.99,1.0,0.99
98,2017-07-23,17,Jack                                              ,Smith                                             ,USA,Redmond,419,A Kind Of Magic,Rock,0.99,1.0,0.99
98,2017-07-23,17,Jack                                              ,Smith                                             ,USA,Redmond,1852,The Outlaw Torn,Metal,0.99,1.0,0.99
98,2017-07-23,17,Jack                                              ,Smith                                             ,USA,Redmond,609,Someday My Prince Will Come,Jazz,0.99,1.0,0.99
98,2017-07-23,17,Jack                                              ,Smith                                             ,USA,Redmond,2426,Fried Neckbones And Home Fries,Rock,0.99,1.0,0.99
98,2017-07-23,17,Jack                                              ,Smith                                             ,USA,Redmond,1904,The Duke,Jazz,0.99,1.0,0.99
98,2017-07-23,17,Jack                                              ,Smith                                             ,USA,Redmond,2645,Back Door Man,Rock,0.99,1.0,0.99
98,2017-07-23,17,Jack                                              ,Smith                                             ,USA,Redmond,2255,Another One Bites The Dust,Rock,0.99,1.0,0.99
99,2017-07-28,55,Mark                                              ,Taylor                                            ,Australia,Sidney,2591,White Riot,Alternative & Punk,0.99,1.0,0.99
99,2017-07-28,55,Mark                                              ,Taylor                                            ,Australia,Sidney,2592,Remote Control,Alternative & Punk,0.99,1.0,0.99
99,2017-07-28,55,Mark                                              ,Taylor                                            ,Australia,Sidney,2593,Complete Control,Alternative & Punk,0.99,1.0,0.99
99,2017-07-28,55,Mark                                              ,Taylor                                            ,Australia,Sidney,2594,Clash City Rockers,Alternative & Punk,0.99,1.0,0.99
99,2017-07-28,55,Mark                                              ,Taylor                                            ,Australia,Sidney,2595,(White Man) In Hammersmith Palais,Alternative & Punk,0.99,1.0,0.99
99,2017-07-28,55,Mark                                              ,Taylor                                            ,Australia,Sidney,2596,Tommy Gun,Alternative & Punk,0.99,1.0,0.99
99,2017-07-28,55,Mark                                              ,Taylor                                            ,Australia,Sidney,2597,English Civil War,Alternative & Punk,0.99,1.0,0.99
99,2017-07-28,55,Mark                                              ,Taylor                                            ,Australia,Sidney,2598,I Fought The Law,Alternative & Punk,0.99,1.0,0.99
99,2017-07-28,55,Mark                                              ,Taylor                                            ,Australia,Sidney,2599,London Calling,Alternative & Punk,0.99,1.0,0.99
99,2017-07-28,55,Mark                                              ,Taylor                                            ,Australia,Sidney,2600,Train In Vain,Alternative & Punk,0.99,1.0,0.99
99,2017-07-28,55,Mark                                              ,Taylor                                            ,Australia,Sidney,2601,Bankrobber,Alternative & Punk,0.99,1.0,0.99
99,2017-07-28,55,Mark                                              ,Taylor                                            ,Australia,Sidney,2602,The Call Up,Alternative & Punk,0.99,1.0,0.99
99,2017-07-28,55,Mark                                              ,Taylor                                            ,Australia,Sidney,2603,Hitsville UK,Alternative & Punk,0.99,1.0,0.99
99,2017-07-28,55,Mark                                              ,Taylor                                            ,Australia,Sidney,2604,The Magnificent Seven,Alternative & Punk,0.99,1.0,0.99
99,2017-07-28,55,Mark                                              ,Taylor                                            ,Australia,Sidney,2605,This Is Radio Clash,Alternative & Punk,0.99,1.0,0.99
99,2017-07-28,55,Mark                                              ,Taylor                                            ,Australia,Sidney,2606,Know Your Rights,Alternative & Punk,0.99,1.0,0.99
99,2017-07-28,55,Mark                                              ,Taylor                                            ,Australia,Sidney,2607,Rock The Casbah,Alternative & Punk,0.99,1.0,0.99
99,2017-07-28,55,Mark                                              ,Taylor                                            ,Australia,Sidney,2608,Should I Stay Or Should I Go,Alternative & Punk,0.99,1.0,0.99
100,2017-07-31,58,Manoj                                             ,Pareek                                            ,India,Delhi,996,Resolve,Rock,0.99,1.0,0.99
100,2017-07-31,58,Manoj                                             ,Pareek                                            ,India,Delhi,2560,Violent Pornography,Metal,0.99,1.0,0.99
100,2017-07-31,58,Manoj                                             ,Pareek                                            ,India,Delhi,2006,Breed,Rock,0.99,1.0,0.99
100,2017-07-31,58,Manoj                                             ,Pareek                                            ,India,Delhi,2648,Take It As It Comes,Rock,0.99,1.0,0.99
100,2017-07-31,58,Manoj                                             ,Pareek                                            ,India,Delhi,1181,Pretty Tied Up,Metal,0.99,1.0,0.99
100,2017-07-31,58,Manoj                                             ,Pareek                                            ,India,Delhi,1493,51st Anniversary,Rock,0.99,1.0,0.99
101,2017-07-31,20,Dan                                               ,Miller                                            ,USA,Mountain View,3356,Muita Bobeira,Latin,0.99,1.0,0.99
101,2017-07-31,20,Dan                                               ,Miller                                            ,USA,Mountain View,83,Wherever I May Roam,Metal,0.99,1.0,0.99
101,2017-07-31,20,Dan                                               ,Miller                                            ,USA,Mountain View,2519,Burden In My Hand,Rock,0.99,1.0,0.99
101,2017-07-31,20,Dan                                               ,Miller                                            ,USA,Mountain View,2269,We Will Rock You,Rock,0.99,1.0,0.99
102,2017-08-02,8,Daan                                              ,Peeters                                           ,Belgium,Brussels,3472,In My Bed,Pop,0.99,1.0,0.99
102,2017-08-02,8,Daan                                              ,Peeters                                           ,Belgium,Brussels,1486,Fire,Rock,0.99,1.0,0.99
102,2017-08-02,8,Daan                                              ,Peeters                                           ,Belgium,Brussels,1372,Infinite Dreams,Metal,0.99,1.0,0.99
102,2017-08-02,8,Daan                                              ,Peeters                                           ,Belgium,Brussels,33,The Other Side,Rock,0.99,1.0,0.99
102,2017-08-02,8,Daan                                              ,Peeters                                           ,Belgium,Brussels,1992,Lithium,Rock,0.99,1.0,0.99
102,2017-08-02,8,Daan                                              ,Peeters                                           ,Belgium,Brussels,421,Radio GA GA,Rock,0.99,1.0,0.99
102,2017-08-02,8,Daan                                              ,Peeters                                           ,Belgium,Brussels,1469,Look What You've Done,Alternative & Punk,0.99,1.0,0.99
102,2017-08-02,8,Daan                                              ,Peeters                                           ,Belgium,Brussels,1197,Thinking 'Bout Tomorrow,Jazz,0.99,1.0,0.99
102,2017-08-02,8,Daan                                              ,Peeters                                           ,Belgium,Brussels,1218,Sanctuary,Metal,0.99,1.0,0.99
102,2017-08-02,8,Daan                                              ,Peeters                                           ,Belgium,Brussels,2549,Piece Of Pie,Rock,0.99,1.0,0.99
103,2017-08-03,39,Camille                                           ,Bernard                                           ,France,Paris,2234,Us And Them,Rock,0.99,1.0,0.99
103,2017-08-03,39,Camille                                           ,Bernard                                           ,France,Paris,2007,Lithium,Rock,0.99,1.0,0.99
103,2017-08-03,39,Camille                                           ,Bernard                                           ,France,Paris,2275,Spread Your Wings,Rock,0.99,1.0,0.99
103,2017-08-03,39,Camille                                           ,Bernard                                           ,France,Paris,2419,Finding My Way,Rock,0.99,1.0,0.99
103,2017-08-03,39,Camille                                           ,Bernard                                           ,France,Paris,1029,February Stars,Rock,0.99,1.0,0.99
103,2017-08-03,39,Camille                                           ,Bernard                                           ,France,Paris,3336,War Pigs,Alternative,0.99,1.0,0.99
104,2017-08-06,4,Bjørn                                             ,Hansen                                            ,Norway,Oslo,3097,Once,Rock,0.99,1.0,0.99
104,2017-08-06,4,Bjørn                                             ,Hansen                                            ,Norway,Oslo,1508,Mama Africa,Latin,0.99,1.0,0.99
105,2017-08-12,31,Martha                                            ,Silk                                              ,Canada,Halifax,751,Love Child,Rock,0.99,1.0,0.99
105,2017-08-12,31,Martha                                            ,Silk                                              ,Canada,Halifax,3355,Love Comes,Rock,0.99,1.0,0.99
105,2017-08-12,31,Martha                                            ,Silk                                              ,Canada,Halifax,2385,Cabron,Rock,0.99,1.0,0.99
105,2017-08-12,31,Martha                                            ,Silk                                              ,Canada,Halifax,2187,Green Disease,Rock,0.99,1.0,0.99
105,2017-08-12,31,Martha                                            ,Silk                                              ,Canada,Halifax,2748,Squeeze Box,Rock,0.99,1.0,0.99
105,2017-08-12,31,Martha                                            ,Silk                                              ,Canada,Halifax,1793,Be Good Johnny,Rock,0.99,1.0,0.99
105,2017-08-12,31,Martha                                            ,Silk                                              ,Canada,Halifax,2381,Can't Stop,Rock,0.99,1.0,0.99
105,2017-08-12,31,Martha                                            ,Silk                                              ,Canada,Halifax,1387,22 Acacia Avenue,Metal,0.99,1.0,0.99
106,2017-08-19,54,Steve                                             ,Murray                                            ,United Kingdom,Edinburgh ,2,Balls to the Wall,Rock,0.99,1.0,0.99
106,2017-08-19,54,Steve                                             ,Murray                                            ,United Kingdom,Edinburgh ,1485,May This Be Love,Rock,0.99,1.0,0.99
106,2017-08-19,54,Steve                                             ,Murray                                            ,United Kingdom,Edinburgh ,2186,Get Right,Rock,0.99,1.0,0.99
106,2017-08-19,54,Steve                                             ,Murray                                            ,United Kingdom,Edinburgh ,1592,Darlene,Rock,0.99,1.0,0.99
106,2017-08-19,54,Steve                                             ,Murray                                            ,United Kingdom,Edinburgh ,3476,Help Yourself,Pop,0.99,1.0,0.99
106,2017-08-19,54,Steve                                             ,Murray                                            ,United Kingdom,Edinburgh ,2445,For Your Babies,Rock,0.99,1.0,0.99
106,2017-08-19,54,Steve                                             ,Murray                                            ,United Kingdom,Edinburgh ,1814,The Small Hours,Metal,0.99,1.0,0.99
106,2017-08-19,54,Steve                                             ,Murray                                            ,United Kingdom,Edinburgh ,488,Macy's Day Parade,Alternative & Punk,0.99,1.0,0.99
107,2017-08-21,32,Aaron                                             ,Mitchell                                          ,Canada,Winnipeg,1179,Shotgun Blues,Metal,0.99,1.0,0.99
107,2017-08-21,32,Aaron                                             ,Mitchell                                          ,Canada,Winnipeg,2011,Lounge Act,Rock,0.99,1.0,0.99
107,2017-08-21,32,Aaron                                             ,Mitchell                                          ,Canada,Winnipeg,700,Wrote A Song For Everyone,Rock,0.99,1.0,0.99
107,2017-08-21,32,Aaron                                             ,Mitchell                                          ,Canada,Winnipeg,1984,Looks That Kill,Metal,0.99,1.0,0.99
107,2017-08-21,32,Aaron                                             ,Mitchell                                          ,Canada,Winnipeg,1819,Blitzkrieg,Metal,0.99,1.0,0.99
107,2017-08-21,32,Aaron                                             ,Mitchell                                          ,Canada,Winnipeg,1799,Shakes and Ladders,Rock,0.99,1.0,0.99
107,2017-08-21,32,Aaron                                             ,Mitchell                                          ,Canada,Winnipeg,24,Love In An Elevator,Rock,0.99,1.0,0.99
107,2017-08-21,32,Aaron                                             ,Mitchell                                          ,Canada,Winnipeg,3288,Rock You Like a Hurricane,Rock,0.99,1.0,0.99
107,2017-08-21,32,Aaron                                             ,Mitchell                                          ,Canada,Winnipeg,1,For Those About To Rock (We Salute You),Rock,0.99,1.0,0.99
107,2017-08-21,32,Aaron                                             ,Mitchell                                          ,Canada,Winnipeg,2419,Finding My Way,Rock,0.99,1.0,0.99
107,2017-08-21,32,Aaron                                             ,Mitchell                                          ,Canada,Winnipeg,1132,Serenity,Metal,0.99,1.0,0.99
108,2017-08-27,30,Edward                                            ,Francis                                           ,Canada,Ottawa,102,Doesn't Remind Me,Alternative & Punk,0.99,1.0,0.99
108,2017-08-27,30,Edward                                            ,Francis                                           ,Canada,Ottawa,58,Sunshine,Rock,0.99,1.0,0.99
108,2017-08-27,30,Edward                                            ,Francis                                           ,Canada,Ottawa,158,Changes,Metal,0.99,1.0,0.99
108,2017-08-27,30,Edward                                            ,Francis                                           ,Canada,Ottawa,1214,Prowler,Metal,0.99,1.0,0.99
108,2017-08-27,30,Edward                                            ,Francis                                           ,Canada,Ottawa,2737,Happy Jack,Rock,0.99,1.0,0.99
109,2017-08-29,22,Heather                                           ,Leacock                                           ,USA,Orlando,486,Warning,Alternative & Punk,0.99,1.0,0.99
109,2017-08-29,22,Heather                                           ,Leacock                                           ,USA,Orlando,1055,Loves Been Good To Me,Easy Listening,0.99,1.0,0.99
109,2017-08-29,22,Heather                                           ,Leacock                                           ,USA,Orlando,1796,Who Can It Be Now?,Rock,0.99,1.0,0.99
109,2017-08-29,22,Heather                                           ,Leacock                                           ,USA,Orlando,1195,Sunchild,Jazz,0.99,1.0,0.99
109,2017-08-29,22,Heather                                           ,Leacock                                           ,USA,Orlando,2445,For Your Babies,Rock,0.99,1.0,0.99
109,2017-08-29,22,Heather                                           ,Leacock                                           ,USA,Orlando,709,(Wish I Could) Hideaway,Rock,0.99,1.0,0.99
109,2017-08-29,22,Heather                                           ,Leacock                                           ,USA,Orlando,681,Commotion,Rock,0.99,1.0,0.99
109,2017-08-29,22,Heather                                           ,Leacock                                           ,USA,Orlando,3293,Big City Nights,Rock,0.99,1.0,0.99
109,2017-08-29,22,Heather                                           ,Leacock                                           ,USA,Orlando,425,It's A Hard Life,Rock,0.99,1.0,0.99
109,2017-08-29,22,Heather                                           ,Leacock                                           ,USA,Orlando,340,Dazed and Confused,Rock,0.99,1.0,0.99
109,2017-08-29,22,Heather                                           ,Leacock                                           ,USA,Orlando,2381,Can't Stop,Rock,0.99,1.0,0.99
110,2017-08-29,15,Jennifer                                          ,Peterson                                          ,Canada,Vancouver,444,Do You Love Me,Rock,0.99,1.0,0.99
110,2017-08-29,15,Jennifer                                          ,Peterson                                          ,Canada,Vancouver,2596,Tommy Gun,Alternative & Punk,0.99,1.0,0.99
110,2017-08-29,15,Jennifer                                          ,Peterson                                          ,Canada,Vancouver,81,Sad But True,Metal,0.99,1.0,0.99
110,2017-08-29,15,Jennifer                                          ,Peterson                                          ,Canada,Vancouver,3378,Safe and Sound,Alternative,0.99,1.0,0.99
110,2017-08-29,15,Jennifer                                          ,Peterson                                          ,Canada,Vancouver,3105,Do It For The Kids,Rock,0.99,1.0,0.99
110,2017-08-29,15,Jennifer                                          ,Peterson                                          ,Canada,Vancouver,2234,Us And Them,Rock,0.99,1.0,0.99
111,2017-08-30,13,Fernanda                                          ,Ramos                                             ,Brazil,Brasília,3484,Adios nonino,Classical,0.99,1.0,0.99
111,2017-08-30,13,Fernanda                                          ,Ramos                                             ,Brazil,Brasília,2429,We've Got To Get Together/Jingo,Rock,0.99,1.0,0.99
111,2017-08-30,13,Fernanda                                          ,Ramos                                             ,Brazil,Brasília,597,Now's The Time,Jazz,0.99,1.0,0.99
111,2017-08-30,13,Fernanda                                          ,Ramos                                             ,Brazil,Brasília,1139,Give Me Novacaine,Alternative & Punk,0.99,1.0,0.99
111,2017-08-30,13,Fernanda                                          ,Ramos                                             ,Brazil,Brasília,48,Not The Doctor,Rock,0.99,1.0,0.99
112,2017-08-31,6,Helena                                            ,Holý                                              ,Czech Republic,Prague,1479,Foxy Lady,Rock,0.99,1.0,0.99
112,2017-08-31,6,Helena                                            ,Holý                                              ,Czech Republic,Prague,1480,Manic Depression,Rock,0.99,1.0,0.99
112,2017-08-31,6,Helena                                            ,Holý                                              ,Czech Republic,Prague,1481,Red House,Rock,0.99,1.0,0.99
112,2017-08-31,6,Helena                                            ,Holý                                              ,Czech Republic,Prague,1482,Can You See Me,Rock,0.99,1.0,0.99
112,2017-08-31,6,Helena                                            ,Holý                                              ,Czech Republic,Prague,1483,Love Or Confusion,Rock,0.99,1.0,0.99
112,2017-08-31,6,Helena                                            ,Holý                                              ,Czech Republic,Prague,1484,I Don't Live Today,Rock,0.99,1.0,0.99
112,2017-08-31,6,Helena                                            ,Holý                                              ,Czech Republic,Prague,1485,May This Be Love,Rock,0.99,1.0,0.99
112,2017-08-31,6,Helena                                            ,Holý                                              ,Czech Republic,Prague,1486,Fire,Rock,0.99,1.0,0.99
112,2017-08-31,6,Helena                                            ,Holý                                              ,Czech Republic,Prague,1487,Third Stone From The Sun,Rock,0.99,1.0,0.99
112,2017-08-31,6,Helena                                            ,Holý                                              ,Czech Republic,Prague,1488,Remember,Rock,0.99,1.0,0.99
112,2017-08-31,6,Helena                                            ,Holý                                              ,Czech Republic,Prague,1489,Are You Experienced?,Rock,0.99,1.0,0.99
112,2017-08-31,6,Helena                                            ,Holý                                              ,Czech Republic,Prague,1490,Hey Joe,Rock,0.99,1.0,0.99
112,2017-08-31,6,Helena                                            ,Holý                                              ,Czech Republic,Prague,1491,Stone Free,Rock,0.99,1.0,0.99
112,2017-08-31,6,Helena                                            ,Holý                                              ,Czech Republic,Prague,1492,Purple Haze,Rock,0.99,1.0,0.99
112,2017-08-31,6,Helena                                            ,Holý                                              ,Czech Republic,Prague,1493,51st Anniversary,Rock,0.99,1.0,0.99
112,2017-08-31,6,Helena                                            ,Holý                                              ,Czech Republic,Prague,1494,The Wind Cries Mary,Rock,0.99,1.0,0.99
112,2017-08-31,6,Helena                                            ,Holý                                              ,Czech Republic,Prague,1495,Highway Chile,Rock,0.99,1.0,0.99
113,2017-09-01,13,Fernanda                                          ,Ramos                                             ,Brazil,Brasília,2762,Cristina Nº 2,Latin,0.99,1.0,0.99
113,2017-09-01,13,Fernanda                                          ,Ramos                                             ,Brazil,Brasília,2383,Midnight,Rock,0.99,1.0,0.99
113,2017-09-01,13,Fernanda                                          ,Ramos                                             ,Brazil,Brasília,2662,Don't Stand So Close to Me '86,Rock,0.99,1.0,0.99
113,2017-09-01,13,Fernanda                                          ,Ramos                                             ,Brazil,Brasília,2693,The Worst,Rock,0.99,1.0,0.99
113,2017-09-01,13,Fernanda                                          ,Ramos                                             ,Brazil,Brasília,1657,Royal Orleans,Rock,0.99,1.0,0.99
113,2017-09-01,13,Fernanda                                          ,Ramos                                             ,Brazil,Brasília,577,Migra,Rock,0.99,1.0,0.99
113,2017-09-01,13,Fernanda                                          ,Ramos                                             ,Brazil,Brasília,1034,Strangers In The Night,Easy Listening,0.99,1.0,0.99
113,2017-09-01,13,Fernanda                                          ,Ramos                                             ,Brazil,Brasília,134,All For You,Metal,0.99,1.0,0.99
113,2017-09-01,13,Fernanda                                          ,Ramos                                             ,Brazil,Brasília,1473,Get Me Outta Here,Alternative & Punk,0.99,1.0,0.99
113,2017-09-01,13,Fernanda                                          ,Ramos                                             ,Brazil,Brasília,3087,Atomic Punk,Rock,0.99,1.0,0.99
114,2017-09-05,12,Roberto                                           ,Almeida                                           ,Brazil,Rio de Janeiro,1479,Foxy Lady,Rock,0.99,1.0,0.99
114,2017-09-05,12,Roberto                                           ,Almeida                                           ,Brazil,Rio de Janeiro,1480,Manic Depression,Rock,0.99,1.0,0.99
114,2017-09-05,12,Roberto                                           ,Almeida                                           ,Brazil,Rio de Janeiro,1481,Red House,Rock,0.99,1.0,0.99
114,2017-09-05,12,Roberto                                           ,Almeida                                           ,Brazil,Rio de Janeiro,1482,Can You See Me,Rock,0.99,1.0,0.99
114,2017-09-05,12,Roberto                                           ,Almeida                                           ,Brazil,Rio de Janeiro,1483,Love Or Confusion,Rock,0.99,1.0,0.99
114,2017-09-05,12,Roberto                                           ,Almeida                                           ,Brazil,Rio de Janeiro,1484,I Don't Live Today,Rock,0.99,1.0,0.99
114,2017-09-05,12,Roberto                                           ,Almeida                                           ,Brazil,Rio de Janeiro,1485,May This Be Love,Rock,0.99,1.0,0.99
114,2017-09-05,12,Roberto                                           ,Almeida                                           ,Brazil,Rio de Janeiro,1486,Fire,Rock,0.99,1.0,0.99
114,2017-09-05,12,Roberto                                           ,Almeida                                           ,Brazil,Rio de Janeiro,1487,Third Stone From The Sun,Rock,0.99,1.0,0.99
114,2017-09-05,12,Roberto                                           ,Almeida                                           ,Brazil,Rio de Janeiro,1488,Remember,Rock,0.99,1.0,0.99
114,2017-09-05,12,Roberto                                           ,Almeida                                           ,Brazil,Rio de Janeiro,1489,Are You Experienced?,Rock,0.99,1.0,0.99
114,2017-09-05,12,Roberto                                           ,Almeida                                           ,Brazil,Rio de Janeiro,1490,Hey Joe,Rock,0.99,1.0,0.99
114,2017-09-05,12,Roberto                                           ,Almeida                                           ,Brazil,Rio de Janeiro,1491,Stone Free,Rock,0.99,1.0,0.99
114,2017-09-05,12,Roberto                                           ,Almeida                                           ,Brazil,Rio de Janeiro,1492,Purple Haze,Rock,0.99,1.0,0.99
114,2017-09-05,12,Roberto                                           ,Almeida                                           ,Brazil,Rio de Janeiro,1493,51st Anniversary,Rock,0.99,1.0,0.99
114,2017-09-05,12,Roberto                                           ,Almeida                                           ,Brazil,Rio de Janeiro,1494,The Wind Cries Mary,Rock,0.99,1.0,0.99
114,2017-09-05,12,Roberto                                           ,Almeida                                           ,Brazil,Rio de Janeiro,1495,Highway Chile,Rock,0.99,1.0,0.99
115,2017-09-08,50,Enrique                                           ,Muñoz                                             ,Spain,Madrid,298,A Cor Do Sol,Reggae,0.99,1.0,0.99
115,2017-09-08,50,Enrique                                           ,Muñoz                                             ,Spain,Madrid,2269,We Will Rock You,Rock,0.99,1.0,0.99
115,2017-09-08,50,Enrique                                           ,Muñoz                                             ,Spain,Madrid,2610,The Saint,Rock,0.99,1.0,0.99
115,2017-09-08,50,Enrique                                           ,Muñoz                                             ,Spain,Madrid,1188,Colibri,Jazz,0.99,1.0,0.99
115,2017-09-08,50,Enrique                                           ,Muñoz                                             ,Spain,Madrid,3370,Times of Trouble,Alternative,0.99,1.0,0.99
115,2017-09-08,50,Enrique                                           ,Muñoz                                             ,Spain,Madrid,2990,Hawkmoon 269,Rock,0.99,1.0,0.99
115,2017-09-08,50,Enrique                                           ,Muñoz                                             ,Spain,Madrid,2684,Sister Morphine,Rock,0.99,1.0,0.99
115,2017-09-08,50,Enrique                                           ,Muñoz                                             ,Spain,Madrid,1224,Be Quick Or Be Dead,Metal,0.99,1.0,0.99
115,2017-09-08,50,Enrique                                           ,Muñoz                                             ,Spain,Madrid,84,Welcome Home (Sanitarium),Metal,0.99,1.0,0.99
116,2017-09-08,6,Helena                                            ,Holý                                              ,Czech Republic,Prague,571,Love Of My Life,Rock,0.99,1.0,0.99
116,2017-09-08,6,Helena                                            ,Holý                                              ,Czech Republic,Prague,2739,I Can See For Miles,Rock,0.99,1.0,0.99
116,2017-09-08,6,Helena                                            ,Holý                                              ,Czech Republic,Prague,1568,A World Without Heroes,Rock,0.99,1.0,0.99
116,2017-09-08,6,Helena                                            ,Holý                                              ,Czech Republic,Prague,2975,Discotheque,Rock,0.99,1.0,0.99
116,2017-09-08,6,Helena                                            ,Holý                                              ,Czech Republic,Prague,1887,My World,Metal,0.99,1.0,0.99
116,2017-09-08,6,Helena                                            ,Holý                                              ,Czech Republic,Prague,3092,Neworld,Rock,0.99,1.0,0.99
116,2017-09-08,6,Helena                                            ,Holý                                              ,Czech Republic,Prague,35,Eat The Rich,Rock,0.99,1.0,0.99
116,2017-09-08,6,Helena                                            ,Holý                                              ,Czech Republic,Prague,66,Por Causa De Você,Jazz,0.99,1.0,0.99
116,2017-09-08,6,Helena                                            ,Holý                                              ,Czech Republic,Prague,1180,Breakdown,Metal,0.99,1.0,0.99
116,2017-09-08,6,Helena                                            ,Holý                                              ,Czech Republic,Prague,21,Hell Ain't A Bad Place To Be,Rock,0.99,1.0,0.99
116,2017-09-08,6,Helena                                            ,Holý                                              ,Czech Republic,Prague,2254,Bohemian Rhapsody,Rock,0.99,1.0,0.99
117,2017-09-10,44,Terhi                                             ,Hämäläinen                                        ,Finland,Helsinki,4,Restless and Wild,Rock,0.99,1.0,0.99
117,2017-09-10,44,Terhi                                             ,Hämäläinen                                        ,Finland,Helsinki,3316,All My Love,Hip Hop/Rap,0.99,1.0,0.99
117,2017-09-10,44,Terhi                                             ,Hämäläinen                                        ,Finland,Helsinki,2558,Radio/Video,Metal,0.99,1.0,0.99
117,2017-09-10,44,Terhi                                             ,Hämäläinen                                        ,Finland,Helsinki,2591,White Riot,Alternative & Punk,0.99,1.0,0.99
117,2017-09-10,44,Terhi                                             ,Hämäläinen                                        ,Finland,Helsinki,1880,Creeping Death,Metal,0.99,1.0,0.99
117,2017-09-10,44,Terhi                                             ,Hämäläinen                                        ,Finland,Helsinki,831,Animal,Rock,0.99,1.0,0.99
117,2017-09-10,44,Terhi                                             ,Hämäläinen                                        ,Finland,Helsinki,1482,Can You See Me,Rock,0.99,1.0,0.99
117,2017-09-10,44,Terhi                                             ,Hämäläinen                                        ,Finland,Helsinki,2174,Wasted Reprise,Alternative & Punk,0.99,1.0,0.99
117,2017-09-10,44,Terhi                                             ,Hämäläinen                                        ,Finland,Helsinki,3305,House And The Rising Sun,Hip Hop/Rap,0.99,1.0,0.99
117,2017-09-10,44,Terhi                                             ,Hämäläinen                                        ,Finland,Helsinki,3365,Say Hello 2 Heaven,Alternative,0.99,1.0,0.99
117,2017-09-10,44,Terhi                                             ,Hämäläinen                                        ,Finland,Helsinki,614,Miles Runs The Voodoo Down,Jazz,0.99,1.0,0.99
118,2017-09-10,28,Julia                                             ,Barnett                                           ,USA,Salt Lake City,3111,Superhuman,Rock,0.99,1.0,0.99
119,2017-09-12,5,R                                                 ,Madhav                                            ,Czech Republic,Prague,1556,Some Heads Are Gonna Roll,Metal,0.99,1.0,0.99
119,2017-09-12,5,R                                                 ,Madhav                                            ,Czech Republic,Prague,2508,Loud Love,Rock,0.99,1.0,0.99
120,2017-09-19,29,Robert                                            ,Brown                                             ,Canada,Toronto,17,Let There Be Rock,Rock,0.99,1.0,0.99
120,2017-09-19,29,Robert                                            ,Brown                                             ,Canada,Toronto,1126,Re-Align,Metal,0.99,1.0,0.99
120,2017-09-19,29,Robert                                            ,Brown                                             ,Canada,Toronto,2749,Who Are You (Single Edit Version),Rock,0.99,1.0,0.99
120,2017-09-19,29,Robert                                            ,Brown                                             ,Canada,Toronto,2596,Tommy Gun,Alternative & Punk,0.99,1.0,0.99
120,2017-09-19,29,Robert                                            ,Brown                                             ,Canada,Toronto,2738,Pictures Of Lily,Rock,0.99,1.0,0.99
120,2017-09-19,29,Robert                                            ,Brown                                             ,Canada,Toronto,2350,Sapato 36,Rock,0.99,1.0,0.99
121,2017-09-20,59,Puja                                              ,Srivastava                                        ,India,Bangalore,2656,Every Little Thing She Does is Magic,Rock,0.99,1.0,0.99
121,2017-09-20,59,Puja                                              ,Srivastava                                        ,India,Bangalore,2549,Piece Of Pie,Rock,0.99,1.0,0.99
121,2017-09-20,59,Puja                                              ,Srivastava                                        ,India,Bangalore,1829,Hit The Lights,Metal,0.99,1.0,0.99
121,2017-09-20,59,Puja                                              ,Srivastava                                        ,India,Bangalore,44,You Learn,Rock,0.99,1.0,0.99
121,2017-09-20,59,Puja                                              ,Srivastava                                        ,India,Bangalore,40,Perfect,Rock,0.99,1.0,0.99
121,2017-09-20,59,Puja                                              ,Srivastava                                        ,India,Bangalore,2674,Ruby Tuesday,Rock,0.99,1.0,0.99
121,2017-09-20,59,Puja                                              ,Srivastava                                        ,India,Bangalore,3452,"SCRIABIN: Prelude in B Major, Op. 11, No. 11",Classical,0.99,1.0,0.99
121,2017-09-20,59,Puja                                              ,Srivastava                                        ,India,Bangalore,344,Travelling Riverside Blues,Rock,0.99,1.0,0.99
121,2017-09-20,59,Puja                                              ,Srivastava                                        ,India,Bangalore,32,Deuces Are Wild,Rock,0.99,1.0,0.99
122,2017-09-21,9,Kara                                              ,Nielsen                                           ,Denmark,Copenhagen,2014,Something In The Way,Rock,0.99,1.0,0.99
122,2017-09-21,9,Kara                                              ,Nielsen                                           ,Denmark,Copenhagen,28,Janie's Got A Gun,Rock,0.99,1.0,0.99
122,2017-09-21,9,Kara                                              ,Nielsen                                           ,Denmark,Copenhagen,42,Right Through You,Rock,0.99,1.0,0.99
122,2017-09-21,9,Kara                                              ,Nielsen                                           ,Denmark,Copenhagen,839,Rock Of Ages,Rock,0.99,1.0,0.99
122,2017-09-21,9,Kara                                              ,Nielsen                                           ,Denmark,Copenhagen,1195,Sunchild,Jazz,0.99,1.0,0.99
123,2017-09-23,7,Astrid                                            ,Gruber                                            ,Austria,Vienne,2003,Smells Like Teen Spirit,Rock,0.99,1.0,0.99
123,2017-09-23,7,Astrid                                            ,Gruber                                            ,Austria,Vienne,2004,In Bloom,Rock,0.99,1.0,0.99
123,2017-09-23,7,Astrid                                            ,Gruber                                            ,Austria,Vienne,2005,Come As You Are,Rock,0.99,1.0,0.99
123,2017-09-23,7,Astrid                                            ,Gruber                                            ,Austria,Vienne,2006,Breed,Rock,0.99,1.0,0.99
123,2017-09-23,7,Astrid                                            ,Gruber                                            ,Austria,Vienne,2007,Lithium,Rock,0.99,1.0,0.99
123,2017-09-23,7,Astrid                                            ,Gruber                                            ,Austria,Vienne,2008,Polly,Rock,0.99,1.0,0.99
123,2017-09-23,7,Astrid                                            ,Gruber                                            ,Austria,Vienne,2009,Territorial Pissings,Rock,0.99,1.0,0.99
123,2017-09-23,7,Astrid                                            ,Gruber                                            ,Austria,Vienne,2010,Drain You,Rock,0.99,1.0,0.99
123,2017-09-23,7,Astrid                                            ,Gruber                                            ,Austria,Vienne,2011,Lounge Act,Rock,0.99,1.0,0.99
123,2017-09-23,7,Astrid                                            ,Gruber                                            ,Austria,Vienne,2012,Stay Away,Rock,0.99,1.0,0.99
123,2017-09-23,7,Astrid                                            ,Gruber                                            ,Austria,Vienne,2013,On A Plain,Rock,0.99,1.0,0.99
123,2017-09-23,7,Astrid                                            ,Gruber                                            ,Austria,Vienne,2014,Something In The Way,Rock,0.99,1.0,0.99
124,2017-09-25,8,Daan                                              ,Peeters                                           ,Belgium,Brussels,3100,Year to the Day,Rock,0.99,1.0,0.99
124,2017-09-25,8,Daan                                              ,Peeters                                           ,Belgium,Brussels,3323,Tres Reis,Electronica/Dance,0.99,1.0,0.99
124,2017-09-25,8,Daan                                              ,Peeters                                           ,Belgium,Brussels,2328,Fall On Me,Alternative & Punk,0.99,1.0,0.99
124,2017-09-25,8,Daan                                              ,Peeters                                           ,Belgium,Brussels,470,Longview,Alternative & Punk,0.99,1.0,0.99
124,2017-09-25,8,Daan                                              ,Peeters                                           ,Belgium,Brussels,1017,Overdrive,Alternative & Punk,0.99,1.0,0.99
124,2017-09-25,8,Daan                                              ,Peeters                                           ,Belgium,Brussels,1816,Crash Course In Brain Surgery,Metal,0.99,1.0,0.99
125,2017-09-29,3,François                                          ,Tremblay                                          ,Canada,Montréal,45,Head Over Feet,Rock,0.99,1.0,0.99
125,2017-09-29,3,François                                          ,Tremblay                                          ,Canada,Montréal,1851,Ronnie,Metal,0.99,1.0,0.99
125,2017-09-29,3,François                                          ,Tremblay                                          ,Canada,Montréal,233,O Que Será (À Flor Da Terra),Latin,0.99,1.0,0.99
125,2017-09-29,3,François                                          ,Tremblay                                          ,Canada,Montréal,2396,Californication,Rock,0.99,1.0,0.99
125,2017-09-29,3,François                                          ,Tremblay                                          ,Canada,Montréal,459,Midnight,Jazz,0.99,1.0,0.99
125,2017-09-29,3,François                                          ,Tremblay                                          ,Canada,Montréal,2389,Warm Tape,Rock,0.99,1.0,0.99
125,2017-09-29,3,François                                          ,Tremblay                                          ,Canada,Montréal,1823,So What,Metal,0.99,1.0,0.99
125,2017-09-29,3,François                                          ,Tremblay                                          ,Canada,Montréal,151,Behind The Wall Of Sleep,Metal,0.99,1.0,0.99
125,2017-09-29,3,François                                          ,Tremblay                                          ,Canada,Montréal,198,When My Left Eye Jumps,Blues,0.99,1.0,0.99
125,2017-09-29,3,François                                          ,Tremblay                                          ,Canada,Montréal,3358,One Step Beyond,Electronica/Dance,0.99,1.0,0.99
126,2017-10-07,32,Aaron                                             ,Mitchell                                          ,Canada,Winnipeg,2157,Red Mosquito,Rock,0.99,1.0,0.99
126,2017-10-07,32,Aaron                                             ,Mitchell                                          ,Canada,Winnipeg,2380,The Zephyr Song,Rock,0.99,1.0,0.99
126,2017-10-07,32,Aaron                                             ,Mitchell                                          ,Canada,Winnipeg,42,Right Through You,Rock,0.99,1.0,0.99
126,2017-10-07,32,Aaron                                             ,Mitchell                                          ,Canada,Winnipeg,2510,Get On The Snake,Rock,0.99,1.0,0.99
127,2017-10-08,35,Madalena                                          ,Sampaio                                           ,Portugal,Porto,3135,Love Ain't No Stranger,Metal,0.99,1.0,0.99
127,2017-10-08,35,Madalena                                          ,Sampaio                                           ,Portugal,Porto,2,Balls to the Wall,Rock,0.99,1.0,0.99
127,2017-10-08,35,Madalena                                          ,Sampaio                                           ,Portugal,Porto,1127,I Fucking Hate You,Metal,0.99,1.0,0.99
127,2017-10-08,35,Madalena                                          ,Sampaio                                           ,Portugal,Porto,3378,Safe and Sound,Alternative,0.99,1.0,0.99
127,2017-10-08,35,Madalena                                          ,Sampaio                                           ,Portugal,Porto,3465,You Know I'm No Good (feat. Ghostface Killah),R&B/Soul,0.99,1.0,0.99
127,2017-10-08,35,Madalena                                          ,Sampaio                                           ,Portugal,Porto,2329,I Believe,Alternative & Punk,0.99,1.0,0.99
127,2017-10-08,35,Madalena                                          ,Sampaio                                           ,Portugal,Porto,2564,Lost in Hollywood,Metal,0.99,1.0,0.99
127,2017-10-08,35,Madalena                                          ,Sampaio                                           ,Portugal,Porto,3077,Can't Stop Loving You,Rock,0.99,1.0,0.99
127,2017-10-08,35,Madalena                                          ,Sampaio                                           ,Portugal,Porto,3367,Hunger Strike,Alternative,0.99,1.0,0.99
127,2017-10-08,35,Madalena                                          ,Sampaio                                           ,Portugal,Porto,1834,Whiplash,Metal,0.99,1.0,0.99
127,2017-10-08,35,Madalena                                          ,Sampaio                                           ,Portugal,Porto,1492,Purple Haze,Rock,0.99,1.0,0.99
128,2017-10-12,17,Jack                                              ,Smith                                             ,USA,Redmond,3283,Sweet Leaf,Rock,0.99,1.0,0.99
128,2017-10-12,17,Jack                                              ,Smith                                             ,USA,Redmond,3025,Red Light,Rock,0.99,1.0,0.99
128,2017-10-12,17,Jack                                              ,Smith                                             ,USA,Redmond,2686,Respectable,Rock,0.99,1.0,0.99
128,2017-10-12,17,Jack                                              ,Smith                                             ,USA,Redmond,2348,As Profecias,Rock,0.99,1.0,0.99
128,2017-10-12,17,Jack                                              ,Smith                                             ,USA,Redmond,3026,Surrender,Rock,0.99,1.0,0.99
128,2017-10-12,17,Jack                                              ,Smith                                             ,USA,Redmond,2560,Violent Pornography,Metal,0.99,1.0,0.99
128,2017-10-12,17,Jack                                              ,Smith                                             ,USA,Redmond,836,Make Love Like A Man,Rock,0.99,1.0,0.99
129,2017-10-16,17,Jack                                              ,Smith                                             ,USA,Redmond,2351,Todo Mundo Explica,Rock,0.99,1.0,0.99
129,2017-10-16,17,Jack                                              ,Smith                                             ,USA,Redmond,837,Armageddon It,Rock,0.99,1.0,0.99
129,2017-10-16,17,Jack                                              ,Smith                                             ,USA,Redmond,826,Pour Some Sugar On Me,Rock,0.99,1.0,0.99
129,2017-10-16,17,Jack                                              ,Smith                                             ,USA,Redmond,2555,B.Y.O.B.,Metal,0.99,1.0,0.99
129,2017-10-16,17,Jack                                              ,Smith                                             ,USA,Redmond,1880,Creeping Death,Metal,0.99,1.0,0.99
129,2017-10-16,17,Jack                                              ,Smith                                             ,USA,Redmond,778,Space Trucking,Rock,0.99,1.0,0.99
129,2017-10-16,17,Jack                                              ,Smith                                             ,USA,Redmond,12,Breaking The Rules,Rock,0.99,1.0,0.99
129,2017-10-16,17,Jack                                              ,Smith                                             ,USA,Redmond,1017,Overdrive,Alternative & Punk,0.99,1.0,0.99
129,2017-10-16,17,Jack                                              ,Smith                                             ,USA,Redmond,1641,Gallows Pole,Rock,0.99,1.0,0.99
129,2017-10-16,17,Jack                                              ,Smith                                             ,USA,Redmond,91,Shadow on the Sun,Rock,0.99,1.0,0.99
129,2017-10-16,17,Jack                                              ,Smith                                             ,USA,Redmond,1580,Black Dog,Rock,0.99,1.0,0.99
130,2017-10-19,13,Fernanda                                          ,Ramos                                             ,Brazil,Brasília,2660,King Of Pain,Rock,0.99,1.0,0.99
130,2017-10-19,13,Fernanda                                          ,Ramos                                             ,Brazil,Brasília,1573,"2,000 Man",Rock,0.99,1.0,0.99
130,2017-10-19,13,Fernanda                                          ,Ramos                                             ,Brazil,Brasília,2519,Burden In My Hand,Rock,0.99,1.0,0.99
130,2017-10-19,13,Fernanda                                          ,Ramos                                             ,Brazil,Brasília,2160,Nothingman,Rock,0.99,1.0,0.99
131,2017-10-21,2,Leonie                                            ,Köhler                                            ,Germany,Stuttgart,1754,White Feather,Rock,0.99,1.0,0.99
131,2017-10-21,2,Leonie                                            ,Köhler                                            ,Germany,Stuttgart,920,Malted Milk,Blues,0.99,1.0,0.99
131,2017-10-21,2,Leonie                                            ,Köhler                                            ,Germany,Stuttgart,1655,Achilles Last Stand,Rock,0.99,1.0,0.99
132,2017-10-22,14,Mark                                              ,Philips                                           ,Canada,Edmonton,2234,Us And Them,Rock,0.99,1.0,0.99
132,2017-10-22,14,Mark                                              ,Philips                                           ,Canada,Edmonton,2736,Boris The Spider,Rock,0.99,1.0,0.99
133,2017-10-22,35,Madalena                                          ,Sampaio                                           ,Portugal,Porto,3050,Superstition,Reggae,0.99,1.0,0.99
133,2017-10-22,35,Madalena                                          ,Sampaio                                           ,Portugal,Porto,1617,When The Levee Breaks,Rock,0.99,1.0,0.99
133,2017-10-22,35,Madalena                                          ,Sampaio                                           ,Portugal,Porto,37,Livin' On The Edge,Rock,0.99,1.0,0.99
133,2017-10-22,35,Madalena                                          ,Sampaio                                           ,Portugal,Porto,1485,May This Be Love,Rock,0.99,1.0,0.99
133,2017-10-22,35,Madalena                                          ,Sampaio                                           ,Portugal,Porto,1785,"Abraham, Martin And John",R&B/Soul,0.99,1.0,0.99
133,2017-10-22,35,Madalena                                          ,Sampaio                                           ,Portugal,Porto,1996,Heart-Shaped Box,Rock,0.99,1.0,0.99
133,2017-10-22,35,Madalena                                          ,Sampaio                                           ,Portugal,Porto,2686,Respectable,Rock,0.99,1.0,0.99
133,2017-10-22,35,Madalena                                          ,Sampaio                                           ,Portugal,Porto,1044,My Kind Of Town,Easy Listening,0.99,1.0,0.99
133,2017-10-22,35,Madalena                                          ,Sampaio                                           ,Portugal,Porto,53,Sea Of Sorrow,Rock,0.99,1.0,0.99
133,2017-10-22,35,Madalena                                          ,Sampaio                                           ,Portugal,Porto,410,Sabbra Cadabra,Metal,0.99,1.0,0.99
134,2017-10-23,2,Leonie                                            ,Köhler                                            ,Germany,Stuttgart,3380,Ghosts,Alternative,0.99,1.0,0.99
134,2017-10-23,2,Leonie                                            ,Köhler                                            ,Germany,Stuttgart,2162,Better Man,Rock,0.99,1.0,0.99
134,2017-10-23,2,Leonie                                            ,Köhler                                            ,Germany,Stuttgart,439,Sure Know Something,Rock,0.99,1.0,0.99
134,2017-10-23,2,Leonie                                            ,Köhler                                            ,Germany,Stuttgart,204,Talkin' 'Bout Women Obviously,Blues,0.99,1.0,0.99
134,2017-10-23,2,Leonie                                            ,Köhler                                            ,Germany,Stuttgart,1809,Of Wolf And Man,Metal,0.99,1.0,0.99
134,2017-10-23,2,Leonie                                            ,Köhler                                            ,Germany,Stuttgart,441,Deuce,Rock,0.99,1.0,0.99
134,2017-10-23,2,Leonie                                            ,Köhler                                            ,Germany,Stuttgart,3495,"24 Caprices, Op. 1, No. 24, for Solo Violin, in A Minor",Classical,0.99,1.0,0.99
134,2017-10-23,2,Leonie                                            ,Köhler                                            ,Germany,Stuttgart,226,Carolina,Latin,0.99,1.0,0.99
135,2017-10-25,11,Alexandre                                         ,Rocha                                             ,Brazil,São Paulo,2959,Hallelujah Here She Comes,Rock,0.99,1.0,0.99
135,2017-10-25,11,Alexandre                                         ,Rocha                                             ,Brazil,São Paulo,2518,Pretty Noose,Rock,0.99,1.0,0.99
135,2017-10-25,11,Alexandre                                         ,Rocha                                             ,Brazil,São Paulo,1221,2 Minutes To Midnight,Metal,0.99,1.0,0.99
136,2017-10-29,33,Ellie                                             ,Sullivan                                          ,Canada,Yellowknife,2241,Bossa,Hip Hop/Rap,0.99,1.0,0.99
136,2017-10-29,33,Ellie                                             ,Sullivan                                          ,Canada,Yellowknife,1157,Rocket Queen,Rock,0.99,1.0,0.99
136,2017-10-29,33,Ellie                                             ,Sullivan                                          ,Canada,Yellowknife,1559,Diamonds And Rust (Live),Metal,0.99,1.0,0.99
136,2017-10-29,33,Ellie                                             ,Sullivan                                          ,Canada,Yellowknife,1166,Double Talkin' Jive,Rock,0.99,1.0,0.99
137,2017-10-29,34,João                                              ,Fernandes                                         ,Portugal,Lisbon,3336,War Pigs,Alternative,0.99,1.0,0.99
137,2017-10-29,34,João                                              ,Fernandes                                         ,Portugal,Lisbon,43,Forgiven,Rock,0.99,1.0,0.99
138,2017-10-30,33,Ellie                                             ,Sullivan                                          ,Canada,Yellowknife,2271,We Will Rock You,Rock,0.99,1.0,0.99
138,2017-10-30,33,Ellie                                             ,Sullivan                                          ,Canada,Yellowknife,2272,We Are The Champions,Rock,0.99,1.0,0.99
138,2017-10-30,33,Ellie                                             ,Sullivan                                          ,Canada,Yellowknife,2273,Sheer Heart Attack,Rock,0.99,1.0,0.99
138,2017-10-30,33,Ellie                                             ,Sullivan                                          ,Canada,Yellowknife,2274,"All Dead, All Dead",Rock,0.99,1.0,0.99
138,2017-10-30,33,Ellie                                             ,Sullivan                                          ,Canada,Yellowknife,2275,Spread Your Wings,Rock,0.99,1.0,0.99
138,2017-10-30,33,Ellie                                             ,Sullivan                                          ,Canada,Yellowknife,2276,Fight From The Inside,Rock,0.99,1.0,0.99
138,2017-10-30,33,Ellie                                             ,Sullivan                                          ,Canada,Yellowknife,2277,"Get Down, Make Love",Rock,0.99,1.0,0.99
138,2017-10-30,33,Ellie                                             ,Sullivan                                          ,Canada,Yellowknife,2278,Sleep On The Sidewalk,Rock,0.99,1.0,0.99
138,2017-10-30,33,Ellie                                             ,Sullivan                                          ,Canada,Yellowknife,2279,Who Needs You,Rock,0.99,1.0,0.99
138,2017-10-30,33,Ellie                                             ,Sullivan                                          ,Canada,Yellowknife,2280,It's Late,Rock,0.99,1.0,0.99
138,2017-10-30,33,Ellie                                             ,Sullivan                                          ,Canada,Yellowknife,2281,My Melancholy Blues,Rock,0.99,1.0,0.99
139,2017-11-03,23,John                                              ,Gordon                                            ,USA,Boston,1814,The Small Hours,Metal,0.99,1.0,0.99
139,2017-11-03,23,John                                              ,Gordon                                            ,USA,Boston,2746,5.15,Rock,0.99,1.0,0.99
139,2017-11-03,23,John                                              ,Gordon                                            ,USA,Boston,781,Pictures Of Home,Rock,0.99,1.0,0.99
139,2017-11-03,23,John                                              ,Gordon                                            ,USA,Boston,1138,St. Jimmy,Alternative & Punk,0.99,1.0,0.99
139,2017-11-03,23,John                                              ,Gordon                                            ,USA,Boston,2642,Twentienth Century Fox,Rock,0.99,1.0,0.99
140,2017-11-06,58,Manoj                                             ,Pareek                                            ,India,Delhi,1002,Another Round,Rock,0.99,1.0,0.99
140,2017-11-06,58,Manoj                                             ,Pareek                                            ,India,Delhi,819,Talk About Love,Rock,0.99,1.0,0.99
140,2017-11-06,58,Manoj                                             ,Pareek                                            ,India,Delhi,2551,Wet My Bed,Rock,0.99,1.0,0.99
140,2017-11-06,58,Manoj                                             ,Pareek                                            ,India,Delhi,1155,You're Crazy,Rock,0.99,1.0,0.99
140,2017-11-06,58,Manoj                                             ,Pareek                                            ,India,Delhi,705,The Midnight Special,Rock,0.99,1.0,0.99
140,2017-11-06,58,Manoj                                             ,Pareek                                            ,India,Delhi,2150,Given To Fly,Rock,0.99,1.0,0.99
140,2017-11-06,58,Manoj                                             ,Pareek                                            ,India,Delhi,468,Maria,Alternative & Punk,0.99,1.0,0.99
140,2017-11-06,58,Manoj                                             ,Pareek                                            ,India,Delhi,1356,Wrathchild,Metal,0.99,1.0,0.99
141,2017-11-07,45,Ladislav                                          ,Kovács                                            ,Hungary,Budapest,2621,She Sells Sanctuary,Rock,0.99,1.0,0.99
141,2017-11-07,45,Ladislav                                          ,Kovács                                            ,Hungary,Budapest,2622,Fire Woman,Rock,0.99,1.0,0.99
141,2017-11-07,45,Ladislav                                          ,Kovács                                            ,Hungary,Budapest,2623,Lil' Evil,Rock,0.99,1.0,0.99
141,2017-11-07,45,Ladislav                                          ,Kovács                                            ,Hungary,Budapest,2624,Spirit Walker,Rock,0.99,1.0,0.99
141,2017-11-07,45,Ladislav                                          ,Kovács                                            ,Hungary,Budapest,2625,The Witch,Rock,0.99,1.0,0.99
141,2017-11-07,45,Ladislav                                          ,Kovács                                            ,Hungary,Budapest,2626,Revolution,Rock,0.99,1.0,0.99
141,2017-11-07,45,Ladislav                                          ,Kovács                                            ,Hungary,Budapest,2627,Wild Hearted Son,Rock,0.99,1.0,0.99
141,2017-11-07,45,Ladislav                                          ,Kovács                                            ,Hungary,Budapest,2628,Love Removal Machine,Rock,0.99,1.0,0.99
141,2017-11-07,45,Ladislav                                          ,Kovács                                            ,Hungary,Budapest,2629,Rain,Rock,0.99,1.0,0.99
141,2017-11-07,45,Ladislav                                          ,Kovács                                            ,Hungary,Budapest,2630,Edie (Ciao Baby),Rock,0.99,1.0,0.99
141,2017-11-07,45,Ladislav                                          ,Kovács                                            ,Hungary,Budapest,2631,Heart Of Soul,Rock,0.99,1.0,0.99
141,2017-11-07,45,Ladislav                                          ,Kovács                                            ,Hungary,Budapest,2632,Love,Rock,0.99,1.0,0.99
141,2017-11-07,45,Ladislav                                          ,Kovács                                            ,Hungary,Budapest,2633,Wild Flower,Rock,0.99,1.0,0.99
141,2017-11-07,45,Ladislav                                          ,Kovács                                            ,Hungary,Budapest,2634,Go West,Rock,0.99,1.0,0.99
141,2017-11-07,45,Ladislav                                          ,Kovács                                            ,Hungary,Budapest,2635,Resurrection Joe,Rock,0.99,1.0,0.99
141,2017-11-07,45,Ladislav                                          ,Kovács                                            ,Hungary,Budapest,2636,Sun King,Rock,0.99,1.0,0.99
141,2017-11-07,45,Ladislav                                          ,Kovács                                            ,Hungary,Budapest,2637,Sweet Soul Sister,Rock,0.99,1.0,0.99
141,2017-11-07,45,Ladislav                                          ,Kovács                                            ,Hungary,Budapest,2638,Earth Mofo,Rock,0.99,1.0,0.99
142,2017-11-10,15,Jennifer                                          ,Peterson                                          ,Canada,Vancouver,23,Walk On Water,Rock,0.99,1.0,0.99
142,2017-11-10,15,Jennifer                                          ,Peterson                                          ,Canada,Vancouver,24,Love In An Elevator,Rock,0.99,1.0,0.99
142,2017-11-10,15,Jennifer                                          ,Peterson                                          ,Canada,Vancouver,25,Rag Doll,Rock,0.99,1.0,0.99
142,2017-11-10,15,Jennifer                                          ,Peterson                                          ,Canada,Vancouver,26,What It Takes,Rock,0.99,1.0,0.99
142,2017-11-10,15,Jennifer                                          ,Peterson                                          ,Canada,Vancouver,27,Dude (Looks Like A Lady),Rock,0.99,1.0,0.99
142,2017-11-10,15,Jennifer                                          ,Peterson                                          ,Canada,Vancouver,28,Janie's Got A Gun,Rock,0.99,1.0,0.99
142,2017-11-10,15,Jennifer                                          ,Peterson                                          ,Canada,Vancouver,29,Cryin',Rock,0.99,1.0,0.99
142,2017-11-10,15,Jennifer                                          ,Peterson                                          ,Canada,Vancouver,30,Amazing,Rock,0.99,1.0,0.99
142,2017-11-10,15,Jennifer                                          ,Peterson                                          ,Canada,Vancouver,31,Blind Man,Rock,0.99,1.0,0.99
142,2017-11-10,15,Jennifer                                          ,Peterson                                          ,Canada,Vancouver,32,Deuces Are Wild,Rock,0.99,1.0,0.99
142,2017-11-10,15,Jennifer                                          ,Peterson                                          ,Canada,Vancouver,33,The Other Side,Rock,0.99,1.0,0.99
142,2017-11-10,15,Jennifer                                          ,Peterson                                          ,Canada,Vancouver,34,Crazy,Rock,0.99,1.0,0.99
142,2017-11-10,15,Jennifer                                          ,Peterson                                          ,Canada,Vancouver,35,Eat The Rich,Rock,0.99,1.0,0.99
142,2017-11-10,15,Jennifer                                          ,Peterson                                          ,Canada,Vancouver,36,Angel,Rock,0.99,1.0,0.99
142,2017-11-10,15,Jennifer                                          ,Peterson                                          ,Canada,Vancouver,37,Livin' On The Edge,Rock,0.99,1.0,0.99
143,2017-11-10,25,Victor                                            ,Stevens                                           ,USA,Madison,915,Layla,Blues,0.99,1.0,0.99
143,2017-11-10,25,Victor                                            ,Stevens                                           ,USA,Madison,600,Tempus Fugit,Jazz,0.99,1.0,0.99
143,2017-11-10,25,Victor                                            ,Stevens                                           ,USA,Madison,479,Walking Contradiction,Alternative & Punk,0.99,1.0,0.99
143,2017-11-10,25,Victor                                            ,Stevens                                           ,USA,Madison,933,Home Sick Home,Alternative & Punk,0.99,1.0,0.99
143,2017-11-10,25,Victor                                            ,Stevens                                           ,USA,Madison,2601,Bankrobber,Alternative & Punk,0.99,1.0,0.99
144,2017-11-18,33,Ellie                                             ,Sullivan                                          ,Canada,Yellowknife,2590,Remedy,Blues,0.99,1.0,0.99
144,2017-11-18,33,Ellie                                             ,Sullivan                                          ,Canada,Yellowknife,3291,Loving You Sunday Morning,Rock,0.99,1.0,0.99
144,2017-11-18,33,Ellie                                             ,Sullivan                                          ,Canada,Yellowknife,158,Changes,Metal,0.99,1.0,0.99
145,2017-11-22,28,Julia                                             ,Barnett                                           ,USA,Salt Lake City,2378,Dosed,Rock,0.99,1.0,0.99
145,2017-11-22,28,Julia                                             ,Barnett                                           ,USA,Salt Lake City,2383,Midnight,Rock,0.99,1.0,0.99
145,2017-11-22,28,Julia                                             ,Barnett                                           ,USA,Salt Lake City,2519,Burden In My Hand,Rock,0.99,1.0,0.99
145,2017-11-22,28,Julia                                             ,Barnett                                           ,USA,Salt Lake City,1422,"Say It Loud, I'm Black And I'm Proud Pt.1",R&B/Soul,0.99,1.0,0.99
145,2017-11-22,28,Julia                                             ,Barnett                                           ,USA,Salt Lake City,3255,Mother,Pop,0.99,1.0,0.99
146,2017-11-22,58,Manoj                                             ,Pareek                                            ,India,Delhi,1466,Last Chance,Alternative & Punk,0.99,1.0,0.99
146,2017-11-22,58,Manoj                                             ,Pareek                                            ,India,Delhi,1467,Are You Gonna Be My Girl,Alternative & Punk,0.99,1.0,0.99
146,2017-11-22,58,Manoj                                             ,Pareek                                            ,India,Delhi,1468,Rollover D.J.,Alternative & Punk,0.99,1.0,0.99
146,2017-11-22,58,Manoj                                             ,Pareek                                            ,India,Delhi,1469,Look What You've Done,Alternative & Punk,0.99,1.0,0.99
146,2017-11-22,58,Manoj                                             ,Pareek                                            ,India,Delhi,1470,Get What You Need,Alternative & Punk,0.99,1.0,0.99
146,2017-11-22,58,Manoj                                             ,Pareek                                            ,India,Delhi,1471,Move On,Alternative & Punk,0.99,1.0,0.99
146,2017-11-22,58,Manoj                                             ,Pareek                                            ,India,Delhi,1472,Radio Song,Alternative & Punk,0.99,1.0,0.99
146,2017-11-22,58,Manoj                                             ,Pareek                                            ,India,Delhi,1473,Get Me Outta Here,Alternative & Punk,0.99,1.0,0.99
146,2017-11-22,58,Manoj                                             ,Pareek                                            ,India,Delhi,1474,Cold Hard Bitch,Alternative & Punk,0.99,1.0,0.99
146,2017-11-22,58,Manoj                                             ,Pareek                                            ,India,Delhi,1475,Come Around Again,Alternative & Punk,0.99,1.0,0.99
146,2017-11-22,58,Manoj                                             ,Pareek                                            ,India,Delhi,1476,Take It Or Leave It,Alternative & Punk,0.99,1.0,0.99
146,2017-11-22,58,Manoj                                             ,Pareek                                            ,India,Delhi,1477,Lazy Gun,Alternative & Punk,0.99,1.0,0.99
146,2017-11-22,58,Manoj                                             ,Pareek                                            ,India,Delhi,1478,Timothy,Alternative & Punk,0.99,1.0,0.99
147,2017-11-28,19,Tim                                               ,Goyer                                             ,USA,Cupertino,56,"Love, Hate, Love",Rock,0.99,1.0,0.99
147,2017-11-28,19,Tim                                               ,Goyer                                             ,USA,Cupertino,3078,Humans Being,Rock,0.99,1.0,0.99
147,2017-11-28,19,Tim                                               ,Goyer                                             ,USA,Cupertino,2361,Funky Monks,Alternative & Punk,0.99,1.0,0.99
147,2017-11-28,19,Tim                                               ,Goyer                                             ,USA,Cupertino,1487,Third Stone From The Sun,Rock,0.99,1.0,0.99
147,2017-11-28,19,Tim                                               ,Goyer                                             ,USA,Cupertino,2544,Wicked Garden,Rock,0.99,1.0,0.99
148,2017-11-30,42,Wyatt                                             ,Girard                                            ,France,Bordeaux,1637,Friends,Rock,0.99,1.0,0.99
148,2017-11-30,42,Wyatt                                             ,Girard                                            ,France,Bordeaux,1945,Live To Win,Metal,0.99,1.0,0.99
148,2017-11-30,42,Wyatt                                             ,Girard                                            ,France,Bordeaux,53,Sea Of Sorrow,Rock,0.99,1.0,0.99
148,2017-11-30,42,Wyatt                                             ,Girard                                            ,France,Bordeaux,1493,51st Anniversary,Rock,0.99,1.0,0.99
148,2017-11-30,42,Wyatt                                             ,Girard                                            ,France,Bordeaux,24,Love In An Elevator,Rock,0.99,1.0,0.99
148,2017-11-30,42,Wyatt                                             ,Girard                                            ,France,Bordeaux,1990,Smells Like Teen Spirit,Rock,0.99,1.0,0.99
148,2017-11-30,42,Wyatt                                             ,Girard                                            ,France,Bordeaux,1145,Whatsername,Alternative & Punk,0.99,1.0,0.99
148,2017-11-30,42,Wyatt                                             ,Girard                                            ,France,Bordeaux,2110,Goodbye To Romance,Metal,0.99,1.0,0.99
148,2017-11-30,42,Wyatt                                             ,Girard                                            ,France,Bordeaux,3455,Rehab,R&B/Soul,0.99,1.0,0.99
149,2017-11-30,1,Luís                                              ,Gonçalves                                         ,Brazil,São José dos Campos,1026,My Hero,Rock,0.99,1.0,0.99
149,2017-11-30,1,Luís                                              ,Gonçalves                                         ,Brazil,São José dos Campos,841,Bringin' On The Heartbreak,Rock,0.99,1.0,0.99
149,2017-11-30,1,Luís                                              ,Gonçalves                                         ,Brazil,São José dos Campos,28,Janie's Got A Gun,Rock,0.99,1.0,0.99
149,2017-11-30,1,Luís                                              ,Gonçalves                                         ,Brazil,São José dos Campos,1166,Double Talkin' Jive,Rock,0.99,1.0,0.99
149,2017-11-30,1,Luís                                              ,Gonçalves                                         ,Brazil,São José dos Campos,1969,Bitter Pill,Metal,0.99,1.0,0.99
149,2017-11-30,1,Luís                                              ,Gonçalves                                         ,Brazil,São José dos Campos,163,Laguna Sunrise,Metal,0.99,1.0,0.99
149,2017-11-30,1,Luís                                              ,Gonçalves                                         ,Brazil,São José dos Campos,2660,King Of Pain,Rock,0.99,1.0,0.99
149,2017-11-30,1,Luís                                              ,Gonçalves                                         ,Brazil,São José dos Campos,1296,Hallowed Be Thy Name,Metal,0.99,1.0,0.99
149,2017-11-30,1,Luís                                              ,Gonçalves                                         ,Brazil,São José dos Campos,1153,Think About You,Rock,0.99,1.0,0.99
150,2017-12-01,22,Heather                                           ,Leacock                                           ,USA,Orlando,1181,Pretty Tied Up,Metal,0.99,1.0,0.99
150,2017-12-01,22,Heather                                           ,Leacock                                           ,USA,Orlando,3395,Somedays,Alternative,0.99,1.0,0.99
150,2017-12-01,22,Heather                                           ,Leacock                                           ,USA,Orlando,1021,Monkey Wrench,Rock,0.99,1.0,0.99
151,2017-12-06,35,Madalena                                          ,Sampaio                                           ,Portugal,Porto,3468,You Sent Me Flying / Cherry,Pop,0.99,1.0,0.99
151,2017-12-06,35,Madalena                                          ,Sampaio                                           ,Portugal,Porto,605,Generique,Jazz,0.99,1.0,0.99
151,2017-12-06,35,Madalena                                          ,Sampaio                                           ,Portugal,Porto,1796,Who Can It Be Now?,Rock,0.99,1.0,0.99
152,2017-12-12,12,Roberto                                           ,Almeida                                           ,Brazil,Rio de Janeiro,2731,I Can't Explain,Rock,0.99,1.0,0.99
152,2017-12-12,12,Roberto                                           ,Almeida                                           ,Brazil,Rio de Janeiro,2234,Us And Them,Rock,0.99,1.0,0.99
152,2017-12-12,12,Roberto                                           ,Almeida                                           ,Brazil,Rio de Janeiro,1030,Everlong,Rock,0.99,1.0,0.99
152,2017-12-12,12,Roberto                                           ,Almeida                                           ,Brazil,Rio de Janeiro,1890,The Unnamed Feeling,Metal,0.99,1.0,0.99
152,2017-12-12,12,Roberto                                           ,Almeida                                           ,Brazil,Rio de Janeiro,2556,Revenga,Metal,0.99,1.0,0.99
152,2017-12-12,12,Roberto                                           ,Almeida                                           ,Brazil,Rio de Janeiro,1462,Scam,Electronica/Dance,0.99,1.0,0.99
153,2017-12-14,1,Luís                                              ,Gonçalves                                         ,Brazil,São José dos Campos,2406,The Spirit Of Radio,Rock,0.99,1.0,0.99
153,2017-12-14,1,Luís                                              ,Gonçalves                                         ,Brazil,São José dos Campos,2407,The Trees,Rock,0.99,1.0,0.99
153,2017-12-14,1,Luís                                              ,Gonçalves                                         ,Brazil,São José dos Campos,2408,Something For Nothing,Rock,0.99,1.0,0.99
153,2017-12-14,1,Luís                                              ,Gonçalves                                         ,Brazil,São José dos Campos,2409,Freewill,Rock,0.99,1.0,0.99
153,2017-12-14,1,Luís                                              ,Gonçalves                                         ,Brazil,São José dos Campos,2410,Xanadu,Rock,0.99,1.0,0.99
153,2017-12-14,1,Luís                                              ,Gonçalves                                         ,Brazil,São José dos Campos,2411,Bastille Day,Rock,0.99,1.0,0.99
153,2017-12-14,1,Luís                                              ,Gonçalves                                         ,Brazil,São José dos Campos,2412,By-Tor And The Snow Dog,Rock,0.99,1.0,0.99
153,2017-12-14,1,Luís                                              ,Gonçalves                                         ,Brazil,São José dos Campos,2413,Anthem,Rock,0.99,1.0,0.99
153,2017-12-14,1,Luís                                              ,Gonçalves                                         ,Brazil,São José dos Campos,2414,Closer To The Heart,Rock,0.99,1.0,0.99
153,2017-12-14,1,Luís                                              ,Gonçalves                                         ,Brazil,São José dos Campos,2415,2112 Overture,Rock,0.99,1.0,0.99
153,2017-12-14,1,Luís                                              ,Gonçalves                                         ,Brazil,São José dos Campos,2416,The Temples Of Syrinx,Rock,0.99,1.0,0.99
153,2017-12-14,1,Luís                                              ,Gonçalves                                         ,Brazil,São José dos Campos,2417,La Villa Strangiato,Rock,0.99,1.0,0.99
153,2017-12-14,1,Luís                                              ,Gonçalves                                         ,Brazil,São José dos Campos,2418,Fly By Night,Rock,0.99,1.0,0.99
153,2017-12-14,1,Luís                                              ,Gonçalves                                         ,Brazil,São José dos Campos,2419,Finding My Way,Rock,0.99,1.0,0.99
154,2017-12-17,39,Camille                                           ,Bernard                                           ,France,Paris,2684,Sister Morphine,Rock,0.99,1.0,0.99
154,2017-12-17,39,Camille                                           ,Bernard                                           ,France,Paris,3314,One For The Road,Hip Hop/Rap,0.99,1.0,0.99
154,2017-12-17,39,Camille                                           ,Bernard                                           ,France,Paris,2649,The End,Rock,0.99,1.0,0.99
155,2018-01-02,59,Puja                                              ,Srivastava                                        ,India,Bangalore,436,Detroit Rock City,Rock,0.99,1.0,0.99
155,2018-01-02,59,Puja                                              ,Srivastava                                        ,India,Bangalore,1122,Faceless,Metal,0.99,1.0,0.99
155,2018-01-02,59,Puja                                              ,Srivastava                                        ,India,Bangalore,1953,The Hammer,Metal,0.99,1.0,0.99
155,2018-01-02,59,Puja                                              ,Srivastava                                        ,India,Bangalore,2325,Green Grow The Rushes,Alternative & Punk,0.99,1.0,0.99
155,2018-01-02,59,Puja                                              ,Srivastava                                        ,India,Bangalore,594,Agora Que O Dia Acordou,Latin,0.99,1.0,0.99
155,2018-01-02,59,Puja                                              ,Srivastava                                        ,India,Bangalore,1183,So Fine,Metal,0.99,1.0,0.99
155,2018-01-02,59,Puja                                              ,Srivastava                                        ,India,Bangalore,94,Hypnotize,Rock,0.99,1.0,0.99
155,2018-01-02,59,Puja                                              ,Srivastava                                        ,India,Bangalore,2365,The Righteous & The Wicked,Alternative & Punk,0.99,1.0,0.99
155,2018-01-02,59,Puja                                              ,Srivastava                                        ,India,Bangalore,1546,The Green Manalishi,Metal,0.99,1.0,0.99
156,2018-01-03,10,Eduardo                                           ,Martins                                           ,Brazil,São Paulo,1882,Frantic,Metal,0.99,1.0,0.99
156,2018-01-03,10,Eduardo                                           ,Martins                                           ,Brazil,São Paulo,1883,St. Anger,Metal,0.99,1.0,0.99
156,2018-01-03,10,Eduardo                                           ,Martins                                           ,Brazil,São Paulo,1884,Some Kind Of Monster,Metal,0.99,1.0,0.99
156,2018-01-03,10,Eduardo                                           ,Martins                                           ,Brazil,São Paulo,1885,Dirty Window,Metal,0.99,1.0,0.99
156,2018-01-03,10,Eduardo                                           ,Martins                                           ,Brazil,São Paulo,1886,Invisible Kid,Metal,0.99,1.0,0.99
156,2018-01-03,10,Eduardo                                           ,Martins                                           ,Brazil,São Paulo,1887,My World,Metal,0.99,1.0,0.99
156,2018-01-03,10,Eduardo                                           ,Martins                                           ,Brazil,São Paulo,1888,Shoot Me Again,Metal,0.99,1.0,0.99
156,2018-01-03,10,Eduardo                                           ,Martins                                           ,Brazil,São Paulo,1889,Sweet Amber,Metal,0.99,1.0,0.99
156,2018-01-03,10,Eduardo                                           ,Martins                                           ,Brazil,São Paulo,1890,The Unnamed Feeling,Metal,0.99,1.0,0.99
156,2018-01-03,10,Eduardo                                           ,Martins                                           ,Brazil,São Paulo,1891,Purify,Metal,0.99,1.0,0.99
156,2018-01-03,10,Eduardo                                           ,Martins                                           ,Brazil,São Paulo,1892,All Within My Hands,Metal,0.99,1.0,0.99
157,2018-01-04,57,Luis                                              ,Rojas                                             ,Chile,Santiago,3336,War Pigs,Alternative,0.99,1.0,0.99
158,2018-01-07,57,Luis                                              ,Rojas                                             ,Chile,Santiago,3108,Spectacle,Rock,0.99,1.0,0.99
158,2018-01-07,57,Luis                                              ,Rojas                                             ,Chile,Santiago,3000,God Part II,Rock,0.99,1.0,0.99
158,2018-01-07,57,Luis                                              ,Rojas                                             ,Chile,Santiago,1050,That's Life,Easy Listening,0.99,1.0,0.99
158,2018-01-07,57,Luis                                              ,Rojas                                             ,Chile,Santiago,1478,Timothy,Alternative & Punk,0.99,1.0,0.99
158,2018-01-07,57,Luis                                              ,Rojas                                             ,Chile,Santiago,1136,Boulevard Of Broken Dreams,Alternative & Punk,0.99,1.0,0.99
158,2018-01-07,57,Luis                                              ,Rojas                                             ,Chile,Santiago,1175,14 Years,Metal,0.99,1.0,0.99
159,2018-01-08,20,Dan                                               ,Miller                                            ,USA,Mountain View,2450,Três Lados,Rock,0.99,1.0,0.99
159,2018-01-08,20,Dan                                               ,Miller                                            ,USA,Mountain View,3139,Slow An' Easy,Metal,0.99,1.0,0.99
159,2018-01-08,20,Dan                                               ,Miller                                            ,USA,Mountain View,2548,Creep,Rock,0.99,1.0,0.99
159,2018-01-08,20,Dan                                               ,Miller                                            ,USA,Mountain View,153,Evil Woman,Metal,0.99,1.0,0.99
159,2018-01-08,20,Dan                                               ,Miller                                            ,USA,Mountain View,2383,Midnight,Rock,0.99,1.0,0.99
159,2018-01-08,20,Dan                                               ,Miller                                            ,USA,Mountain View,3055,Secrets,Rock,0.99,1.0,0.99
160,2018-01-09,41,Marc                                              ,Dubois                                            ,France,Lyon,1052,The Lady Is A Tramp,Easy Listening,0.99,1.0,0.99
160,2018-01-09,41,Marc                                              ,Dubois                                            ,France,Lyon,3461,Tears Dry On Their Own,R&B/Soul,0.99,1.0,0.99
160,2018-01-09,41,Marc                                              ,Dubois                                            ,France,Lyon,3468,You Sent Me Flying / Cherry,Pop,0.99,1.0,0.99
160,2018-01-09,41,Marc                                              ,Dubois                                            ,France,Lyon,1004,Over And Out,Rock,0.99,1.0,0.99
160,2018-01-09,41,Marc                                              ,Dubois                                            ,France,Lyon,1324,Running Free,Rock,0.99,1.0,0.99
160,2018-01-09,41,Marc                                              ,Dubois                                            ,France,Lyon,36,Angel,Rock,0.99,1.0,0.99
160,2018-01-09,41,Marc                                              ,Dubois                                            ,France,Lyon,1879,Escape,Metal,0.99,1.0,0.99
160,2018-01-09,41,Marc                                              ,Dubois                                            ,France,Lyon,470,Longview,Alternative & Punk,0.99,1.0,0.99
160,2018-01-09,41,Marc                                              ,Dubois                                            ,France,Lyon,2419,Finding My Way,Rock,0.99,1.0,0.99
161,2018-01-13,24,Frank                                             ,Ralston                                           ,USA,Chicago,1415,Think,R&B/Soul,0.99,1.0,0.99
161,2018-01-13,24,Frank                                             ,Ralston                                           ,USA,Chicago,2598,I Fought The Law,Alternative & Punk,0.99,1.0,0.99
161,2018-01-13,24,Frank                                             ,Ralston                                           ,USA,Chicago,55,I Can't Remember,Rock,0.99,1.0,0.99
161,2018-01-13,24,Frank                                             ,Ralston                                           ,USA,Chicago,1826,Damage Case,Metal,0.99,1.0,0.99
161,2018-01-13,24,Frank                                             ,Ralston                                           ,USA,Chicago,2583,High Head Blues,Blues,0.99,1.0,0.99
161,2018-01-13,24,Frank                                             ,Ralston                                           ,USA,Chicago,1568,A World Without Heroes,Rock,0.99,1.0,0.99
161,2018-01-13,24,Frank                                             ,Ralston                                           ,USA,Chicago,2111,No Bone Movies,Metal,0.99,1.0,0.99
161,2018-01-13,24,Frank                                             ,Ralston                                           ,USA,Chicago,3465,You Know I'm No Good (feat. Ghostface Killah),R&B/Soul,0.99,1.0,0.99
162,2018-01-15,2,Leonie                                            ,Köhler                                            ,Germany,Stuttgart,2207,Glorified G,Rock,0.99,1.0,0.99
162,2018-01-15,2,Leonie                                            ,Köhler                                            ,Germany,Stuttgart,2517,Fell On Black Days,Rock,0.99,1.0,0.99
162,2018-01-15,2,Leonie                                            ,Köhler                                            ,Germany,Stuttgart,2602,The Call Up,Alternative & Punk,0.99,1.0,0.99
162,2018-01-15,2,Leonie                                            ,Köhler                                            ,Germany,Stuttgart,2641,The Crystal Ship,Rock,0.99,1.0,0.99
162,2018-01-15,2,Leonie                                            ,Köhler                                            ,Germany,Stuttgart,1042,Love And Marriage,Easy Listening,0.99,1.0,0.99
162,2018-01-15,2,Leonie                                            ,Köhler                                            ,Germany,Stuttgart,1951,Bite The Bullet,Metal,0.99,1.0,0.99
162,2018-01-15,2,Leonie                                            ,Köhler                                            ,Germany,Stuttgart,2235,Any Colour You Like,Rock,0.99,1.0,0.99
162,2018-01-15,2,Leonie                                            ,Köhler                                            ,Germany,Stuttgart,899,Cocaine,Blues,0.99,1.0,0.99
162,2018-01-15,2,Leonie                                            ,Köhler                                            ,Germany,Stuttgart,3301,Salutations,Hip Hop/Rap,0.99,1.0,0.99
163,2018-01-16,6,Helena                                            ,Holý                                              ,Czech Republic,Prague,2556,Revenga,Metal,0.99,1.0,0.99
163,2018-01-16,6,Helena                                            ,Holý                                              ,Czech Republic,Prague,2285,Pop Song 89,Alternative & Punk,0.99,1.0,0.99
163,2018-01-16,6,Helena                                            ,Holý                                              ,Czech Republic,Prague,3102,Ballot or the Bullet,Rock,0.99,1.0,0.99
163,2018-01-16,6,Helena                                            ,Holý                                              ,Czech Republic,Prague,2204,Go,Rock,0.99,1.0,0.99
163,2018-01-16,6,Helena                                            ,Holý                                              ,Czech Republic,Prague,2012,Stay Away,Rock,0.99,1.0,0.99
163,2018-01-16,6,Helena                                            ,Holý                                              ,Czech Republic,Prague,1211,Hallowed Be Thy Name (Live) [Non Album Bonus Track],Rock,0.99,1.0,0.99
163,2018-01-16,6,Helena                                            ,Holý                                              ,Czech Republic,Prague,768,Knocking At Your Back Door,Rock,0.99,1.0,0.99
163,2018-01-16,6,Helena                                            ,Holý                                              ,Czech Republic,Prague,1009,All My Life,Alternative & Punk,0.99,1.0,0.99
163,2018-01-16,6,Helena                                            ,Holý                                              ,Czech Republic,Prague,2653,Walking on the Moon,Rock,0.99,1.0,0.99
164,2018-01-20,49,Stanisław                                         ,Wójcik                                            ,Poland,Warsaw,3116,Loving The Alien,Rock,0.99,1.0,0.99
164,2018-01-20,49,Stanisław                                         ,Wójcik                                            ,Poland,Warsaw,1490,Hey Joe,Rock,0.99,1.0,0.99
164,2018-01-20,49,Stanisław                                         ,Wójcik                                            ,Poland,Warsaw,913,Lonely Stranger,Blues,0.99,1.0,0.99
164,2018-01-20,49,Stanisław                                         ,Wójcik                                            ,Poland,Warsaw,3336,War Pigs,Alternative,0.99,1.0,0.99
165,2018-01-21,41,Marc                                              ,Dubois                                            ,France,Lyon,76,"Canta, Canta Mais",Jazz,0.99,1.0,0.99
165,2018-01-21,41,Marc                                              ,Dubois                                            ,France,Lyon,59,Put You Down,Rock,0.99,1.0,0.99
165,2018-01-21,41,Marc                                              ,Dubois                                            ,France,Lyon,2743,Baba O'Riley,Rock,0.99,1.0,0.99
165,2018-01-21,41,Marc                                              ,Dubois                                            ,France,Lyon,2230,On The Run,Rock,0.99,1.0,0.99
165,2018-01-21,41,Marc                                              ,Dubois                                            ,France,Lyon,2240,Hip Hop Rio,Hip Hop/Rap,0.99,1.0,0.99
165,2018-01-21,41,Marc                                              ,Dubois                                            ,France,Lyon,1163,You Ain't the First,Rock,0.99,1.0,0.99
165,2018-01-21,41,Marc                                              ,Dubois                                            ,France,Lyon,2217,Don't Look Back,Reggae,0.99,1.0,0.99
165,2018-01-21,41,Marc                                              ,Dubois                                            ,France,Lyon,1143,Wake Me Up When September Ends,Alternative & Punk,0.99,1.0,0.99
166,2018-01-21,17,Jack                                              ,Smith                                             ,USA,Redmond,2662,Don't Stand So Close to Me '86,Rock,0.99,1.0,0.99
166,2018-01-21,17,Jack                                              ,Smith                                             ,USA,Redmond,3290,The Zoo,Rock,0.99,1.0,0.99
166,2018-01-21,17,Jack                                              ,Smith                                             ,USA,Redmond,2013,On A Plain,Rock,0.99,1.0,0.99
166,2018-01-21,17,Jack                                              ,Smith                                             ,USA,Redmond,3467,Intro / Stronger Than Me,Pop,0.99,1.0,0.99
166,2018-01-21,17,Jack                                              ,Smith                                             ,USA,Redmond,1686,Será,Latin,0.99,1.0,0.99
166,2018-01-21,17,Jack                                              ,Smith                                             ,USA,Redmond,1473,Get Me Outta Here,Alternative & Punk,0.99,1.0,0.99
166,2018-01-21,17,Jack                                              ,Smith                                             ,USA,Redmond,56,"Love, Hate, Love",Rock,0.99,1.0,0.99
166,2018-01-21,17,Jack                                              ,Smith                                             ,USA,Redmond,3115,Dirty Little Thing,Rock,0.99,1.0,0.99
166,2018-01-21,17,Jack                                              ,Smith                                             ,USA,Redmond,3019,Seconds,Rock,0.99,1.0,0.99
166,2018-01-21,17,Jack                                              ,Smith                                             ,USA,Redmond,2644,Light My Fire,Rock,0.99,1.0,0.99
167,2018-01-25,21,Kathy                                             ,Chase                                             ,USA,Reno,1614,Misty Mountain Hop,Rock,0.99,1.0,0.99
167,2018-01-25,21,Kathy                                             ,Chase                                             ,USA,Reno,1144,Homecoming / The Death Of St. Jimmy / East 12th St. / Nobody Likes You / Rock And Roll Girlfriend / We're Coming Home Again,Alternative & Punk,0.99,1.0,0.99
167,2018-01-25,21,Kathy                                             ,Chase                                             ,USA,Reno,484,Nice Guys Finish Last,Alternative & Punk,0.99,1.0,0.99
167,2018-01-25,21,Kathy                                             ,Chase                                             ,USA,Reno,1522,Vou Pra Ai,Latin,0.99,1.0,0.99
167,2018-01-25,21,Kathy                                             ,Chase                                             ,USA,Reno,1641,Gallows Pole,Rock,0.99,1.0,0.99
167,2018-01-25,21,Kathy                                             ,Chase                                             ,USA,Reno,1951,Bite The Bullet,Metal,0.99,1.0,0.99
168,2018-01-27,47,Lucas                                             ,Mancini                                           ,Italy,Rome,592,Sombras Do Meu Destino,Latin,0.99,1.0,0.99
168,2018-01-27,47,Lucas                                             ,Mancini                                           ,Italy,Rome,3467,Intro / Stronger Than Me,Pop,0.99,1.0,0.99
168,2018-01-27,47,Lucas                                             ,Mancini                                           ,Italy,Rome,2554,Soldier Side - Intro,Metal,0.99,1.0,0.99
168,2018-01-27,47,Lucas                                             ,Mancini                                           ,Italy,Rome,1823,So What,Metal,0.99,1.0,0.99
168,2018-01-27,47,Lucas                                             ,Mancini                                           ,Italy,Rome,58,Sunshine,Rock,0.99,1.0,0.99
168,2018-01-27,47,Lucas                                             ,Mancini                                           ,Italy,Rome,3357,OAM's Blues,Jazz,0.99,1.0,0.99
169,2018-01-28,21,Kathy                                             ,Chase                                             ,USA,Reno,2291,Orange Crush,Alternative & Punk,0.99,1.0,0.99
169,2018-01-28,21,Kathy                                             ,Chase                                             ,USA,Reno,1039,What Now My Love,Easy Listening,0.99,1.0,0.99
169,2018-01-28,21,Kathy                                             ,Chase                                             ,USA,Reno,18,Bad Boy Boogie,Rock,0.99,1.0,0.99
169,2018-01-28,21,Kathy                                             ,Chase                                             ,USA,Reno,1989,Aneurysm,Rock,0.99,1.0,0.99
169,2018-01-28,21,Kathy                                             ,Chase                                             ,USA,Reno,2651,Can't Stand Losing You,Rock,0.99,1.0,0.99
169,2018-01-28,21,Kathy                                             ,Chase                                             ,USA,Reno,2214,Leash,Rock,0.99,1.0,0.99
169,2018-01-28,21,Kathy                                             ,Chase                                             ,USA,Reno,2810,Caras Como Eu,Alternative & Punk,0.99,1.0,0.99
169,2018-01-28,21,Kathy                                             ,Chase                                             ,USA,Reno,2187,Green Disease,Rock,0.99,1.0,0.99
169,2018-01-28,21,Kathy                                             ,Chase                                             ,USA,Reno,3460,Love Is a Losing Game,R&B/Soul,0.99,1.0,0.99
170,2018-01-28,45,Ladislav                                          ,Kovács                                            ,Hungary,Budapest,3373,Four Walled World,Alternative,0.99,1.0,0.99
170,2018-01-28,45,Ladislav                                          ,Kovács                                            ,Hungary,Budapest,2677,You Got Me Rocking,Rock,0.99,1.0,0.99
170,2018-01-28,45,Ladislav                                          ,Kovács                                            ,Hungary,Budapest,2216,Johnny B. Goode,Reggae,0.99,1.0,0.99
170,2018-01-28,45,Ladislav                                          ,Kovács                                            ,Hungary,Budapest,2561,Question!,Metal,0.99,1.0,0.99
170,2018-01-28,45,Ladislav                                          ,Kovács                                            ,Hungary,Budapest,2650,Roxanne,Rock,0.99,1.0,0.99
170,2018-01-28,45,Ladislav                                          ,Kovács                                            ,Hungary,Budapest,1458,Light Years,Electronica/Dance,0.99,1.0,0.99
170,2018-01-28,45,Ladislav                                          ,Kovács                                            ,Hungary,Budapest,1044,My Kind Of Town,Easy Listening,0.99,1.0,0.99
170,2018-01-28,45,Ladislav                                          ,Kovács                                            ,Hungary,Budapest,2563,Old School Hollywood,Metal,0.99,1.0,0.99
170,2018-01-28,45,Ladislav                                          ,Kovács                                            ,Hungary,Budapest,157,Tomorrow's Dream,Metal,0.99,1.0,0.99
170,2018-01-28,45,Ladislav                                          ,Kovács                                            ,Hungary,Budapest,2268,Seven Seas Of Rhye,Rock,0.99,1.0,0.99
171,2018-01-30,53,Phil                                              ,Hughes                                            ,United Kingdom,London,1466,Last Chance,Alternative & Punk,0.99,1.0,0.99
171,2018-01-30,53,Phil                                              ,Hughes                                            ,United Kingdom,London,1467,Are You Gonna Be My Girl,Alternative & Punk,0.99,1.0,0.99
171,2018-01-30,53,Phil                                              ,Hughes                                            ,United Kingdom,London,1468,Rollover D.J.,Alternative & Punk,0.99,1.0,0.99
171,2018-01-30,53,Phil                                              ,Hughes                                            ,United Kingdom,London,1469,Look What You've Done,Alternative & Punk,0.99,1.0,0.99
171,2018-01-30,53,Phil                                              ,Hughes                                            ,United Kingdom,London,1470,Get What You Need,Alternative & Punk,0.99,1.0,0.99
171,2018-01-30,53,Phil                                              ,Hughes                                            ,United Kingdom,London,1471,Move On,Alternative & Punk,0.99,1.0,0.99
171,2018-01-30,53,Phil                                              ,Hughes                                            ,United Kingdom,London,1472,Radio Song,Alternative & Punk,0.99,1.0,0.99
171,2018-01-30,53,Phil                                              ,Hughes                                            ,United Kingdom,London,1473,Get Me Outta Here,Alternative & Punk,0.99,1.0,0.99
171,2018-01-30,53,Phil                                              ,Hughes                                            ,United Kingdom,London,1474,Cold Hard Bitch,Alternative & Punk,0.99,1.0,0.99
171,2018-01-30,53,Phil                                              ,Hughes                                            ,United Kingdom,London,1475,Come Around Again,Alternative & Punk,0.99,1.0,0.99
171,2018-01-30,53,Phil                                              ,Hughes                                            ,United Kingdom,London,1476,Take It Or Leave It,Alternative & Punk,0.99,1.0,0.99
171,2018-01-30,53,Phil                                              ,Hughes                                            ,United Kingdom,London,1477,Lazy Gun,Alternative & Punk,0.99,1.0,0.99
171,2018-01-30,53,Phil                                              ,Hughes                                            ,United Kingdom,London,1478,Timothy,Alternative & Punk,0.99,1.0,0.99
172,2018-01-31,33,Ellie                                             ,Sullivan                                          ,Canada,Yellowknife,1619,Babe I'm Gonna Leave You,Rock,0.99,1.0,0.99
172,2018-01-31,33,Ellie                                             ,Sullivan                                          ,Canada,Yellowknife,3061,Big Bad Bill (Is Sweet William Now),Rock,0.99,1.0,0.99
172,2018-01-31,33,Ellie                                             ,Sullivan                                          ,Canada,Yellowknife,2291,Orange Crush,Alternative & Punk,0.99,1.0,0.99
172,2018-01-31,33,Ellie                                             ,Sullivan                                          ,Canada,Yellowknife,3040,I Would Do For You,Reggae,0.99,1.0,0.99
172,2018-01-31,33,Ellie                                             ,Sullivan                                          ,Canada,Yellowknife,2687,Thief In The Night,Rock,0.99,1.0,0.99
172,2018-01-31,33,Ellie                                             ,Sullivan                                          ,Canada,Yellowknife,1185,You Could Be Mine,Metal,0.99,1.0,0.99
172,2018-01-31,33,Ellie                                             ,Sullivan                                          ,Canada,Yellowknife,1699,Giz,Latin,0.99,1.0,0.99
172,2018-01-31,33,Ellie                                             ,Sullivan                                          ,Canada,Yellowknife,2799,Polícia (Vinheta),Alternative & Punk,0.99,1.0,0.99
173,2018-01-31,5,R                                                 ,Madhav                                            ,Czech Republic,Prague,2285,Pop Song 89,Alternative & Punk,0.99,1.0,0.99
173,2018-01-31,5,R                                                 ,Madhav                                            ,Czech Republic,Prague,2286,Get Up,Alternative & Punk,0.99,1.0,0.99
173,2018-01-31,5,R                                                 ,Madhav                                            ,Czech Republic,Prague,2287,You Are The Everything,Alternative & Punk,0.99,1.0,0.99
173,2018-01-31,5,R                                                 ,Madhav                                            ,Czech Republic,Prague,2288,Stand,Alternative & Punk,0.99,1.0,0.99
173,2018-01-31,5,R                                                 ,Madhav                                            ,Czech Republic,Prague,2289,World Leader Pretend,Alternative & Punk,0.99,1.0,0.99
173,2018-01-31,5,R                                                 ,Madhav                                            ,Czech Republic,Prague,2290,The Wrong Child,Alternative & Punk,0.99,1.0,0.99
173,2018-01-31,5,R                                                 ,Madhav                                            ,Czech Republic,Prague,2291,Orange Crush,Alternative & Punk,0.99,1.0,0.99
173,2018-01-31,5,R                                                 ,Madhav                                            ,Czech Republic,Prague,2292,Turn You Inside-Out,Alternative & Punk,0.99,1.0,0.99
173,2018-01-31,5,R                                                 ,Madhav                                            ,Czech Republic,Prague,2293,Hairshirt,Alternative & Punk,0.99,1.0,0.99
173,2018-01-31,5,R                                                 ,Madhav                                            ,Czech Republic,Prague,2294,I Remember California,Alternative & Punk,0.99,1.0,0.99
173,2018-01-31,5,R                                                 ,Madhav                                            ,Czech Republic,Prague,2295,Untitled,Alternative & Punk,0.99,1.0,0.99
174,2018-01-31,48,Johannes                                          ,Van der Berg                                      ,Netherlands,Amsterdam,3002,Bullet The Blue Sky,Rock,0.99,1.0,0.99
174,2018-01-31,48,Johannes                                          ,Van der Berg                                      ,Netherlands,Amsterdam,1994,Spank Thru,Rock,0.99,1.0,0.99
174,2018-01-31,48,Johannes                                          ,Van der Berg                                      ,Netherlands,Amsterdam,2413,Anthem,Rock,0.99,1.0,0.99
174,2018-01-31,48,Johannes                                          ,Van der Berg                                      ,Netherlands,Amsterdam,2693,The Worst,Rock,0.99,1.0,0.99
174,2018-01-31,48,Johannes                                          ,Van der Berg                                      ,Netherlands,Amsterdam,422,I Want It All,Rock,0.99,1.0,0.99
174,2018-01-31,48,Johannes                                          ,Van der Berg                                      ,Netherlands,Amsterdam,920,Malted Milk,Blues,0.99,1.0,0.99
174,2018-01-31,48,Johannes                                          ,Van der Berg                                      ,Netherlands,Amsterdam,452,Rock And Roll All Nite,Rock,0.99,1.0,0.99
175,2018-01-31,39,Camille                                           ,Bernard                                           ,France,Paris,1755,Arrepio,Latin,0.99,1.0,0.99
175,2018-01-31,39,Camille                                           ,Bernard                                           ,France,Paris,1756,Magamalabares,Latin,0.99,1.0,0.99
175,2018-01-31,39,Camille                                           ,Bernard                                           ,France,Paris,1757,Chuva No Brejo,Latin,0.99,1.0,0.99
175,2018-01-31,39,Camille                                           ,Bernard                                           ,France,Paris,1758,Cérebro Eletrônico,Latin,0.99,1.0,0.99
175,2018-01-31,39,Camille                                           ,Bernard                                           ,France,Paris,1759,Tempos Modernos,Latin,0.99,1.0,0.99
175,2018-01-31,39,Camille                                           ,Bernard                                           ,France,Paris,1760,Maraçá,Latin,0.99,1.0,0.99
175,2018-01-31,39,Camille                                           ,Bernard                                           ,France,Paris,1761,Blanco,Latin,0.99,1.0,0.99
175,2018-01-31,39,Camille                                           ,Bernard                                           ,France,Paris,1762,Panis Et Circenses,Latin,0.99,1.0,0.99
175,2018-01-31,39,Camille                                           ,Bernard                                           ,France,Paris,1763,De Noite Na Cama,Latin,0.99,1.0,0.99
175,2018-01-31,39,Camille                                           ,Bernard                                           ,France,Paris,1764,Beija Eu,Latin,0.99,1.0,0.99
175,2018-01-31,39,Camille                                           ,Bernard                                           ,France,Paris,1765,Give Me Love,Latin,0.99,1.0,0.99
175,2018-01-31,39,Camille                                           ,Bernard                                           ,France,Paris,1766,Ainda Lembro,Latin,0.99,1.0,0.99
175,2018-01-31,39,Camille                                           ,Bernard                                           ,France,Paris,1767,A Menina Dança,Latin,0.99,1.0,0.99
175,2018-01-31,39,Camille                                           ,Bernard                                           ,France,Paris,1768,Dança Da Solidão,Latin,0.99,1.0,0.99
175,2018-01-31,39,Camille                                           ,Bernard                                           ,France,Paris,1769,Ao Meu Redor,Latin,0.99,1.0,0.99
175,2018-01-31,39,Camille                                           ,Bernard                                           ,France,Paris,1770,Bem Leve,Latin,0.99,1.0,0.99
175,2018-01-31,39,Camille                                           ,Bernard                                           ,France,Paris,1771,Segue O Seco,Latin,0.99,1.0,0.99
175,2018-01-31,39,Camille                                           ,Bernard                                           ,France,Paris,1772,O Xote Das Meninas,Latin,0.99,1.0,0.99
176,2018-01-31,46,Hugh                                              ,O'Reilly                                          ,Ireland,Dublin,3336,War Pigs,Alternative,0.99,1.0,0.99
176,2018-01-31,46,Hugh                                              ,O'Reilly                                          ,Ireland,Dublin,2279,Who Needs You,Rock,0.99,1.0,0.99
176,2018-01-31,46,Hugh                                              ,O'Reilly                                          ,Ireland,Dublin,2658,Spirit's in the Material World,Rock,0.99,1.0,0.99
176,2018-01-31,46,Hugh                                              ,O'Reilly                                          ,Ireland,Dublin,2642,Twentienth Century Fox,Rock,0.99,1.0,0.99
176,2018-01-31,46,Hugh                                              ,O'Reilly                                          ,Ireland,Dublin,1174,Civil War,Metal,0.99,1.0,0.99
176,2018-01-31,46,Hugh                                              ,O'Reilly                                          ,Ireland,Dublin,2383,Midnight,Rock,0.99,1.0,0.99
176,2018-01-31,46,Hugh                                              ,O'Reilly                                          ,Ireland,Dublin,1114,Parabolicamará,Latin,0.99,1.0,0.99
177,2018-02-01,47,Lucas                                             ,Mancini                                           ,Italy,Rome,1039,What Now My Love,Easy Listening,0.99,1.0,0.99
177,2018-02-01,47,Lucas                                             ,Mancini                                           ,Italy,Rome,3277,Snowblind,Rock,0.99,1.0,0.99
178,2018-02-02,9,Kara                                              ,Nielsen                                           ,Denmark,Copenhagen,1102,Doce De Carnaval (Candy All),Jazz,0.99,1.0,0.99
178,2018-02-02,9,Kara                                              ,Nielsen                                           ,Denmark,Copenhagen,1103,Lamento De Carnaval,Jazz,0.99,1.0,0.99
178,2018-02-02,9,Kara                                              ,Nielsen                                           ,Denmark,Copenhagen,1104,Pretinha,Jazz,0.99,1.0,0.99
179,2018-02-03,25,Victor                                            ,Stevens                                           ,USA,Madison,3104,Sucker Train Blues,Rock,0.99,1.0,0.99
179,2018-02-03,25,Victor                                            ,Stevens                                           ,USA,Madison,2607,Rock The Casbah,Alternative & Punk,0.99,1.0,0.99
179,2018-02-03,25,Victor                                            ,Stevens                                           ,USA,Madison,39,You Oughta Know,Rock,0.99,1.0,0.99
179,2018-02-03,25,Victor                                            ,Stevens                                           ,USA,Madison,3014,Desire,Rock,0.99,1.0,0.99
179,2018-02-03,25,Victor                                            ,Stevens                                           ,USA,Madison,165,Under The Sun/Every Day Comes and Goes,Metal,0.99,1.0,0.99
179,2018-02-03,25,Victor                                            ,Stevens                                           ,USA,Madison,898,Bell Bottom Blues,Blues,0.99,1.0,0.99
179,2018-02-03,25,Victor                                            ,Stevens                                           ,USA,Madison,1630,Thank You,Rock,0.99,1.0,0.99
179,2018-02-03,25,Victor                                            ,Stevens                                           ,USA,Madison,2596,Tommy Gun,Alternative & Punk,0.99,1.0,0.99
179,2018-02-03,25,Victor                                            ,Stevens                                           ,USA,Madison,2516,Black Hole Sun,Rock,0.99,1.0,0.99
179,2018-02-03,25,Victor                                            ,Stevens                                           ,USA,Madison,1118,Palco,Latin,0.99,1.0,0.99
180,2018-02-05,46,Hugh                                              ,O'Reilly                                          ,Ireland,Dublin,1802,Sad But True,Metal,0.99,1.0,0.99
180,2018-02-05,46,Hugh                                              ,O'Reilly                                          ,Ireland,Dublin,1787,You Sure Love To Ball,R&B/Soul,0.99,1.0,0.99
180,2018-02-05,46,Hugh                                              ,O'Reilly                                          ,Ireland,Dublin,2823,Collaborators,TV Shows,0.99,1.0,0.99
180,2018-02-05,46,Hugh                                              ,O'Reilly                                          ,Ireland,Dublin,3408,"Aria Mit 30 Veränderungen, BWV 988 Goldberg Variations: Aria",Classical,0.99,1.0,0.99
180,2018-02-05,46,Hugh                                              ,O'Reilly                                          ,Ireland,Dublin,2229,Speak To Me/Breathe,Rock,0.99,1.0,0.99
180,2018-02-05,46,Hugh                                              ,O'Reilly                                          ,Ireland,Dublin,2605,This Is Radio Clash,Alternative & Punk,0.99,1.0,0.99
180,2018-02-05,46,Hugh                                              ,O'Reilly                                          ,Ireland,Dublin,1856,Welcome Home (Sanitarium),Metal,0.99,1.0,0.99
180,2018-02-05,46,Hugh                                              ,O'Reilly                                          ,Ireland,Dublin,1993,Sliver,Rock,0.99,1.0,0.99
180,2018-02-05,46,Hugh                                              ,O'Reilly                                          ,Ireland,Dublin,1997,Milk It,Rock,0.99,1.0,0.99
180,2018-02-05,46,Hugh                                              ,O'Reilly                                          ,Ireland,Dublin,1150,Mr. Brownstone,Rock,0.99,1.0,0.99
181,2018-02-06,45,Ladislav                                          ,Kovács                                            ,Hungary,Budapest,1565,Do You Love Me,Rock,0.99,1.0,0.99
181,2018-02-06,45,Ladislav                                          ,Kovács                                            ,Hungary,Budapest,2507,Flower,Rock,0.99,1.0,0.99
181,2018-02-06,45,Ladislav                                          ,Kovács                                            ,Hungary,Budapest,2002,Blew,Rock,0.99,1.0,0.99
181,2018-02-06,45,Ladislav                                          ,Kovács                                            ,Hungary,Budapest,1500,Satch Boogie,Rock,0.99,1.0,0.99
181,2018-02-06,45,Ladislav                                          ,Kovács                                            ,Hungary,Budapest,1948,Fire Fire,Metal,0.99,1.0,0.99
181,2018-02-06,45,Ladislav                                          ,Kovács                                            ,Hungary,Budapest,1470,Get What You Need,Alternative & Punk,0.99,1.0,0.99
181,2018-02-06,45,Ladislav                                          ,Kovács                                            ,Hungary,Budapest,1553,You've Got Another Thing Comin',Metal,0.99,1.0,0.99
182,2018-02-07,1,Luís                                              ,Gonçalves                                         ,Brazil,São José dos Campos,937,Midlife Crisis,Alternative & Punk,0.99,1.0,0.99
182,2018-02-07,1,Luís                                              ,Gonçalves                                         ,Brazil,São José dos Campos,86,Show Me How to Live,Rock,0.99,1.0,0.99
182,2018-02-07,1,Luís                                              ,Gonçalves                                         ,Brazil,São José dos Campos,1498,Crushing Day,Rock,0.99,1.0,0.99
182,2018-02-07,1,Luís                                              ,Gonçalves                                         ,Brazil,São José dos Campos,2548,Creep,Rock,0.99,1.0,0.99
182,2018-02-07,1,Luís                                              ,Gonçalves                                         ,Brazil,São José dos Campos,2749,Who Are You (Single Edit Version),Rock,0.99,1.0,0.99
182,2018-02-07,1,Luís                                              ,Gonçalves                                         ,Brazil,São José dos Campos,1907,Blues For Pablo,Jazz,0.99,1.0,0.99
183,2018-02-09,42,Wyatt                                             ,Girard                                            ,France,Bordeaux,1033,My Way,Easy Listening,0.99,1.0,0.99
183,2018-02-09,42,Wyatt                                             ,Girard                                            ,France,Bordeaux,1034,Strangers In The Night,Easy Listening,0.99,1.0,0.99
183,2018-02-09,42,Wyatt                                             ,Girard                                            ,France,Bordeaux,1035,"New York, New York",Easy Listening,0.99,1.0,0.99
183,2018-02-09,42,Wyatt                                             ,Girard                                            ,France,Bordeaux,1036,I Get A Kick Out Of You,Easy Listening,0.99,1.0,0.99
183,2018-02-09,42,Wyatt                                             ,Girard                                            ,France,Bordeaux,1037,Something Stupid,Easy Listening,0.99,1.0,0.99
183,2018-02-09,42,Wyatt                                             ,Girard                                            ,France,Bordeaux,1038,Moon River,Easy Listening,0.99,1.0,0.99
183,2018-02-09,42,Wyatt                                             ,Girard                                            ,France,Bordeaux,1039,What Now My Love,Easy Listening,0.99,1.0,0.99
183,2018-02-09,42,Wyatt                                             ,Girard                                            ,France,Bordeaux,1040,Summer Love,Easy Listening,0.99,1.0,0.99
183,2018-02-09,42,Wyatt                                             ,Girard                                            ,France,Bordeaux,1041,For Once In My Life,Easy Listening,0.99,1.0,0.99
183,2018-02-09,42,Wyatt                                             ,Girard                                            ,France,Bordeaux,1042,Love And Marriage,Easy Listening,0.99,1.0,0.99
183,2018-02-09,42,Wyatt                                             ,Girard                                            ,France,Bordeaux,1043,They Can't Take That Away From Me,Easy Listening,0.99,1.0,0.99
183,2018-02-09,42,Wyatt                                             ,Girard                                            ,France,Bordeaux,1044,My Kind Of Town,Easy Listening,0.99,1.0,0.99
183,2018-02-09,42,Wyatt                                             ,Girard                                            ,France,Bordeaux,1045,Fly Me To The Moon,Easy Listening,0.99,1.0,0.99
183,2018-02-09,42,Wyatt                                             ,Girard                                            ,France,Bordeaux,1046,I've Got You Under My Skin,Easy Listening,0.99,1.0,0.99
183,2018-02-09,42,Wyatt                                             ,Girard                                            ,France,Bordeaux,1047,The Best Is Yet To Come,Easy Listening,0.99,1.0,0.99
183,2018-02-09,42,Wyatt                                             ,Girard                                            ,France,Bordeaux,1048,It Was A Very Good Year,Easy Listening,0.99,1.0,0.99
183,2018-02-09,42,Wyatt                                             ,Girard                                            ,France,Bordeaux,1049,Come Fly With Me,Easy Listening,0.99,1.0,0.99
183,2018-02-09,42,Wyatt                                             ,Girard                                            ,France,Bordeaux,1050,That's Life,Easy Listening,0.99,1.0,0.99
183,2018-02-09,42,Wyatt                                             ,Girard                                            ,France,Bordeaux,1051,The Girl From Ipanema,Easy Listening,0.99,1.0,0.99
183,2018-02-09,42,Wyatt                                             ,Girard                                            ,France,Bordeaux,1052,The Lady Is A Tramp,Easy Listening,0.99,1.0,0.99
183,2018-02-09,42,Wyatt                                             ,Girard                                            ,France,Bordeaux,1053,"Bad, Bad Leroy Brown",Easy Listening,0.99,1.0,0.99
183,2018-02-09,42,Wyatt                                             ,Girard                                            ,France,Bordeaux,1054,Mack The Knife,Easy Listening,0.99,1.0,0.99
183,2018-02-09,42,Wyatt                                             ,Girard                                            ,France,Bordeaux,1055,Loves Been Good To Me,Easy Listening,0.99,1.0,0.99
183,2018-02-09,42,Wyatt                                             ,Girard                                            ,France,Bordeaux,1056,L.A. Is My Lady,Easy Listening,0.99,1.0,0.99
184,2018-02-09,1,Luís                                              ,Gonçalves                                         ,Brazil,São José dos Campos,3409,"Suite for Solo Cello No. 1 in G Major, BWV 1007: I. Prélude",Classical,0.99,1.0,0.99
185,2018-02-10,21,Kathy                                             ,Chase                                             ,USA,Reno,1778,You're What's Happening (In The World Today),R&B/Soul,0.99,1.0,0.99
185,2018-02-10,21,Kathy                                             ,Chase                                             ,USA,Reno,1108,Realce,Latin,0.99,1.0,0.99
185,2018-02-10,21,Kathy                                             ,Chase                                             ,USA,Reno,1666,Dazed And Confused,Rock,0.99,1.0,0.99
185,2018-02-10,21,Kathy                                             ,Chase                                             ,USA,Reno,2696,Out Of Tears,Rock,0.99,1.0,0.99
185,2018-02-10,21,Kathy                                             ,Chase                                             ,USA,Reno,1854,Master Of Puppets,Metal,0.99,1.0,0.99
185,2018-02-10,21,Kathy                                             ,Chase                                             ,USA,Reno,3088,Feel Your Love Tonight,Rock,0.99,1.0,0.99
185,2018-02-10,21,Kathy                                             ,Chase                                             ,USA,Reno,1994,Spank Thru,Rock,0.99,1.0,0.99
185,2018-02-10,21,Kathy                                             ,Chase                                             ,USA,Reno,991,Best Of You,Rock,0.99,1.0,0.99
185,2018-02-10,21,Kathy                                             ,Chase                                             ,USA,Reno,2558,Radio/Video,Metal,0.99,1.0,0.99
186,2018-02-10,11,Alexandre                                         ,Rocha                                             ,Brazil,São Paulo,826,Pour Some Sugar On Me,Rock,0.99,1.0,0.99
186,2018-02-10,11,Alexandre                                         ,Rocha                                             ,Brazil,São Paulo,1482,Can You See Me,Rock,0.99,1.0,0.99
186,2018-02-10,11,Alexandre                                         ,Rocha                                             ,Brazil,São Paulo,3293,Big City Nights,Rock,0.99,1.0,0.99
187,2018-02-18,18,Michelle                                          ,Brooks                                            ,USA,New York,1466,Last Chance,Alternative & Punk,0.99,1.0,0.99
187,2018-02-18,18,Michelle                                          ,Brooks                                            ,USA,New York,1550,Heading Out To The Highway (Live),Metal,0.99,1.0,0.99
187,2018-02-18,18,Michelle                                          ,Brooks                                            ,USA,New York,2229,Speak To Me/Breathe,Rock,0.99,1.0,0.99
187,2018-02-18,18,Michelle                                          ,Brooks                                            ,USA,New York,1037,Something Stupid,Easy Listening,0.99,1.0,0.99
187,2018-02-18,18,Michelle                                          ,Brooks                                            ,USA,New York,2509,Hands All Over,Rock,0.99,1.0,0.99
187,2018-02-18,18,Michelle                                          ,Brooks                                            ,USA,New York,1126,Re-Align,Metal,0.99,1.0,0.99
187,2018-02-18,18,Michelle                                          ,Brooks                                            ,USA,New York,2214,Leash,Rock,0.99,1.0,0.99
188,2018-02-20,13,Fernanda                                          ,Ramos                                             ,Brazil,Brasília,1455,Just Another Story,Electronica/Dance,0.99,1.0,0.99
188,2018-02-20,13,Fernanda                                          ,Ramos                                             ,Brazil,Brasília,1456,Stillness In Time,Electronica/Dance,0.99,1.0,0.99
188,2018-02-20,13,Fernanda                                          ,Ramos                                             ,Brazil,Brasília,1457,Half The Man,Electronica/Dance,0.99,1.0,0.99
188,2018-02-20,13,Fernanda                                          ,Ramos                                             ,Brazil,Brasília,1458,Light Years,Electronica/Dance,0.99,1.0,0.99
188,2018-02-20,13,Fernanda                                          ,Ramos                                             ,Brazil,Brasília,1459,Manifest Destiny,Electronica/Dance,0.99,1.0,0.99
188,2018-02-20,13,Fernanda                                          ,Ramos                                             ,Brazil,Brasília,1460,The Kids,Electronica/Dance,0.99,1.0,0.99
188,2018-02-20,13,Fernanda                                          ,Ramos                                             ,Brazil,Brasília,1461,Mr. Moon,Electronica/Dance,0.99,1.0,0.99
188,2018-02-20,13,Fernanda                                          ,Ramos                                             ,Brazil,Brasília,1462,Scam,Electronica/Dance,0.99,1.0,0.99
188,2018-02-20,13,Fernanda                                          ,Ramos                                             ,Brazil,Brasília,1463,Journey To Arnhemland,Electronica/Dance,0.99,1.0,0.99
188,2018-02-20,13,Fernanda                                          ,Ramos                                             ,Brazil,Brasília,1464,Morning Glory,Electronica/Dance,0.99,1.0,0.99
188,2018-02-20,13,Fernanda                                          ,Ramos                                             ,Brazil,Brasília,1465,Space Cowboy,Electronica/Dance,0.99,1.0,0.99
189,2018-02-21,13,Fernanda                                          ,Ramos                                             ,Brazil,Brasília,2191,Arc,Rock,0.99,1.0,0.99
189,2018-02-21,13,Fernanda                                          ,Ramos                                             ,Brazil,Brasília,3435,Cavalleria Rusticana \ Act \ Intermezzo Sinfonico,Classical,0.99,1.0,0.99
189,2018-02-21,13,Fernanda                                          ,Ramos                                             ,Brazil,Brasília,2617,Shape The Sky,Rock,0.99,1.0,0.99
189,2018-02-21,13,Fernanda                                          ,Ramos                                             ,Brazil,Brasília,2644,Light My Fire,Rock,0.99,1.0,0.99
190,2018-02-21,51,Joakim                                            ,Johansson                                         ,Sweden,Stockholm,2559,This Cocaine Makes Me Feel Like I'm On This Song,Metal,0.99,1.0,0.99
190,2018-02-21,51,Joakim                                            ,Johansson                                         ,Sweden,Stockholm,3336,War Pigs,Alternative,0.99,1.0,0.99
190,2018-02-21,51,Joakim                                            ,Johansson                                         ,Sweden,Stockholm,3141,You're Gonna Break My Hart Again,Metal,0.99,1.0,0.99
190,2018-02-21,51,Joakim                                            ,Johansson                                         ,Sweden,Stockholm,2646,I Looked At You,Rock,0.99,1.0,0.99
190,2018-02-21,51,Joakim                                            ,Johansson                                         ,Sweden,Stockholm,833,Rocket,Rock,0.99,1.0,0.99
191,2018-02-22,51,Joakim                                            ,Johansson                                         ,Sweden,Stockholm,1483,Love Or Confusion,Rock,0.99,1.0,0.99
191,2018-02-22,51,Joakim                                            ,Johansson                                         ,Sweden,Stockholm,24,Love In An Elevator,Rock,0.99,1.0,0.99
191,2018-02-22,51,Joakim                                            ,Johansson                                         ,Sweden,Stockholm,2671,19th Nervous Breakdown,Rock,0.99,1.0,0.99
191,2018-02-22,51,Joakim                                            ,Johansson                                         ,Sweden,Stockholm,1484,I Don't Live Today,Rock,0.99,1.0,0.99
192,2018-02-25,28,Julia                                             ,Barnett                                           ,USA,Salt Lake City,2645,Back Door Man,Rock,0.99,1.0,0.99
192,2018-02-25,28,Julia                                             ,Barnett                                           ,USA,Salt Lake City,2644,Light My Fire,Rock,0.99,1.0,0.99
192,2018-02-25,28,Julia                                             ,Barnett                                           ,USA,Salt Lake City,3463,Some Unholy War,R&B/Soul,0.99,1.0,0.99
192,2018-02-25,28,Julia                                             ,Barnett                                           ,USA,Salt Lake City,1561,Tyrant (Live),Metal,0.99,1.0,0.99
192,2018-02-25,28,Julia                                             ,Barnett                                           ,USA,Salt Lake City,3461,Tears Dry On Their Own,R&B/Soul,0.99,1.0,0.99
192,2018-02-25,28,Julia                                             ,Barnett                                           ,USA,Salt Lake City,130,Do what cha wanna,Jazz,0.99,1.0,0.99
192,2018-02-25,28,Julia                                             ,Barnett                                           ,USA,Salt Lake City,1478,Timothy,Alternative & Punk,0.99,1.0,0.99
192,2018-02-25,28,Julia                                             ,Barnett                                           ,USA,Salt Lake City,158,Changes,Metal,0.99,1.0,0.99
192,2018-02-25,28,Julia                                             ,Barnett                                           ,USA,Salt Lake City,2639,Break on Through,Rock,0.99,1.0,0.99
193,2018-02-26,41,Marc                                              ,Dubois                                            ,France,Lyon,2548,Creep,Rock,0.99,1.0,0.99
193,2018-02-26,41,Marc                                              ,Dubois                                            ,France,Lyon,2559,This Cocaine Makes Me Feel Like I'm On This Song,Metal,0.99,1.0,0.99
194,2018-02-27,34,João                                              ,Fernandes                                         ,Portugal,Lisbon,1476,Take It Or Leave It,Alternative & Punk,0.99,1.0,0.99
195,2018-03-02,27,Patrick                                           ,Gray                                              ,USA,Tucson,2179,Save You,Rock,0.99,1.0,0.99
195,2018-03-02,27,Patrick                                           ,Gray                                              ,USA,Tucson,719,Lanterna Dos Afogados,Latin,0.99,1.0,0.99
195,2018-03-02,27,Patrick                                           ,Gray                                              ,USA,Tucson,2563,Old School Hollywood,Metal,0.99,1.0,0.99
195,2018-03-02,27,Patrick                                           ,Gray                                              ,USA,Tucson,923,Collision,Alternative & Punk,0.99,1.0,0.99
195,2018-03-02,27,Patrick                                           ,Gray                                              ,USA,Tucson,2700,Suck On The Jugular,Rock,0.99,1.0,0.99
195,2018-03-02,27,Patrick                                           ,Gray                                              ,USA,Tucson,2747,Join Together,Rock,0.99,1.0,0.99
195,2018-03-02,27,Patrick                                           ,Gray                                              ,USA,Tucson,51,We Die Young,Rock,0.99,1.0,0.99
195,2018-03-02,27,Patrick                                           ,Gray                                              ,USA,Tucson,2698,Brand New Car,Rock,0.99,1.0,0.99
195,2018-03-02,27,Patrick                                           ,Gray                                              ,USA,Tucson,3336,War Pigs,Alternative,0.99,1.0,0.99
195,2018-03-02,27,Patrick                                           ,Gray                                              ,USA,Tucson,908,I Can't Stand It,Blues,0.99,1.0,0.99
195,2018-03-02,27,Patrick                                           ,Gray                                              ,USA,Tucson,2590,Remedy,Blues,0.99,1.0,0.99
196,2018-03-02,37,Fynn                                              ,Zimmermann                                        ,Germany,Frankfurt,1325,Tailgunner,Metal,0.99,1.0,0.99
196,2018-03-02,37,Fynn                                              ,Zimmermann                                        ,Germany,Frankfurt,1326,Holy Smoke,Metal,0.99,1.0,0.99
196,2018-03-02,37,Fynn                                              ,Zimmermann                                        ,Germany,Frankfurt,1327,No Prayer For The Dying,Metal,0.99,1.0,0.99
196,2018-03-02,37,Fynn                                              ,Zimmermann                                        ,Germany,Frankfurt,1328,Public Enema Number One,Metal,0.99,1.0,0.99
196,2018-03-02,37,Fynn                                              ,Zimmermann                                        ,Germany,Frankfurt,1329,Fates Warning,Metal,0.99,1.0,0.99
196,2018-03-02,37,Fynn                                              ,Zimmermann                                        ,Germany,Frankfurt,1330,The Assassin,Metal,0.99,1.0,0.99
196,2018-03-02,37,Fynn                                              ,Zimmermann                                        ,Germany,Frankfurt,1331,Run Silent Run Deep,Metal,0.99,1.0,0.99
196,2018-03-02,37,Fynn                                              ,Zimmermann                                        ,Germany,Frankfurt,1332,Hooks In You,Metal,0.99,1.0,0.99
196,2018-03-02,37,Fynn                                              ,Zimmermann                                        ,Germany,Frankfurt,1333,Bring Your Daughter... ...To The Slaughter,Metal,0.99,1.0,0.99
196,2018-03-02,37,Fynn                                              ,Zimmermann                                        ,Germany,Frankfurt,1334,Mother Russia,Metal,0.99,1.0,0.99
197,2018-03-05,46,Hugh                                              ,O'Reilly                                          ,Ireland,Dublin,3289,No One Like You,Rock,0.99,1.0,0.99
197,2018-03-05,46,Hugh                                              ,O'Reilly                                          ,Ireland,Dublin,2406,The Spirit Of Radio,Rock,0.99,1.0,0.99
197,2018-03-05,46,Hugh                                              ,O'Reilly                                          ,Ireland,Dublin,944,A Small Victory,Alternative & Punk,0.99,1.0,0.99
197,2018-03-05,46,Hugh                                              ,O'Reilly                                          ,Ireland,Dublin,3267,Imagine,Pop,0.99,1.0,0.99
197,2018-03-05,46,Hugh                                              ,O'Reilly                                          ,Ireland,Dublin,2559,This Cocaine Makes Me Feel Like I'm On This Song,Metal,0.99,1.0,0.99
197,2018-03-05,46,Hugh                                              ,O'Reilly                                          ,Ireland,Dublin,592,Sombras Do Meu Destino,Latin,0.99,1.0,0.99
197,2018-03-05,46,Hugh                                              ,O'Reilly                                          ,Ireland,Dublin,1425,Make It Funky Pt.1,R&B/Soul,0.99,1.0,0.99
197,2018-03-05,46,Hugh                                              ,O'Reilly                                          ,Ireland,Dublin,1980,Without You,Metal,0.99,1.0,0.99
197,2018-03-05,46,Hugh                                              ,O'Reilly                                          ,Ireland,Dublin,1488,Remember,Rock,0.99,1.0,0.99
197,2018-03-05,46,Hugh                                              ,O'Reilly                                          ,Ireland,Dublin,2010,Drain You,Rock,0.99,1.0,0.99
197,2018-03-05,46,Hugh                                              ,O'Reilly                                          ,Ireland,Dublin,2664,Time Is On My Side,Rock,0.99,1.0,0.99
198,2018-03-05,13,Fernanda                                          ,Ramos                                             ,Brazil,Brasília,2159,Off He Goes,Rock,0.99,1.0,0.99
198,2018-03-05,13,Fernanda                                          ,Ramos                                             ,Brazil,Brasília,3336,War Pigs,Alternative,0.99,1.0,0.99
198,2018-03-05,13,Fernanda                                          ,Ramos                                             ,Brazil,Brasília,3356,Muita Bobeira,Latin,0.99,1.0,0.99
198,2018-03-05,13,Fernanda                                          ,Ramos                                             ,Brazil,Brasília,1774,Get My Hands On Some Lovin',R&B/Soul,0.99,1.0,0.99
198,2018-03-05,13,Fernanda                                          ,Ramos                                             ,Brazil,Brasília,2235,Any Colour You Like,Rock,0.99,1.0,0.99
198,2018-03-05,13,Fernanda                                          ,Ramos                                             ,Brazil,Brasília,2458,Fica,Rock,0.99,1.0,0.99
198,2018-03-05,13,Fernanda                                          ,Ramos                                             ,Brazil,Brasília,1189,Love Is The Colour,Jazz,0.99,1.0,0.99
198,2018-03-05,13,Fernanda                                          ,Ramos                                             ,Brazil,Brasília,2099,I Don't Know,Metal,0.99,1.0,0.99
198,2018-03-05,13,Fernanda                                          ,Ramos                                             ,Brazil,Brasília,1121,Straight Out Of Line,Metal,0.99,1.0,0.99
198,2018-03-05,13,Fernanda                                          ,Ramos                                             ,Brazil,Brasília,2236,Brain Damage,Rock,0.99,1.0,0.99
198,2018-03-05,13,Fernanda                                          ,Ramos                                             ,Brazil,Brasília,2256,Killer Queen,Rock,0.99,1.0,0.99
199,2018-03-08,20,Dan                                               ,Miller                                            ,USA,Mountain View,2008,Polly,Rock,0.99,1.0,0.99
199,2018-03-08,20,Dan                                               ,Miller                                            ,USA,Mountain View,2604,The Magnificent Seven,Alternative & Punk,0.99,1.0,0.99
199,2018-03-08,20,Dan                                               ,Miller                                            ,USA,Mountain View,2389,Warm Tape,Rock,0.99,1.0,0.99
200,2018-03-08,24,Frank                                             ,Ralston                                           ,USA,Chicago,15,Go Down,Rock,0.99,1.0,0.99
200,2018-03-08,24,Frank                                             ,Ralston                                           ,USA,Chicago,16,Dog Eat Dog,Rock,0.99,1.0,0.99
200,2018-03-08,24,Frank                                             ,Ralston                                           ,USA,Chicago,17,Let There Be Rock,Rock,0.99,1.0,0.99
200,2018-03-08,24,Frank                                             ,Ralston                                           ,USA,Chicago,18,Bad Boy Boogie,Rock,0.99,1.0,0.99
200,2018-03-08,24,Frank                                             ,Ralston                                           ,USA,Chicago,19,Problem Child,Rock,0.99,1.0,0.99
200,2018-03-08,24,Frank                                             ,Ralston                                           ,USA,Chicago,20,Overdose,Rock,0.99,1.0,0.99
200,2018-03-08,24,Frank                                             ,Ralston                                           ,USA,Chicago,21,Hell Ain't A Bad Place To Be,Rock,0.99,1.0,0.99
200,2018-03-08,24,Frank                                             ,Ralston                                           ,USA,Chicago,22,Whole Lotta Rosie,Rock,0.99,1.0,0.99
201,2018-03-11,39,Camille                                           ,Bernard                                           ,France,Paris,3288,Rock You Like a Hurricane,Rock,0.99,1.0,0.99
201,2018-03-11,39,Camille                                           ,Bernard                                           ,France,Paris,3289,No One Like You,Rock,0.99,1.0,0.99
201,2018-03-11,39,Camille                                           ,Bernard                                           ,France,Paris,3290,The Zoo,Rock,0.99,1.0,0.99
201,2018-03-11,39,Camille                                           ,Bernard                                           ,France,Paris,3291,Loving You Sunday Morning,Rock,0.99,1.0,0.99
201,2018-03-11,39,Camille                                           ,Bernard                                           ,France,Paris,3292,Still Loving You,Rock,0.99,1.0,0.99
201,2018-03-11,39,Camille                                           ,Bernard                                           ,France,Paris,3293,Big City Nights,Rock,0.99,1.0,0.99
201,2018-03-11,39,Camille                                           ,Bernard                                           ,France,Paris,3294,Believe in Love,Rock,0.99,1.0,0.99
201,2018-03-11,39,Camille                                           ,Bernard                                           ,France,Paris,3295,Rhythm of Love,Rock,0.99,1.0,0.99
201,2018-03-11,39,Camille                                           ,Bernard                                           ,France,Paris,3296,I Can't Explain,Rock,0.99,1.0,0.99
201,2018-03-11,39,Camille                                           ,Bernard                                           ,France,Paris,3297,Tease Me Please Me,Rock,0.99,1.0,0.99
201,2018-03-11,39,Camille                                           ,Bernard                                           ,France,Paris,3298,Wind of Change,Rock,0.99,1.0,0.99
201,2018-03-11,39,Camille                                           ,Bernard                                           ,France,Paris,3299,Send Me an Angel,Rock,0.99,1.0,0.99
202,2018-03-13,25,Victor                                            ,Stevens                                           ,USA,Madison,1747,Lavender,Rock,0.99,1.0,0.99
202,2018-03-13,25,Victor                                            ,Stevens                                           ,USA,Madison,2592,Remote Control,Alternative & Punk,0.99,1.0,0.99
203,2018-03-16,38,Niklas                                            ,Schröder                                          ,Germany,Berlin,20,Overdose,Rock,0.99,1.0,0.99
203,2018-03-16,38,Niklas                                            ,Schröder                                          ,Germany,Berlin,1043,They Can't Take That Away From Me,Easy Listening,0.99,1.0,0.99
203,2018-03-16,38,Niklas                                            ,Schröder                                          ,Germany,Berlin,1629,The Lemon Song,Rock,0.99,1.0,0.99
203,2018-03-16,38,Niklas                                            ,Schröder                                          ,Germany,Berlin,572,Put Your Lights On,Rock,0.99,1.0,0.99
203,2018-03-16,38,Niklas                                            ,Schröder                                          ,Germany,Berlin,2658,Spirit's in the Material World,Rock,0.99,1.0,0.99
203,2018-03-16,38,Niklas                                            ,Schröder                                          ,Germany,Berlin,6,Put The Finger On You,Rock,0.99,1.0,0.99
203,2018-03-16,38,Niklas                                            ,Schröder                                          ,Germany,Berlin,1656,For Your Life,Rock,0.99,1.0,0.99
203,2018-03-16,38,Niklas                                            ,Schröder                                          ,Germany,Berlin,195,Let Me Love You Baby,Blues,0.99,1.0,0.99
203,2018-03-16,38,Niklas                                            ,Schröder                                          ,Germany,Berlin,23,Walk On Water,Rock,0.99,1.0,0.99
203,2018-03-16,38,Niklas                                            ,Schröder                                          ,Germany,Berlin,22,Whole Lotta Rosie,Rock,0.99,1.0,0.99
204,2018-03-17,20,Dan                                               ,Miller                                            ,USA,Mountain View,1027,See You,Rock,0.99,1.0,0.99
204,2018-03-17,20,Dan                                               ,Miller                                            ,USA,Mountain View,1477,Lazy Gun,Alternative & Punk,0.99,1.0,0.99
204,2018-03-17,20,Dan                                               ,Miller                                            ,USA,Mountain View,1125,I Stand Alone,Metal,0.99,1.0,0.99
204,2018-03-17,20,Dan                                               ,Miller                                            ,USA,Mountain View,35,Eat The Rich,Rock,0.99,1.0,0.99
204,2018-03-17,20,Dan                                               ,Miller                                            ,USA,Mountain View,2744,Won't Get Fooled Again (Full Length Version),Rock,0.99,1.0,0.99
204,2018-03-17,20,Dan                                               ,Miller                                            ,USA,Mountain View,1285,Purgatory,Heavy Metal,0.99,1.0,0.99
204,2018-03-17,20,Dan                                               ,Miller                                            ,USA,Mountain View,2748,Squeeze Box,Rock,0.99,1.0,0.99
204,2018-03-17,20,Dan                                               ,Miller                                            ,USA,Mountain View,3458,Just Friends,R&B/Soul,0.99,1.0,0.99
204,2018-03-17,20,Dan                                               ,Miller                                            ,USA,Mountain View,2987,Helter Skelter,Rock,0.99,1.0,0.99
204,2018-03-17,20,Dan                                               ,Miller                                            ,USA,Mountain View,14,Spellbound,Rock,0.99,1.0,0.99
204,2018-03-17,20,Dan                                               ,Miller                                            ,USA,Mountain View,1995,Scentless Apprentice,Rock,0.99,1.0,0.99
205,2018-03-20,4,Bjørn                                             ,Hansen                                            ,Norway,Oslo,1829,Hit The Lights,Metal,0.99,1.0,0.99
205,2018-03-20,4,Bjørn                                             ,Hansen                                            ,Norway,Oslo,1830,The Four Horsemen,Metal,0.99,1.0,0.99
205,2018-03-20,4,Bjørn                                             ,Hansen                                            ,Norway,Oslo,1831,Motorbreath,Metal,0.99,1.0,0.99
205,2018-03-20,4,Bjørn                                             ,Hansen                                            ,Norway,Oslo,1832,Jump In The Fire,Metal,0.99,1.0,0.99
205,2018-03-20,4,Bjørn                                             ,Hansen                                            ,Norway,Oslo,1833,(Anesthesia) Pulling Teeth,Metal,0.99,1.0,0.99
205,2018-03-20,4,Bjørn                                             ,Hansen                                            ,Norway,Oslo,1834,Whiplash,Metal,0.99,1.0,0.99
205,2018-03-20,4,Bjørn                                             ,Hansen                                            ,Norway,Oslo,1835,Phantom Lord,Metal,0.99,1.0,0.99
205,2018-03-20,4,Bjørn                                             ,Hansen                                            ,Norway,Oslo,1836,No Remorse,Metal,0.99,1.0,0.99
205,2018-03-20,4,Bjørn                                             ,Hansen                                            ,Norway,Oslo,1837,Seek & Destroy,Metal,0.99,1.0,0.99
205,2018-03-20,4,Bjørn                                             ,Hansen                                            ,Norway,Oslo,1838,Metal Militia,Metal,0.99,1.0,0.99
206,2018-03-21,11,Alexandre                                         ,Rocha                                             ,Brazil,São Paulo,2745,Let's See Action,Rock,0.99,1.0,0.99
206,2018-03-21,11,Alexandre                                         ,Rocha                                             ,Brazil,São Paulo,224,Sozinho (Hitmakers Classic Radio Edit),Latin,0.99,1.0,0.99
206,2018-03-21,11,Alexandre                                         ,Rocha                                             ,Brazil,São Paulo,2795,Bichos Escrotos (Vinheta),Alternative & Punk,0.99,1.0,0.99
206,2018-03-21,11,Alexandre                                         ,Rocha                                             ,Brazil,São Paulo,1993,Sliver,Rock,0.99,1.0,0.99
206,2018-03-21,11,Alexandre                                         ,Rocha                                             ,Brazil,São Paulo,1134,Jesus Of Suburbia / City Of The Damned / I Don't Care / Dearly Beloved / Tales Of Another Broken Home,Alternative & Punk,0.99,1.0,0.99
207,2018-03-21,17,Jack                                              ,Smith                                             ,USA,Redmond,2201,Garden,Rock,0.99,1.0,0.99
207,2018-03-21,17,Jack                                              ,Smith                                             ,USA,Redmond,470,Longview,Alternative & Punk,0.99,1.0,0.99
207,2018-03-21,17,Jack                                              ,Smith                                             ,USA,Redmond,3044,Wear You To The Ball,Reggae,0.99,1.0,0.99
207,2018-03-21,17,Jack                                              ,Smith                                             ,USA,Redmond,1123,Changes,Metal,0.99,1.0,0.99
208,2018-03-22,4,Bjørn                                             ,Hansen                                            ,Norway,Oslo,2690,Love Is Strong,Rock,0.99,1.0,0.99
208,2018-03-22,4,Bjørn                                             ,Hansen                                            ,Norway,Oslo,2559,This Cocaine Makes Me Feel Like I'm On This Song,Metal,0.99,1.0,0.99
208,2018-03-22,4,Bjørn                                             ,Hansen                                            ,Norway,Oslo,2013,On A Plain,Rock,0.99,1.0,0.99
208,2018-03-22,4,Bjørn                                             ,Hansen                                            ,Norway,Oslo,151,Behind The Wall Of Sleep,Metal,0.99,1.0,0.99
208,2018-03-22,4,Bjørn                                             ,Hansen                                            ,Norway,Oslo,834,When Love & Hate Collide,Rock,0.99,1.0,0.99
208,2018-03-22,4,Bjørn                                             ,Hansen                                            ,Norway,Oslo,172,The Real Problem,Alternative & Punk,0.99,1.0,0.99
209,2018-03-25,27,Patrick                                           ,Gray                                              ,USA,Tucson,1495,Highway Chile,Rock,0.99,1.0,0.99
209,2018-03-25,27,Patrick                                           ,Gray                                              ,USA,Tucson,2381,Can't Stop,Rock,0.99,1.0,0.99
209,2018-03-25,27,Patrick                                           ,Gray                                              ,USA,Tucson,3280,War Pigs,Rock,0.99,1.0,0.99
209,2018-03-25,27,Patrick                                           ,Gray                                              ,USA,Tucson,2287,You Are The Everything,Alternative & Punk,0.99,1.0,0.99
210,2018-03-25,2,Leonie                                            ,Köhler                                            ,Germany,Stuttgart,3376,Poison Eye,Alternative,0.99,1.0,0.99
210,2018-03-25,2,Leonie                                            ,Köhler                                            ,Germany,Stuttgart,1095,Pela Internet (Live),Latin,0.99,1.0,0.99
210,2018-03-25,2,Leonie                                            ,Köhler                                            ,Germany,Stuttgart,1129,Dead And Broken,Metal,0.99,1.0,0.99
210,2018-03-25,2,Leonie                                            ,Köhler                                            ,Germany,Stuttgart,2640,Soul Kitchen,Rock,0.99,1.0,0.99
210,2018-03-25,2,Leonie                                            ,Köhler                                            ,Germany,Stuttgart,2093,Bark at the Moon,Rock,0.99,1.0,0.99
210,2018-03-25,2,Leonie                                            ,Köhler                                            ,Germany,Stuttgart,18,Bad Boy Boogie,Rock,0.99,1.0,0.99
210,2018-03-25,2,Leonie                                            ,Köhler                                            ,Germany,Stuttgart,2678,Gimmie Shelters,Rock,0.99,1.0,0.99
210,2018-03-25,2,Leonie                                            ,Köhler                                            ,Germany,Stuttgart,1561,Tyrant (Live),Metal,0.99,1.0,0.99
210,2018-03-25,2,Leonie                                            ,Köhler                                            ,Germany,Stuttgart,2594,Clash City Rockers,Alternative & Punk,0.99,1.0,0.99
210,2018-03-25,2,Leonie                                            ,Köhler                                            ,Germany,Stuttgart,788,Soon Forgotten,Rock,0.99,1.0,0.99
210,2018-03-25,2,Leonie                                            ,Köhler                                            ,Germany,Stuttgart,2097,"Mama, I'm Coming Home",Rock,0.99,1.0,0.99
211,2018-03-26,51,Joakim                                            ,Johansson                                         ,Sweden,Stockholm,39,You Oughta Know,Rock,0.99,1.0,0.99
211,2018-03-26,51,Joakim                                            ,Johansson                                         ,Sweden,Stockholm,2640,Soul Kitchen,Rock,0.99,1.0,0.99
211,2018-03-26,51,Joakim                                            ,Johansson                                         ,Sweden,Stockholm,197,Pretty Baby,Blues,0.99,1.0,0.99
211,2018-03-26,51,Joakim                                            ,Johansson                                         ,Sweden,Stockholm,2416,The Temples Of Syrinx,Rock,0.99,1.0,0.99
211,2018-03-26,51,Joakim                                            ,Johansson                                         ,Sweden,Stockholm,2685,Live With Me,Rock,0.99,1.0,0.99
211,2018-03-26,51,Joakim                                            ,Johansson                                         ,Sweden,Stockholm,3291,Loving You Sunday Morning,Rock,0.99,1.0,0.99
211,2018-03-26,51,Joakim                                            ,Johansson                                         ,Sweden,Stockholm,47,Ironic,Rock,0.99,1.0,0.99
211,2018-03-26,51,Joakim                                            ,Johansson                                         ,Sweden,Stockholm,2127,Your Blue Room,Soundtrack,0.99,1.0,0.99
211,2018-03-26,51,Joakim                                            ,Johansson                                         ,Sweden,Stockholm,1553,You've Got Another Thing Comin',Metal,0.99,1.0,0.99
212,2018-03-31,45,Ladislav                                          ,Kovács                                            ,Hungary,Budapest,1121,Straight Out Of Line,Metal,0.99,1.0,0.99
212,2018-03-31,45,Ladislav                                          ,Kovács                                            ,Hungary,Budapest,1122,Faceless,Metal,0.99,1.0,0.99
212,2018-03-31,45,Ladislav                                          ,Kovács                                            ,Hungary,Budapest,1123,Changes,Metal,0.99,1.0,0.99
212,2018-03-31,45,Ladislav                                          ,Kovács                                            ,Hungary,Budapest,1124,Make Me Believe,Metal,0.99,1.0,0.99
212,2018-03-31,45,Ladislav                                          ,Kovács                                            ,Hungary,Budapest,1125,I Stand Alone,Metal,0.99,1.0,0.99
212,2018-03-31,45,Ladislav                                          ,Kovács                                            ,Hungary,Budapest,1126,Re-Align,Metal,0.99,1.0,0.99
212,2018-03-31,45,Ladislav                                          ,Kovács                                            ,Hungary,Budapest,1127,I Fucking Hate You,Metal,0.99,1.0,0.99
212,2018-03-31,45,Ladislav                                          ,Kovács                                            ,Hungary,Budapest,1128,Releasing The Demons,Metal,0.99,1.0,0.99
212,2018-03-31,45,Ladislav                                          ,Kovács                                            ,Hungary,Budapest,1129,Dead And Broken,Metal,0.99,1.0,0.99
212,2018-03-31,45,Ladislav                                          ,Kovács                                            ,Hungary,Budapest,1130,I Am,Metal,0.99,1.0,0.99
212,2018-03-31,45,Ladislav                                          ,Kovács                                            ,Hungary,Budapest,1131,The Awakening,Metal,0.99,1.0,0.99
212,2018-03-31,45,Ladislav                                          ,Kovács                                            ,Hungary,Budapest,1132,Serenity,Metal,0.99,1.0,0.99
213,2018-04-01,53,Phil                                              ,Hughes                                            ,United Kingdom,London,2271,We Will Rock You,Rock,0.99,1.0,0.99
213,2018-04-01,53,Phil                                              ,Hughes                                            ,United Kingdom,London,2272,We Are The Champions,Rock,0.99,1.0,0.99
213,2018-04-01,53,Phil                                              ,Hughes                                            ,United Kingdom,London,2273,Sheer Heart Attack,Rock,0.99,1.0,0.99
213,2018-04-01,53,Phil                                              ,Hughes                                            ,United Kingdom,London,2274,"All Dead, All Dead",Rock,0.99,1.0,0.99
213,2018-04-01,53,Phil                                              ,Hughes                                            ,United Kingdom,London,2275,Spread Your Wings,Rock,0.99,1.0,0.99
213,2018-04-01,53,Phil                                              ,Hughes                                            ,United Kingdom,London,2276,Fight From The Inside,Rock,0.99,1.0,0.99
213,2018-04-01,53,Phil                                              ,Hughes                                            ,United Kingdom,London,2277,"Get Down, Make Love",Rock,0.99,1.0,0.99
213,2018-04-01,53,Phil                                              ,Hughes                                            ,United Kingdom,London,2278,Sleep On The Sidewalk,Rock,0.99,1.0,0.99
213,2018-04-01,53,Phil                                              ,Hughes                                            ,United Kingdom,London,2279,Who Needs You,Rock,0.99,1.0,0.99
213,2018-04-01,53,Phil                                              ,Hughes                                            ,United Kingdom,London,2280,It's Late,Rock,0.99,1.0,0.99
213,2018-04-01,53,Phil                                              ,Hughes                                            ,United Kingdom,London,2281,My Melancholy Blues,Rock,0.99,1.0,0.99
214,2018-04-03,57,Luis                                              ,Rojas                                             ,Chile,Santiago,620,Space Truckin',Rock,0.99,1.0,0.99
214,2018-04-03,57,Luis                                              ,Rojas                                             ,Chile,Santiago,693,Sweet Hitch-Hiker,Rock,0.99,1.0,0.99
214,2018-04-03,57,Luis                                              ,Rojas                                             ,Chile,Santiago,1838,Metal Militia,Metal,0.99,1.0,0.99
214,2018-04-03,57,Luis                                              ,Rojas                                             ,Chile,Santiago,80,The Unforgiven,Metal,0.99,1.0,0.99
214,2018-04-03,57,Luis                                              ,Rojas                                             ,Chile,Santiago,1130,I Am,Metal,0.99,1.0,0.99
215,2018-04-04,26,Richard                                           ,Cunningham                                        ,USA,Fort Worth,1464,Morning Glory,Electronica/Dance,0.99,1.0,0.99
215,2018-04-04,26,Richard                                           ,Cunningham                                        ,USA,Fort Worth,1019,Come Back,Alternative & Punk,0.99,1.0,0.99
216,2018-04-14,49,Stanisław                                         ,Wójcik                                            ,Poland,Warsaw,1547,Living After Midnight,Metal,0.99,1.0,0.99
216,2018-04-14,49,Stanisław                                         ,Wójcik                                            ,Poland,Warsaw,2004,In Bloom,Rock,0.99,1.0,0.99
216,2018-04-14,49,Stanisław                                         ,Wójcik                                            ,Poland,Warsaw,461,Surrender,Jazz,0.99,1.0,0.99
216,2018-04-14,49,Stanisław                                         ,Wójcik                                            ,Poland,Warsaw,2600,Train In Vain,Alternative & Punk,0.99,1.0,0.99
216,2018-04-14,49,Stanisław                                         ,Wójcik                                            ,Poland,Warsaw,3478,Slowness,Alternative,0.99,1.0,0.99
217,2018-04-17,27,Patrick                                           ,Gray                                              ,USA,Tucson,2554,Soldier Side - Intro,Metal,0.99,1.0,0.99
217,2018-04-17,27,Patrick                                           ,Gray                                              ,USA,Tucson,2555,B.Y.O.B.,Metal,0.99,1.0,0.99
217,2018-04-17,27,Patrick                                           ,Gray                                              ,USA,Tucson,2556,Revenga,Metal,0.99,1.0,0.99
217,2018-04-17,27,Patrick                                           ,Gray                                              ,USA,Tucson,2557,Cigaro,Metal,0.99,1.0,0.99
217,2018-04-17,27,Patrick                                           ,Gray                                              ,USA,Tucson,2558,Radio/Video,Metal,0.99,1.0,0.99
217,2018-04-17,27,Patrick                                           ,Gray                                              ,USA,Tucson,2559,This Cocaine Makes Me Feel Like I'm On This Song,Metal,0.99,1.0,0.99
217,2018-04-17,27,Patrick                                           ,Gray                                              ,USA,Tucson,2560,Violent Pornography,Metal,0.99,1.0,0.99
217,2018-04-17,27,Patrick                                           ,Gray                                              ,USA,Tucson,2561,Question!,Metal,0.99,1.0,0.99
217,2018-04-17,27,Patrick                                           ,Gray                                              ,USA,Tucson,2562,Sad Statue,Metal,0.99,1.0,0.99
217,2018-04-17,27,Patrick                                           ,Gray                                              ,USA,Tucson,2564,Lost in Hollywood,Metal,0.99,1.0,0.99
218,2018-04-19,56,Diego                                             ,Gutiérrez                                         ,Argentina,Buenos Aires,3336,War Pigs,Alternative,0.99,1.0,0.99
218,2018-04-19,56,Diego                                             ,Gutiérrez                                         ,Argentina,Buenos Aires,894,Sunshine Of Your Love,Blues,0.99,1.0,0.99
218,2018-04-19,56,Diego                                             ,Gutiérrez                                         ,Argentina,Buenos Aires,2574,Thick & Thin,Blues,0.99,1.0,0.99
218,2018-04-19,56,Diego                                             ,Gutiérrez                                         ,Argentina,Buenos Aires,2756,Coroné Antonio Bento,Latin,0.99,1.0,0.99
218,2018-04-19,56,Diego                                             ,Gutiérrez                                         ,Argentina,Buenos Aires,2220,Nothing But Love,Reggae,0.99,1.0,0.99
218,2018-04-19,56,Diego                                             ,Gutiérrez                                         ,Argentina,Buenos Aires,1164,Bad Obsession,Rock,0.99,1.0,0.99
218,2018-04-19,56,Diego                                             ,Gutiérrez                                         ,Argentina,Buenos Aires,2189,Bushleager,Rock,0.99,1.0,0.99
218,2018-04-19,56,Diego                                             ,Gutiérrez                                         ,Argentina,Buenos Aires,2677,You Got Me Rocking,Rock,0.99,1.0,0.99
218,2018-04-19,56,Diego                                             ,Gutiérrez                                         ,Argentina,Buenos Aires,2005,Come As You Are,Rock,0.99,1.0,0.99
219,2018-04-21,20,Dan                                               ,Miller                                            ,USA,Mountain View,3067,Dance the Night Away,Rock,0.99,1.0,0.99
219,2018-04-21,20,Dan                                               ,Miller                                            ,USA,Mountain View,2278,Sleep On The Sidewalk,Rock,0.99,1.0,0.99
219,2018-04-21,20,Dan                                               ,Miller                                            ,USA,Mountain View,897,White Room,Blues,0.99,1.0,0.99
220,2018-04-25,59,Puja                                              ,Srivastava                                        ,India,Bangalore,1745,Pseudo Silk Kimono,Rock,0.99,1.0,0.99
220,2018-04-25,59,Puja                                              ,Srivastava                                        ,India,Bangalore,1746,Kayleigh,Rock,0.99,1.0,0.99
220,2018-04-25,59,Puja                                              ,Srivastava                                        ,India,Bangalore,1747,Lavender,Rock,0.99,1.0,0.99
220,2018-04-25,59,Puja                                              ,Srivastava                                        ,India,Bangalore,1748,Bitter Suite: Brief Encounter / Lost Weekend / Blue Angel,Rock,0.99,1.0,0.99
220,2018-04-25,59,Puja                                              ,Srivastava                                        ,India,Bangalore,1749,Heart Of Lothian: Wide Boy / Curtain Call,Rock,0.99,1.0,0.99
220,2018-04-25,59,Puja                                              ,Srivastava                                        ,India,Bangalore,1750,Waterhole (Expresso Bongo),Rock,0.99,1.0,0.99
220,2018-04-25,59,Puja                                              ,Srivastava                                        ,India,Bangalore,1751,Lords Of The Backstage,Rock,0.99,1.0,0.99
220,2018-04-25,59,Puja                                              ,Srivastava                                        ,India,Bangalore,1753,Childhoods End?,Rock,0.99,1.0,0.99
220,2018-04-25,59,Puja                                              ,Srivastava                                        ,India,Bangalore,1754,White Feather,Rock,0.99,1.0,0.99
221,2018-04-25,35,Madalena                                          ,Sampaio                                           ,Portugal,Porto,2561,Question!,Metal,0.99,1.0,0.99
221,2018-04-25,35,Madalena                                          ,Sampaio                                           ,Portugal,Porto,1494,The Wind Cries Mary,Rock,0.99,1.0,0.99
221,2018-04-25,35,Madalena                                          ,Sampaio                                           ,Portugal,Porto,2663,Message in a Bottle (new classic rock mix),Rock,0.99,1.0,0.99
221,2018-04-25,35,Madalena                                          ,Sampaio                                           ,Portugal,Porto,19,Problem Child,Rock,0.99,1.0,0.99
221,2018-04-25,35,Madalena                                          ,Sampaio                                           ,Portugal,Porto,1758,Cérebro Eletrônico,Latin,0.99,1.0,0.99
221,2018-04-25,35,Madalena                                          ,Sampaio                                           ,Portugal,Porto,3284,Never Say Die,Rock,0.99,1.0,0.99
221,2018-04-25,35,Madalena                                          ,Sampaio                                           ,Portugal,Porto,2187,Green Disease,Rock,0.99,1.0,0.99
221,2018-04-25,35,Madalena                                          ,Sampaio                                           ,Portugal,Porto,3291,Loving You Sunday Morning,Rock,0.99,1.0,0.99
222,2018-04-29,2,Leonie                                            ,Köhler                                            ,Germany,Stuttgart,1029,February Stars,Rock,0.99,1.0,0.99
222,2018-04-29,2,Leonie                                            ,Köhler                                            ,Germany,Stuttgart,2673,Under My Thumb,Rock,0.99,1.0,0.99
223,2018-05-04,1,Luís                                              ,Gonçalves                                         ,Brazil,São José dos Campos,2621,She Sells Sanctuary,Rock,0.99,1.0,0.99
223,2018-05-04,1,Luís                                              ,Gonçalves                                         ,Brazil,São José dos Campos,2622,Fire Woman,Rock,0.99,1.0,0.99
223,2018-05-04,1,Luís                                              ,Gonçalves                                         ,Brazil,São José dos Campos,2623,Lil' Evil,Rock,0.99,1.0,0.99
223,2018-05-04,1,Luís                                              ,Gonçalves                                         ,Brazil,São José dos Campos,2624,Spirit Walker,Rock,0.99,1.0,0.99
223,2018-05-04,1,Luís                                              ,Gonçalves                                         ,Brazil,São José dos Campos,2625,The Witch,Rock,0.99,1.0,0.99
223,2018-05-04,1,Luís                                              ,Gonçalves                                         ,Brazil,São José dos Campos,2626,Revolution,Rock,0.99,1.0,0.99
223,2018-05-04,1,Luís                                              ,Gonçalves                                         ,Brazil,São José dos Campos,2627,Wild Hearted Son,Rock,0.99,1.0,0.99
223,2018-05-04,1,Luís                                              ,Gonçalves                                         ,Brazil,São José dos Campos,2628,Love Removal Machine,Rock,0.99,1.0,0.99
223,2018-05-04,1,Luís                                              ,Gonçalves                                         ,Brazil,São José dos Campos,2629,Rain,Rock,0.99,1.0,0.99
223,2018-05-04,1,Luís                                              ,Gonçalves                                         ,Brazil,São José dos Campos,2630,Edie (Ciao Baby),Rock,0.99,1.0,0.99
223,2018-05-04,1,Luís                                              ,Gonçalves                                         ,Brazil,São José dos Campos,2631,Heart Of Soul,Rock,0.99,1.0,0.99
223,2018-05-04,1,Luís                                              ,Gonçalves                                         ,Brazil,São José dos Campos,2632,Love,Rock,0.99,1.0,0.99
223,2018-05-04,1,Luís                                              ,Gonçalves                                         ,Brazil,São José dos Campos,2633,Wild Flower,Rock,0.99,1.0,0.99
223,2018-05-04,1,Luís                                              ,Gonçalves                                         ,Brazil,São José dos Campos,2634,Go West,Rock,0.99,1.0,0.99
223,2018-05-04,1,Luís                                              ,Gonçalves                                         ,Brazil,São José dos Campos,2635,Resurrection Joe,Rock,0.99,1.0,0.99
223,2018-05-04,1,Luís                                              ,Gonçalves                                         ,Brazil,São José dos Campos,2636,Sun King,Rock,0.99,1.0,0.99
223,2018-05-04,1,Luís                                              ,Gonçalves                                         ,Brazil,São José dos Campos,2637,Sweet Soul Sister,Rock,0.99,1.0,0.99
223,2018-05-04,1,Luís                                              ,Gonçalves                                         ,Brazil,São José dos Campos,2638,Earth Mofo,Rock,0.99,1.0,0.99
224,2018-05-06,34,João                                              ,Fernandes                                         ,Portugal,Lisbon,2433,The Way You Do To Mer,Rock,0.99,1.0,0.99
224,2018-05-06,34,João                                              ,Fernandes                                         ,Portugal,Lisbon,2236,Brain Damage,Rock,0.99,1.0,0.99
224,2018-05-06,34,João                                              ,Fernandes                                         ,Portugal,Lisbon,3073,Dreams,Rock,0.99,1.0,0.99
224,2018-05-06,34,João                                              ,Fernandes                                         ,Portugal,Lisbon,2600,Train In Vain,Alternative & Punk,0.99,1.0,0.99
224,2018-05-06,34,João                                              ,Fernandes                                         ,Portugal,Lisbon,1897,The Shortest Straw,Metal,0.99,1.0,0.99
224,2018-05-06,34,João                                              ,Fernandes                                         ,Portugal,Lisbon,100,Out Of Exile,Alternative & Punk,0.99,1.0,0.99
224,2018-05-06,34,João                                              ,Fernandes                                         ,Portugal,Lisbon,2600,Train In Vain,Alternative & Punk,0.99,1.0,0.99
224,2018-05-06,34,João                                              ,Fernandes                                         ,Portugal,Lisbon,20,Overdose,Rock,0.99,1.0,0.99
224,2018-05-06,34,João                                              ,Fernandes                                         ,Portugal,Lisbon,1421,Cold Sweat,R&B/Soul,0.99,1.0,0.99
224,2018-05-06,34,João                                              ,Fernandes                                         ,Portugal,Lisbon,1834,Whiplash,Metal,0.99,1.0,0.99
225,2018-05-08,7,Astrid                                            ,Gruber                                            ,Austria,Vienne,1711,Always On The Run,Rock,0.99,1.0,0.99
225,2018-05-08,7,Astrid                                            ,Gruber                                            ,Austria,Vienne,2662,Don't Stand So Close to Me '86,Rock,0.99,1.0,0.99
225,2018-05-08,7,Astrid                                            ,Gruber                                            ,Austria,Vienne,60,Confusion,Rock,0.99,1.0,0.99
225,2018-05-08,7,Astrid                                            ,Gruber                                            ,Austria,Vienne,32,Deuces Are Wild,Rock,0.99,1.0,0.99
225,2018-05-08,7,Astrid                                            ,Gruber                                            ,Austria,Vienne,1251,New Frontier,Heavy Metal,0.99,1.0,0.99
225,2018-05-08,7,Astrid                                            ,Gruber                                            ,Austria,Vienne,1025,Up In Arms,Rock,0.99,1.0,0.99
226,2018-05-12,42,Wyatt                                             ,Girard                                            ,France,Bordeaux,2150,Given To Fly,Rock,0.99,1.0,0.99
226,2018-05-12,42,Wyatt                                             ,Girard                                            ,France,Bordeaux,1610,Black Dog,Rock,0.99,1.0,0.99
226,2018-05-12,42,Wyatt                                             ,Girard                                            ,France,Bordeaux,2237,Eclipse,Rock,0.99,1.0,0.99
226,2018-05-12,42,Wyatt                                             ,Girard                                            ,France,Bordeaux,1139,Give Me Novacaine,Alternative & Punk,0.99,1.0,0.99
226,2018-05-12,42,Wyatt                                             ,Girard                                            ,France,Bordeaux,2275,Spread Your Wings,Rock,0.99,1.0,0.99
226,2018-05-12,42,Wyatt                                             ,Girard                                            ,France,Bordeaux,2950,Spanish Eyes,Rock,0.99,1.0,0.99
226,2018-05-12,42,Wyatt                                             ,Girard                                            ,France,Bordeaux,1185,You Could Be Mine,Metal,0.99,1.0,0.99
226,2018-05-12,42,Wyatt                                             ,Girard                                            ,France,Bordeaux,3094,One I Want,Rock,0.99,1.0,0.99
226,2018-05-12,42,Wyatt                                             ,Girard                                            ,France,Bordeaux,1132,Serenity,Metal,0.99,1.0,0.99
226,2018-05-12,42,Wyatt                                             ,Girard                                            ,France,Bordeaux,1805,Wherever I May Roam,Metal,0.99,1.0,0.99
226,2018-05-12,42,Wyatt                                             ,Girard                                            ,France,Bordeaux,3463,Some Unholy War,R&B/Soul,0.99,1.0,0.99
227,2018-05-16,52,Emma                                              ,Jones                                             ,United Kingdom,London,837,Armageddon It,Rock,0.99,1.0,0.99
227,2018-05-16,52,Emma                                              ,Jones                                             ,United Kingdom,London,3286,Iron Man/Children of the Grave,Rock,0.99,1.0,0.99
227,2018-05-16,52,Emma                                              ,Jones                                             ,United Kingdom,London,2041,Reggae Odoyá,Latin,0.99,1.0,0.99
227,2018-05-16,52,Emma                                              ,Jones                                             ,United Kingdom,London,571,Love Of My Life,Rock,0.99,1.0,0.99
227,2018-05-16,52,Emma                                              ,Jones                                             ,United Kingdom,London,2604,The Magnificent Seven,Alternative & Punk,0.99,1.0,0.99
227,2018-05-16,52,Emma                                              ,Jones                                             ,United Kingdom,London,2214,Leash,Rock,0.99,1.0,0.99
227,2018-05-16,52,Emma                                              ,Jones                                             ,United Kingdom,London,3336,War Pigs,Alternative,0.99,1.0,0.99
227,2018-05-16,52,Emma                                              ,Jones                                             ,United Kingdom,London,2600,Train In Vain,Alternative & Punk,0.99,1.0,0.99
227,2018-05-16,52,Emma                                              ,Jones                                             ,United Kingdom,London,3378,Safe and Sound,Alternative,0.99,1.0,0.99
227,2018-05-16,52,Emma                                              ,Jones                                             ,United Kingdom,London,468,Maria,Alternative & Punk,0.99,1.0,0.99
228,2018-05-16,57,Luis                                              ,Rojas                                             ,Chile,Santiago,1212,The Number Of The Beast,Metal,0.99,1.0,0.99
228,2018-05-16,57,Luis                                              ,Rojas                                             ,Chile,Santiago,1988,Drain You,Rock,0.99,1.0,0.99
228,2018-05-16,57,Luis                                              ,Rojas                                             ,Chile,Santiago,531,Top Top,Alternative & Punk,0.99,1.0,0.99
228,2018-05-16,57,Luis                                              ,Rojas                                             ,Chile,Santiago,691,Have You Ever Seen The Rain?,Rock,0.99,1.0,0.99
229,2018-05-19,15,Jennifer                                          ,Peterson                                          ,Canada,Vancouver,2655,"De Do Do Do, De Da Da Da",Rock,0.99,1.0,0.99
229,2018-05-19,15,Jennifer                                          ,Peterson                                          ,Canada,Vancouver,58,Sunshine,Rock,0.99,1.0,0.99
229,2018-05-19,15,Jennifer                                          ,Peterson                                          ,Canada,Vancouver,841,Bringin' On The Heartbreak,Rock,0.99,1.0,0.99
230,2018-05-21,54,Steve                                             ,Murray                                            ,United Kingdom,Edinburgh ,15,Go Down,Rock,0.99,1.0,0.99
230,2018-05-21,54,Steve                                             ,Murray                                            ,United Kingdom,Edinburgh ,16,Dog Eat Dog,Rock,0.99,1.0,0.99
230,2018-05-21,54,Steve                                             ,Murray                                            ,United Kingdom,Edinburgh ,17,Let There Be Rock,Rock,0.99,1.0,0.99
230,2018-05-21,54,Steve                                             ,Murray                                            ,United Kingdom,Edinburgh ,18,Bad Boy Boogie,Rock,0.99,1.0,0.99
230,2018-05-21,54,Steve                                             ,Murray                                            ,United Kingdom,Edinburgh ,19,Problem Child,Rock,0.99,1.0,0.99
230,2018-05-21,54,Steve                                             ,Murray                                            ,United Kingdom,Edinburgh ,20,Overdose,Rock,0.99,1.0,0.99
230,2018-05-21,54,Steve                                             ,Murray                                            ,United Kingdom,Edinburgh ,21,Hell Ain't A Bad Place To Be,Rock,0.99,1.0,0.99
230,2018-05-21,54,Steve                                             ,Murray                                            ,United Kingdom,Edinburgh ,22,Whole Lotta Rosie,Rock,0.99,1.0,0.99
231,2018-05-27,19,Tim                                               ,Goyer                                             ,USA,Cupertino,1204,The Pilgrim,Rock,0.99,1.0,0.99
231,2018-05-27,19,Tim                                               ,Goyer                                             ,USA,Cupertino,1439,Emergency On Planet Earth,Rock,0.99,1.0,0.99
231,2018-05-27,19,Tim                                               ,Goyer                                             ,USA,Cupertino,154,Sleeping Village,Metal,0.99,1.0,0.99
232,2018-05-29,57,Luis                                              ,Rojas                                             ,Chile,Santiago,3090,Ice Cream Man,Rock,0.99,1.0,0.99
232,2018-05-29,57,Luis                                              ,Rojas                                             ,Chile,Santiago,1424,Hey America,R&B/Soul,0.99,1.0,0.99
232,2018-05-29,57,Luis                                              ,Rojas                                             ,Chile,Santiago,2109,Paranoid,Metal,0.99,1.0,0.99
232,2018-05-29,57,Luis                                              ,Rojas                                             ,Chile,Santiago,6,Put The Finger On You,Rock,0.99,1.0,0.99
233,2018-06-01,14,Mark                                              ,Philips                                           ,Canada,Edmonton,9,Snowballed,Rock,0.99,1.0,0.99
233,2018-06-01,14,Mark                                              ,Philips                                           ,Canada,Edmonton,61,I Know Somethin (Bout You),Rock,0.99,1.0,0.99
233,2018-06-01,14,Mark                                              ,Philips                                           ,Canada,Edmonton,3349,Amanda,Jazz,0.99,1.0,0.99
233,2018-06-01,14,Mark                                              ,Philips                                           ,Canada,Edmonton,83,Wherever I May Roam,Metal,0.99,1.0,0.99
233,2018-06-01,14,Mark                                              ,Philips                                           ,Canada,Edmonton,2115,Upon A Golden Horse,Rock,0.99,1.0,0.99
233,2018-06-01,14,Mark                                              ,Philips                                           ,Canada,Edmonton,2671,19th Nervous Breakdown,Rock,0.99,1.0,0.99
234,2018-06-01,36,Hannah                                            ,Schneider                                         ,Germany,Berlin,2562,Sad Statue,Metal,0.99,1.0,0.99
235,2018-06-06,5,R                                                 ,Madhav                                            ,Czech Republic,Prague,3287,Paranoid,Rock,0.99,1.0,0.99
235,2018-06-06,5,R                                                 ,Madhav                                            ,Czech Republic,Prague,2326,Can't Get There From Here,Alternative & Punk,0.99,1.0,0.99
235,2018-06-06,5,R                                                 ,Madhav                                            ,Czech Republic,Prague,2597,English Civil War,Alternative & Punk,0.99,1.0,0.99
235,2018-06-06,5,R                                                 ,Madhav                                            ,Czech Republic,Prague,2234,Us And Them,Rock,0.99,1.0,0.99
235,2018-06-06,5,R                                                 ,Madhav                                            ,Czech Republic,Prague,1129,Dead And Broken,Metal,0.99,1.0,0.99
235,2018-06-06,5,R                                                 ,Madhav                                            ,Czech Republic,Prague,1992,Lithium,Rock,0.99,1.0,0.99
235,2018-06-06,5,R                                                 ,Madhav                                            ,Czech Republic,Prague,2199,Oceans,Rock,0.99,1.0,0.99
236,2018-06-08,35,Madalena                                          ,Sampaio                                           ,Portugal,Porto,164,St. Vitus Dance,Metal,0.99,1.0,0.99
236,2018-06-08,35,Madalena                                          ,Sampaio                                           ,Portugal,Porto,2191,Arc,Rock,0.99,1.0,0.99
236,2018-06-08,35,Madalena                                          ,Sampaio                                           ,Portugal,Porto,3294,Believe in Love,Rock,0.99,1.0,0.99
237,2018-06-13,52,Emma                                              ,Jones                                             ,United Kingdom,London,2375,By The Way,Rock,0.99,1.0,0.99
237,2018-06-13,52,Emma                                              ,Jones                                             ,United Kingdom,London,2376,Universally Speaking,Rock,0.99,1.0,0.99
237,2018-06-13,52,Emma                                              ,Jones                                             ,United Kingdom,London,2377,This Is The Place,Rock,0.99,1.0,0.99
237,2018-06-13,52,Emma                                              ,Jones                                             ,United Kingdom,London,2378,Dosed,Rock,0.99,1.0,0.99
237,2018-06-13,52,Emma                                              ,Jones                                             ,United Kingdom,London,2379,Don't Forget Me,Rock,0.99,1.0,0.99
237,2018-06-13,52,Emma                                              ,Jones                                             ,United Kingdom,London,2380,The Zephyr Song,Rock,0.99,1.0,0.99
237,2018-06-13,52,Emma                                              ,Jones                                             ,United Kingdom,London,2381,Can't Stop,Rock,0.99,1.0,0.99
237,2018-06-13,52,Emma                                              ,Jones                                             ,United Kingdom,London,2382,I Could Die For You,Rock,0.99,1.0,0.99
237,2018-06-13,52,Emma                                              ,Jones                                             ,United Kingdom,London,2383,Midnight,Rock,0.99,1.0,0.99
237,2018-06-13,52,Emma                                              ,Jones                                             ,United Kingdom,London,2384,Throw Away Your Television,Rock,0.99,1.0,0.99
237,2018-06-13,52,Emma                                              ,Jones                                             ,United Kingdom,London,2385,Cabron,Rock,0.99,1.0,0.99
237,2018-06-13,52,Emma                                              ,Jones                                             ,United Kingdom,London,2386,Tear,Rock,0.99,1.0,0.99
237,2018-06-13,52,Emma                                              ,Jones                                             ,United Kingdom,London,2387,On Mercury,Rock,0.99,1.0,0.99
237,2018-06-13,52,Emma                                              ,Jones                                             ,United Kingdom,London,2388,Minor Thing,Rock,0.99,1.0,0.99
237,2018-06-13,52,Emma                                              ,Jones                                             ,United Kingdom,London,2389,Warm Tape,Rock,0.99,1.0,0.99
237,2018-06-13,52,Emma                                              ,Jones                                             ,United Kingdom,London,2390,Venice Queen,Rock,0.99,1.0,0.99
238,2018-06-14,46,Hugh                                              ,O'Reilly                                          ,Ireland,Dublin,2271,We Will Rock You,Rock,0.99,1.0,0.99
238,2018-06-14,46,Hugh                                              ,O'Reilly                                          ,Ireland,Dublin,2272,We Are The Champions,Rock,0.99,1.0,0.99
238,2018-06-14,46,Hugh                                              ,O'Reilly                                          ,Ireland,Dublin,2273,Sheer Heart Attack,Rock,0.99,1.0,0.99
238,2018-06-14,46,Hugh                                              ,O'Reilly                                          ,Ireland,Dublin,2274,"All Dead, All Dead",Rock,0.99,1.0,0.99
238,2018-06-14,46,Hugh                                              ,O'Reilly                                          ,Ireland,Dublin,2275,Spread Your Wings,Rock,0.99,1.0,0.99
238,2018-06-14,46,Hugh                                              ,O'Reilly                                          ,Ireland,Dublin,2276,Fight From The Inside,Rock,0.99,1.0,0.99
238,2018-06-14,46,Hugh                                              ,O'Reilly                                          ,Ireland,Dublin,2277,"Get Down, Make Love",Rock,0.99,1.0,0.99
238,2018-06-14,46,Hugh                                              ,O'Reilly                                          ,Ireland,Dublin,2278,Sleep On The Sidewalk,Rock,0.99,1.0,0.99
238,2018-06-14,46,Hugh                                              ,O'Reilly                                          ,Ireland,Dublin,2280,It's Late,Rock,0.99,1.0,0.99
238,2018-06-14,46,Hugh                                              ,O'Reilly                                          ,Ireland,Dublin,2281,My Melancholy Blues,Rock,0.99,1.0,0.99
239,2018-06-16,38,Niklas                                            ,Schröder                                          ,Germany,Berlin,2254,Bohemian Rhapsody,Rock,0.99,1.0,0.99
239,2018-06-16,38,Niklas                                            ,Schröder                                          ,Germany,Berlin,2255,Another One Bites The Dust,Rock,0.99,1.0,0.99
239,2018-06-16,38,Niklas                                            ,Schröder                                          ,Germany,Berlin,2256,Killer Queen,Rock,0.99,1.0,0.99
239,2018-06-16,38,Niklas                                            ,Schröder                                          ,Germany,Berlin,2258,Bicycle Race,Rock,0.99,1.0,0.99
239,2018-06-16,38,Niklas                                            ,Schröder                                          ,Germany,Berlin,2259,You're My Best Friend,Rock,0.99,1.0,0.99
239,2018-06-16,38,Niklas                                            ,Schröder                                          ,Germany,Berlin,2260,Don't Stop Me Now,Rock,0.99,1.0,0.99
239,2018-06-16,38,Niklas                                            ,Schröder                                          ,Germany,Berlin,2261,Save Me,Rock,0.99,1.0,0.99
239,2018-06-16,38,Niklas                                            ,Schröder                                          ,Germany,Berlin,2262,Crazy Little Thing Called Love,Rock,0.99,1.0,0.99
239,2018-06-16,38,Niklas                                            ,Schröder                                          ,Germany,Berlin,2263,Somebody To Love,Rock,0.99,1.0,0.99
239,2018-06-16,38,Niklas                                            ,Schröder                                          ,Germany,Berlin,2264,Now I'm Here,Rock,0.99,1.0,0.99
239,2018-06-16,38,Niklas                                            ,Schröder                                          ,Germany,Berlin,2265,Good Old-Fashioned Lover Boy,Rock,0.99,1.0,0.99
239,2018-06-16,38,Niklas                                            ,Schröder                                          ,Germany,Berlin,2266,Play The Game,Rock,0.99,1.0,0.99
239,2018-06-16,38,Niklas                                            ,Schröder                                          ,Germany,Berlin,2267,Flash,Rock,0.99,1.0,0.99
239,2018-06-16,38,Niklas                                            ,Schröder                                          ,Germany,Berlin,2268,Seven Seas Of Rhye,Rock,0.99,1.0,0.99
239,2018-06-16,38,Niklas                                            ,Schröder                                          ,Germany,Berlin,2269,We Will Rock You,Rock,0.99,1.0,0.99
239,2018-06-16,38,Niklas                                            ,Schröder                                          ,Germany,Berlin,2270,We Are The Champions,Rock,0.99,1.0,0.99
240,2018-06-17,10,Eduardo                                           ,Martins                                           ,Brazil,São Paulo,1896,One,Metal,0.99,1.0,0.99
240,2018-06-17,10,Eduardo                                           ,Martins                                           ,Brazil,São Paulo,1774,Get My Hands On Some Lovin',R&B/Soul,0.99,1.0,0.99
240,2018-06-17,10,Eduardo                                           ,Martins                                           ,Brazil,São Paulo,2005,Come As You Are,Rock,0.99,1.0,0.99
241,2018-06-18,45,Ladislav                                          ,Kovács                                            ,Hungary,Budapest,2368,Under The Bridge,Alternative & Punk,0.99,1.0,0.99
241,2018-06-18,45,Ladislav                                          ,Kovács                                            ,Hungary,Budapest,2289,World Leader Pretend,Alternative & Punk,0.99,1.0,0.99
242,2018-06-18,36,Hannah                                            ,Schneider                                         ,Germany,Berlin,3033,Daddy's Gonna Pay For Your Crashed Car,Rock,0.99,1.0,0.99
242,2018-06-18,36,Hannah                                            ,Schneider                                         ,Germany,Berlin,2375,By The Way,Rock,0.99,1.0,0.99
242,2018-06-18,36,Hannah                                            ,Schneider                                         ,Germany,Berlin,2687,Thief In The Night,Rock,0.99,1.0,0.99
242,2018-06-18,36,Hannah                                            ,Schneider                                         ,Germany,Berlin,61,I Know Somethin (Bout You),Rock,0.99,1.0,0.99
242,2018-06-18,36,Hannah                                            ,Schneider                                         ,Germany,Berlin,483,Redundant,Alternative & Punk,0.99,1.0,0.99
242,2018-06-18,36,Hannah                                            ,Schneider                                         ,Germany,Berlin,2231,Time,Rock,0.99,1.0,0.99
242,2018-06-18,36,Hannah                                            ,Schneider                                         ,Germany,Berlin,2263,Somebody To Love,Rock,0.99,1.0,0.99
242,2018-06-18,36,Hannah                                            ,Schneider                                         ,Germany,Berlin,3336,War Pigs,Alternative,0.99,1.0,0.99
242,2018-06-18,36,Hannah                                            ,Schneider                                         ,Germany,Berlin,1586,Thank You,Rock,0.99,1.0,0.99
242,2018-06-18,36,Hannah                                            ,Schneider                                         ,Germany,Berlin,1456,Stillness In Time,Electronica/Dance,0.99,1.0,0.99
243,2018-06-23,6,Helena                                            ,Holý                                              ,Czech Republic,Prague,510,E Vamos À Luta,Latin,0.99,1.0,0.99
243,2018-06-23,6,Helena                                            ,Holý                                              ,Czech Republic,Prague,3471,(There Is) No Greater Love (Teo Licks),Pop,0.99,1.0,0.99
243,2018-06-23,6,Helena                                            ,Holý                                              ,Czech Republic,Prague,2644,Light My Fire,Rock,0.99,1.0,0.99
243,2018-06-23,6,Helena                                            ,Holý                                              ,Czech Republic,Prague,2640,Soul Kitchen,Rock,0.99,1.0,0.99
243,2018-06-23,6,Helena                                            ,Holý                                              ,Czech Republic,Prague,1449,Destitute Illusions,R&B/Soul,0.99,1.0,0.99
243,2018-06-23,6,Helena                                            ,Holý                                              ,Czech Republic,Prague,2639,Break on Through,Rock,0.99,1.0,0.99
243,2018-06-23,6,Helena                                            ,Holý                                              ,Czech Republic,Prague,1031,Walking After You,Rock,0.99,1.0,0.99
243,2018-06-23,6,Helena                                            ,Holý                                              ,Czech Republic,Prague,54,Bleed The Freak,Rock,0.99,1.0,0.99
243,2018-06-23,6,Helena                                            ,Holý                                              ,Czech Republic,Prague,3388,You Know My Name,Alternative,0.99,1.0,0.99
243,2018-06-23,6,Helena                                            ,Holý                                              ,Czech Republic,Prague,2364,Mellowship Slinky In B Major,Alternative & Punk,0.99,1.0,0.99
243,2018-06-23,6,Helena                                            ,Holý                                              ,Czech Republic,Prague,3113,You Got No Right,Rock,0.99,1.0,0.99
244,2018-06-23,53,Phil                                              ,Hughes                                            ,United Kingdom,London,2231,Time,Rock,0.99,1.0,0.99
244,2018-06-23,53,Phil                                              ,Hughes                                            ,United Kingdom,London,1026,My Hero,Rock,0.99,1.0,0.99
244,2018-06-23,53,Phil                                              ,Hughes                                            ,United Kingdom,London,2233,Money,Rock,0.99,1.0,0.99
244,2018-06-23,53,Phil                                              ,Hughes                                            ,United Kingdom,London,1520,Rapidamente,Latin,0.99,1.0,0.99
244,2018-06-23,53,Phil                                              ,Hughes                                            ,United Kingdom,London,2648,Take It As It Comes,Rock,0.99,1.0,0.99
245,2018-06-30,20,Dan                                               ,Miller                                            ,USA,Mountain View,1015,Halo,Alternative & Punk,0.99,1.0,0.99
245,2018-06-30,20,Dan                                               ,Miller                                            ,USA,Mountain View,3082,Eruption,Rock,0.99,1.0,0.99
245,2018-06-30,20,Dan                                               ,Miller                                            ,USA,Mountain View,2509,Hands All Over,Rock,0.99,1.0,0.99
246,2018-07-12,58,Manoj                                             ,Pareek                                            ,India,Delhi,77,Enter Sandman,Metal,0.99,1.0,0.99
246,2018-07-12,58,Manoj                                             ,Pareek                                            ,India,Delhi,58,Sunshine,Rock,0.99,1.0,0.99
246,2018-07-12,58,Manoj                                             ,Pareek                                            ,India,Delhi,1907,Blues For Pablo,Jazz,0.99,1.0,0.99
246,2018-07-12,58,Manoj                                             ,Pareek                                            ,India,Delhi,1392,Run to the Hills,Metal,0.99,1.0,0.99
246,2018-07-12,58,Manoj                                             ,Pareek                                            ,India,Delhi,2416,The Temples Of Syrinx,Rock,0.99,1.0,0.99
246,2018-07-12,58,Manoj                                             ,Pareek                                            ,India,Delhi,55,I Can't Remember,Rock,0.99,1.0,0.99
246,2018-07-12,58,Manoj                                             ,Pareek                                            ,India,Delhi,2319,Radio Free Aurope,Alternative & Punk,0.99,1.0,0.99
246,2018-07-12,58,Manoj                                             ,Pareek                                            ,India,Delhi,2372,My Lovely Man,Alternative & Punk,0.99,1.0,0.99
246,2018-07-12,58,Manoj                                             ,Pareek                                            ,India,Delhi,2559,This Cocaine Makes Me Feel Like I'm On This Song,Metal,0.99,1.0,0.99
247,2018-07-12,27,Patrick                                           ,Gray                                              ,USA,Tucson,2639,Break on Through,Rock,0.99,1.0,0.99
247,2018-07-12,27,Patrick                                           ,Gray                                              ,USA,Tucson,2640,Soul Kitchen,Rock,0.99,1.0,0.99
247,2018-07-12,27,Patrick                                           ,Gray                                              ,USA,Tucson,2641,The Crystal Ship,Rock,0.99,1.0,0.99
247,2018-07-12,27,Patrick                                           ,Gray                                              ,USA,Tucson,2642,Twentienth Century Fox,Rock,0.99,1.0,0.99
247,2018-07-12,27,Patrick                                           ,Gray                                              ,USA,Tucson,2643,Alabama Song,Rock,0.99,1.0,0.99
247,2018-07-12,27,Patrick                                           ,Gray                                              ,USA,Tucson,2644,Light My Fire,Rock,0.99,1.0,0.99
247,2018-07-12,27,Patrick                                           ,Gray                                              ,USA,Tucson,2645,Back Door Man,Rock,0.99,1.0,0.99
247,2018-07-12,27,Patrick                                           ,Gray                                              ,USA,Tucson,2646,I Looked At You,Rock,0.99,1.0,0.99
247,2018-07-12,27,Patrick                                           ,Gray                                              ,USA,Tucson,2647,End Of The Night,Rock,0.99,1.0,0.99
247,2018-07-12,27,Patrick                                           ,Gray                                              ,USA,Tucson,2648,Take It As It Comes,Rock,0.99,1.0,0.99
247,2018-07-12,27,Patrick                                           ,Gray                                              ,USA,Tucson,2649,The End,Rock,0.99,1.0,0.99
248,2018-07-13,3,François                                          ,Tremblay                                          ,Canada,Montréal,2277,"Get Down, Make Love",Rock,0.99,1.0,0.99
248,2018-07-13,3,François                                          ,Tremblay                                          ,Canada,Montréal,152,N.I.B.,Metal,0.99,1.0,0.99
248,2018-07-13,3,François                                          ,Tremblay                                          ,Canada,Montréal,2675,Let's Spend The Night Together,Rock,0.99,1.0,0.99
248,2018-07-13,3,François                                          ,Tremblay                                          ,Canada,Montréal,1040,Summer Love,Easy Listening,0.99,1.0,0.99
248,2018-07-13,3,François                                          ,Tremblay                                          ,Canada,Montréal,154,Sleeping Village,Metal,0.99,1.0,0.99
248,2018-07-13,3,François                                          ,Tremblay                                          ,Canada,Montréal,3109,Fall To Pieces,Rock,0.99,1.0,0.99
248,2018-07-13,3,François                                          ,Tremblay                                          ,Canada,Montréal,833,Rocket,Rock,0.99,1.0,0.99
249,2018-07-14,12,Roberto                                           ,Almeida                                           ,Brazil,Rio de Janeiro,1470,Get What You Need,Alternative & Punk,0.99,1.0,0.99
249,2018-07-14,12,Roberto                                           ,Almeida                                           ,Brazil,Rio de Janeiro,1947,(We Are) The Road Crew,Metal,0.99,1.0,0.99
250,2018-07-20,23,John                                              ,Gordon                                            ,USA,Boston,1428,Get Up Offa That Thing,R&B/Soul,0.99,1.0,0.99
250,2018-07-20,23,John                                              ,Gordon                                            ,USA,Boston,485,Minority,Alternative & Punk,0.99,1.0,0.99
250,2018-07-20,23,John                                              ,Gordon                                            ,USA,Boston,3336,War Pigs,Alternative,0.99,1.0,0.99
250,2018-07-20,23,John                                              ,Gordon                                            ,USA,Boston,1750,Waterhole (Expresso Bongo),Rock,0.99,1.0,0.99
250,2018-07-20,23,John                                              ,Gordon                                            ,USA,Boston,2530,Little Linda,Jazz,0.99,1.0,0.99
250,2018-07-20,23,John                                              ,Gordon                                            ,USA,Boston,1786,Save The Children,R&B/Soul,0.99,1.0,0.99
250,2018-07-20,23,John                                              ,Gordon                                            ,USA,Boston,2547,Naked Sunday,Rock,0.99,1.0,0.99
250,2018-07-20,23,John                                              ,Gordon                                            ,USA,Boston,697,Born On The Bayou,Rock,0.99,1.0,0.99
250,2018-07-20,23,John                                              ,Gordon                                            ,USA,Boston,435,One Vision,Rock,0.99,1.0,0.99
250,2018-07-20,23,John                                              ,Gordon                                            ,USA,Boston,901,After Midnight,Blues,0.99,1.0,0.99
250,2018-07-20,23,John                                              ,Gordon                                            ,USA,Boston,3045,(I Can't Help) Falling In Love With You,Reggae,0.99,1.0,0.99
251,2018-07-20,7,Astrid                                            ,Gruber                                            ,Austria,Vienne,3286,Iron Man/Children of the Grave,Rock,0.99,1.0,0.99
251,2018-07-20,7,Astrid                                            ,Gruber                                            ,Austria,Vienne,350,How Many More Times,Rock,0.99,1.0,0.99
251,2018-07-20,7,Astrid                                            ,Gruber                                            ,Austria,Vienne,1028,Enough Space,Rock,0.99,1.0,0.99
251,2018-07-20,7,Astrid                                            ,Gruber                                            ,Austria,Vienne,524,Queixa,Latin,0.99,1.0,0.99
251,2018-07-20,7,Astrid                                            ,Gruber                                            ,Austria,Vienne,30,Amazing,Rock,0.99,1.0,0.99
251,2018-07-20,7,Astrid                                            ,Gruber                                            ,Austria,Vienne,2560,Violent Pornography,Metal,0.99,1.0,0.99
251,2018-07-20,7,Astrid                                            ,Gruber                                            ,Austria,Vienne,57,It Ain't Like That,Rock,0.99,1.0,0.99
252,2018-07-25,44,Terhi                                             ,Hämäläinen                                        ,Finland,Helsinki,413,Loverman,Metal,0.99,1.0,0.99
252,2018-07-25,44,Terhi                                             ,Hämäläinen                                        ,Finland,Helsinki,2305,Binky The Doormat,Rock,0.99,1.0,0.99
252,2018-07-25,44,Terhi                                             ,Hämäläinen                                        ,Finland,Helsinki,2599,London Calling,Alternative & Punk,0.99,1.0,0.99
252,2018-07-25,44,Terhi                                             ,Hämäläinen                                        ,Finland,Helsinki,1457,Half The Man,Electronica/Dance,0.99,1.0,0.99
252,2018-07-25,44,Terhi                                             ,Hämäläinen                                        ,Finland,Helsinki,2013,On A Plain,Rock,0.99,1.0,0.99
252,2018-07-25,44,Terhi                                             ,Hämäläinen                                        ,Finland,Helsinki,2178,Can't Keep,Rock,0.99,1.0,0.99
252,2018-07-25,44,Terhi                                             ,Hämäläinen                                        ,Finland,Helsinki,2734,Substitute,Rock,0.99,1.0,0.99
252,2018-07-25,44,Terhi                                             ,Hämäläinen                                        ,Finland,Helsinki,1,For Those About To Rock (We Salute You),Rock,0.99,1.0,0.99
253,2018-07-29,8,Daan                                              ,Peeters                                           ,Belgium,Brussels,1121,Straight Out Of Line,Metal,0.99,1.0,0.99
253,2018-07-29,8,Daan                                              ,Peeters                                           ,Belgium,Brussels,1122,Faceless,Metal,0.99,1.0,0.99
253,2018-07-29,8,Daan                                              ,Peeters                                           ,Belgium,Brussels,1123,Changes,Metal,0.99,1.0,0.99
253,2018-07-29,8,Daan                                              ,Peeters                                           ,Belgium,Brussels,1124,Make Me Believe,Metal,0.99,1.0,0.99
253,2018-07-29,8,Daan                                              ,Peeters                                           ,Belgium,Brussels,1125,I Stand Alone,Metal,0.99,1.0,0.99
253,2018-07-29,8,Daan                                              ,Peeters                                           ,Belgium,Brussels,1126,Re-Align,Metal,0.99,1.0,0.99
253,2018-07-29,8,Daan                                              ,Peeters                                           ,Belgium,Brussels,1127,I Fucking Hate You,Metal,0.99,1.0,0.99
253,2018-07-29,8,Daan                                              ,Peeters                                           ,Belgium,Brussels,1128,Releasing The Demons,Metal,0.99,1.0,0.99
253,2018-07-29,8,Daan                                              ,Peeters                                           ,Belgium,Brussels,1129,Dead And Broken,Metal,0.99,1.0,0.99
253,2018-07-29,8,Daan                                              ,Peeters                                           ,Belgium,Brussels,1130,I Am,Metal,0.99,1.0,0.99
253,2018-07-29,8,Daan                                              ,Peeters                                           ,Belgium,Brussels,1131,The Awakening,Metal,0.99,1.0,0.99
253,2018-07-29,8,Daan                                              ,Peeters                                           ,Belgium,Brussels,1132,Serenity,Metal,0.99,1.0,0.99
254,2018-07-30,57,Luis                                              ,Rojas                                             ,Chile,Santiago,1445,Planet Home,R&B/Soul,0.99,1.0,0.99
254,2018-07-30,57,Luis                                              ,Rojas                                             ,Chile,Santiago,2206,Daughter,Rock,0.99,1.0,0.99
254,2018-07-30,57,Luis                                              ,Rojas                                             ,Chile,Santiago,2228,Equal Rights Downpresser Man,Reggae,0.99,1.0,0.99
254,2018-07-30,57,Luis                                              ,Rojas                                             ,Chile,Santiago,183,King In Crimson,Metal,0.99,1.0,0.99
254,2018-07-30,57,Luis                                              ,Rojas                                             ,Chile,Santiago,2594,Clash City Rockers,Alternative & Punk,0.99,1.0,0.99
254,2018-07-30,57,Luis                                              ,Rojas                                             ,Chile,Santiago,1472,Radio Song,Alternative & Punk,0.99,1.0,0.99
254,2018-07-30,57,Luis                                              ,Rojas                                             ,Chile,Santiago,2232,The Great Gig In The Sky,Rock,0.99,1.0,0.99
254,2018-07-30,57,Luis                                              ,Rojas                                             ,Chile,Santiago,2266,Play The Game,Rock,0.99,1.0,0.99
254,2018-07-30,57,Luis                                              ,Rojas                                             ,Chile,Santiago,342,What is and Should Never Be,Rock,0.99,1.0,0.99
254,2018-07-30,57,Luis                                              ,Rojas                                             ,Chile,Santiago,1557,Metal Meltdown,Metal,0.99,1.0,0.99
255,2018-07-31,46,Hugh                                              ,O'Reilly                                          ,Ireland,Dublin,529,Balada Do Louco,Alternative & Punk,0.99,1.0,0.99
255,2018-07-31,46,Hugh                                              ,O'Reilly                                          ,Ireland,Dublin,2350,Sapato 36,Rock,0.99,1.0,0.99
255,2018-07-31,46,Hugh                                              ,O'Reilly                                          ,Ireland,Dublin,2414,Closer To The Heart,Rock,0.99,1.0,0.99
255,2018-07-31,46,Hugh                                              ,O'Reilly                                          ,Ireland,Dublin,3307,House Of Pain Anthem,Hip Hop/Rap,0.99,1.0,0.99
256,2018-07-31,13,Fernanda                                          ,Ramos                                             ,Brazil,Brasília,2563,Old School Hollywood,Metal,0.99,1.0,0.99
256,2018-07-31,13,Fernanda                                          ,Ramos                                             ,Brazil,Brasília,1491,Stone Free,Rock,0.99,1.0,0.99
256,2018-07-31,13,Fernanda                                          ,Ramos                                             ,Brazil,Brasília,3469,F**k Me Pumps,Pop,0.99,1.0,0.99
256,2018-07-31,13,Fernanda                                          ,Ramos                                             ,Brazil,Brasília,3439,"Das Lied Von Der Erde, Von Der Jugend",Classical,0.99,1.0,0.99
256,2018-07-31,13,Fernanda                                          ,Ramos                                             ,Brazil,Brasília,1570,See You Tonight,Rock,0.99,1.0,0.99
257,2018-08-01,16,Frank                                             ,Harris                                            ,USA,Mountain View,2285,Pop Song 89,Alternative & Punk,0.99,1.0,0.99
257,2018-08-01,16,Frank                                             ,Harris                                            ,USA,Mountain View,2286,Get Up,Alternative & Punk,0.99,1.0,0.99
257,2018-08-01,16,Frank                                             ,Harris                                            ,USA,Mountain View,2287,You Are The Everything,Alternative & Punk,0.99,1.0,0.99
257,2018-08-01,16,Frank                                             ,Harris                                            ,USA,Mountain View,2288,Stand,Alternative & Punk,0.99,1.0,0.99
257,2018-08-01,16,Frank                                             ,Harris                                            ,USA,Mountain View,2289,World Leader Pretend,Alternative & Punk,0.99,1.0,0.99
257,2018-08-01,16,Frank                                             ,Harris                                            ,USA,Mountain View,2290,The Wrong Child,Alternative & Punk,0.99,1.0,0.99
257,2018-08-01,16,Frank                                             ,Harris                                            ,USA,Mountain View,2291,Orange Crush,Alternative & Punk,0.99,1.0,0.99
257,2018-08-01,16,Frank                                             ,Harris                                            ,USA,Mountain View,2292,Turn You Inside-Out,Alternative & Punk,0.99,1.0,0.99
257,2018-08-01,16,Frank                                             ,Harris                                            ,USA,Mountain View,2293,Hairshirt,Alternative & Punk,0.99,1.0,0.99
257,2018-08-01,16,Frank                                             ,Harris                                            ,USA,Mountain View,2294,I Remember California,Alternative & Punk,0.99,1.0,0.99
257,2018-08-01,16,Frank                                             ,Harris                                            ,USA,Mountain View,2295,Untitled,Alternative & Punk,0.99,1.0,0.99
258,2018-08-02,48,Johannes                                          ,Van der Berg                                      ,Netherlands,Amsterdam,1990,Smells Like Teen Spirit,Rock,0.99,1.0,0.99
259,2018-08-03,38,Niklas                                            ,Schröder                                          ,Germany,Berlin,44,You Learn,Rock,0.99,1.0,0.99
259,2018-08-03,38,Niklas                                            ,Schröder                                          ,Germany,Berlin,2296,How The West Was Won And Where It Got Us,Rock,0.99,1.0,0.99
259,2018-08-03,38,Niklas                                            ,Schröder                                          ,Germany,Berlin,3457,Me & Mr. Jones,R&B/Soul,0.99,1.0,0.99
259,2018-08-03,38,Niklas                                            ,Schröder                                          ,Germany,Berlin,2690,Love Is Strong,Rock,0.99,1.0,0.99
259,2018-08-03,38,Niklas                                            ,Schröder                                          ,Germany,Berlin,29,Cryin',Rock,0.99,1.0,0.99
259,2018-08-03,38,Niklas                                            ,Schröder                                          ,Germany,Berlin,1175,14 Years,Metal,0.99,1.0,0.99
259,2018-08-03,38,Niklas                                            ,Schröder                                          ,Germany,Berlin,3084,Ain't Talkin' 'Bout Love,Rock,0.99,1.0,0.99
260,2018-08-04,10,Eduardo                                           ,Martins                                           ,Brazil,São Paulo,1175,14 Years,Metal,0.99,1.0,0.99
260,2018-08-04,10,Eduardo                                           ,Martins                                           ,Brazil,São Paulo,3357,OAM's Blues,Jazz,0.99,1.0,0.99
260,2018-08-04,10,Eduardo                                           ,Martins                                           ,Brazil,São Paulo,77,Enter Sandman,Metal,0.99,1.0,0.99
260,2018-08-04,10,Eduardo                                           ,Martins                                           ,Brazil,São Paulo,2564,Lost in Hollywood,Metal,0.99,1.0,0.99
260,2018-08-04,10,Eduardo                                           ,Martins                                           ,Brazil,São Paulo,1998,Negative Creep,Rock,0.99,1.0,0.99
260,2018-08-04,10,Eduardo                                           ,Martins                                           ,Brazil,São Paulo,2110,Goodbye To Romance,Metal,0.99,1.0,0.99
260,2018-08-04,10,Eduardo                                           ,Martins                                           ,Brazil,São Paulo,2655,"De Do Do Do, De Da Da Da",Rock,0.99,1.0,0.99
260,2018-08-04,10,Eduardo                                           ,Martins                                           ,Brazil,São Paulo,2653,Walking on the Moon,Rock,0.99,1.0,0.99
261,2018-08-06,49,Stanisław                                         ,Wójcik                                            ,Poland,Warsaw,58,Sunshine,Rock,0.99,1.0,0.99
261,2018-08-06,49,Stanisław                                         ,Wójcik                                            ,Poland,Warsaw,2272,We Are The Champions,Rock,0.99,1.0,0.99
261,2018-08-06,49,Stanisław                                         ,Wójcik                                            ,Poland,Warsaw,1122,Faceless,Metal,0.99,1.0,0.99
261,2018-08-06,49,Stanisław                                         ,Wójcik                                            ,Poland,Warsaw,2746,5.15,Rock,0.99,1.0,0.99
261,2018-08-06,49,Stanisław                                         ,Wójcik                                            ,Poland,Warsaw,1951,Bite The Bullet,Metal,0.99,1.0,0.99
261,2018-08-06,49,Stanisław                                         ,Wójcik                                            ,Poland,Warsaw,481,Hitchin' A Ride,Alternative & Punk,0.99,1.0,0.99
261,2018-08-06,49,Stanisław                                         ,Wójcik                                            ,Poland,Warsaw,2402,Savior,Rock,0.99,1.0,0.99
261,2018-08-06,49,Stanisław                                         ,Wójcik                                            ,Poland,Warsaw,2402,Savior,Rock,0.99,1.0,0.99
261,2018-08-06,49,Stanisław                                         ,Wójcik                                            ,Poland,Warsaw,1122,Faceless,Metal,0.99,1.0,0.99
262,2018-08-09,3,François                                          ,Tremblay                                          ,Canada,Montréal,77,Enter Sandman,Metal,0.99,1.0,0.99
262,2018-08-09,3,François                                          ,Tremblay                                          ,Canada,Montréal,78,Master Of Puppets,Metal,0.99,1.0,0.99
262,2018-08-09,3,François                                          ,Tremblay                                          ,Canada,Montréal,79,Harvester Of Sorrow,Metal,0.99,1.0,0.99
262,2018-08-09,3,François                                          ,Tremblay                                          ,Canada,Montréal,80,The Unforgiven,Metal,0.99,1.0,0.99
262,2018-08-09,3,François                                          ,Tremblay                                          ,Canada,Montréal,81,Sad But True,Metal,0.99,1.0,0.99
262,2018-08-09,3,François                                          ,Tremblay                                          ,Canada,Montréal,82,Creeping Death,Metal,0.99,1.0,0.99
262,2018-08-09,3,François                                          ,Tremblay                                          ,Canada,Montréal,83,Wherever I May Roam,Metal,0.99,1.0,0.99
262,2018-08-09,3,François                                          ,Tremblay                                          ,Canada,Montréal,84,Welcome Home (Sanitarium),Metal,0.99,1.0,0.99
263,2018-08-13,36,Hannah                                            ,Schneider                                         ,Germany,Berlin,151,Behind The Wall Of Sleep,Metal,0.99,1.0,0.99
263,2018-08-13,36,Hannah                                            ,Schneider                                         ,Germany,Berlin,62,Real Thing,Rock,0.99,1.0,0.99
263,2018-08-13,36,Hannah                                            ,Schneider                                         ,Germany,Berlin,3288,Rock You Like a Hurricane,Rock,0.99,1.0,0.99
263,2018-08-13,36,Hannah                                            ,Schneider                                         ,Germany,Berlin,3379,She'll Never Be Your Man,Alternative,0.99,1.0,0.99
263,2018-08-13,36,Hannah                                            ,Schneider                                         ,Germany,Berlin,2385,Cabron,Rock,0.99,1.0,0.99
264,2018-08-15,38,Niklas                                            ,Schröder                                          ,Germany,Berlin,1187,My World,Metal,0.99,1.0,0.99
265,2018-08-18,52,Emma                                              ,Jones                                             ,United Kingdom,London,2676,Intro,Rock,0.99,1.0,0.99
265,2018-08-18,52,Emma                                              ,Jones                                             ,United Kingdom,London,421,Radio GA GA,Rock,0.99,1.0,0.99
265,2018-08-18,52,Emma                                              ,Jones                                             ,United Kingdom,London,109,#1 Zero,Alternative & Punk,0.99,1.0,0.99
265,2018-08-18,52,Emma                                              ,Jones                                             ,United Kingdom,London,2691,You Got Me Rocking,Rock,0.99,1.0,0.99
265,2018-08-18,52,Emma                                              ,Jones                                             ,United Kingdom,London,3439,"Das Lied Von Der Erde, Von Der Jugend",Classical,0.99,1.0,0.99
265,2018-08-18,52,Emma                                              ,Jones                                             ,United Kingdom,London,1889,Sweet Amber,Metal,0.99,1.0,0.99
265,2018-08-18,52,Emma                                              ,Jones                                             ,United Kingdom,London,2255,Another One Bites The Dust,Rock,0.99,1.0,0.99
266,2018-08-22,44,Terhi                                             ,Hämäläinen                                        ,Finland,Helsinki,1984,Looks That Kill,Metal,0.99,1.0,0.99
266,2018-08-22,44,Terhi                                             ,Hämäläinen                                        ,Finland,Helsinki,2749,Who Are You (Single Edit Version),Rock,0.99,1.0,0.99
266,2018-08-22,44,Terhi                                             ,Hämäläinen                                        ,Finland,Helsinki,1428,Get Up Offa That Thing,R&B/Soul,0.99,1.0,0.99
266,2018-08-22,44,Terhi                                             ,Hämäläinen                                        ,Finland,Helsinki,2436,The Right Thing,Rock,0.99,1.0,0.99
266,2018-08-22,44,Terhi                                             ,Hämäläinen                                        ,Finland,Helsinki,2596,Tommy Gun,Alternative & Punk,0.99,1.0,0.99
266,2018-08-22,44,Terhi                                             ,Hämäläinen                                        ,Finland,Helsinki,1170,Don't Damn Me,Rock,0.99,1.0,0.99
267,2018-08-22,9,Kara                                              ,Nielsen                                           ,Denmark,Copenhagen,1997,Milk It,Rock,0.99,1.0,0.99
267,2018-08-22,9,Kara                                              ,Nielsen                                           ,Denmark,Copenhagen,3043,Kingston Town,Reggae,0.99,1.0,0.99
268,2018-08-23,16,Frank                                             ,Harris                                            ,USA,Mountain View,2601,Bankrobber,Alternative & Punk,0.99,1.0,0.99
268,2018-08-23,16,Frank                                             ,Harris                                            ,USA,Mountain View,1442,Revolution 1993,Rock,0.99,1.0,0.99
268,2018-08-23,16,Frank                                             ,Harris                                            ,USA,Mountain View,1489,Are You Experienced?,Rock,0.99,1.0,0.99
268,2018-08-23,16,Frank                                             ,Harris                                            ,USA,Mountain View,913,Lonely Stranger,Blues,0.99,1.0,0.99
268,2018-08-23,16,Frank                                             ,Harris                                            ,USA,Mountain View,1453,King For A Day,R&B/Soul,0.99,1.0,0.99
268,2018-08-23,16,Frank                                             ,Harris                                            ,USA,Mountain View,2254,Bohemian Rhapsody,Rock,0.99,1.0,0.99
268,2018-08-23,16,Frank                                             ,Harris                                            ,USA,Mountain View,2742,The Seeker,Rock,0.99,1.0,0.99
268,2018-08-23,16,Frank                                             ,Harris                                            ,USA,Mountain View,13,Night Of The Long Knives,Rock,0.99,1.0,0.99
268,2018-08-23,16,Frank                                             ,Harris                                            ,USA,Mountain View,2149,Corduroy,Rock,0.99,1.0,0.99
268,2018-08-23,16,Frank                                             ,Harris                                            ,USA,Mountain View,2130,Beach Sequence,Soundtrack,0.99,1.0,0.99
268,2018-08-23,16,Frank                                             ,Harris                                            ,USA,Mountain View,749,I Need Love,Rock,0.99,1.0,0.99
269,2018-08-26,43,Isabelle                                          ,Mercier                                           ,France,Dijon,3144,Fool For Your Loving,Metal,0.99,1.0,0.99
270,2018-08-27,1,Luís                                              ,Gonçalves                                         ,Brazil,São José dos Campos,602,'Round Midnight,Jazz,0.99,1.0,0.99
270,2018-08-27,1,Luís                                              ,Gonçalves                                         ,Brazil,São José dos Campos,1159,Dust N' Bones,Rock,0.99,1.0,0.99
270,2018-08-27,1,Luís                                              ,Gonçalves                                         ,Brazil,São José dos Campos,212,Drão,Latin,0.99,1.0,0.99
270,2018-08-27,1,Luís                                              ,Gonçalves                                         ,Brazil,São José dos Campos,415,Astronomy,Metal,0.99,1.0,0.99
270,2018-08-27,1,Luís                                              ,Gonçalves                                         ,Brazil,São José dos Campos,928,Mouth To Mouth,Alternative & Punk,0.99,1.0,0.99
270,2018-08-27,1,Luís                                              ,Gonçalves                                         ,Brazil,São José dos Campos,1989,Aneurysm,Rock,0.99,1.0,0.99
270,2018-08-27,1,Luís                                              ,Gonçalves                                         ,Brazil,São José dos Campos,3293,Big City Nights,Rock,0.99,1.0,0.99
270,2018-08-27,1,Luís                                              ,Gonçalves                                         ,Brazil,São José dos Campos,1033,My Way,Easy Listening,0.99,1.0,0.99
270,2018-08-27,1,Luís                                              ,Gonçalves                                         ,Brazil,São José dos Campos,23,Walk On Water,Rock,0.99,1.0,0.99
270,2018-08-27,1,Luís                                              ,Gonçalves                                         ,Brazil,São José dos Campos,46,Mary Jane,Rock,0.99,1.0,0.99
270,2018-08-27,1,Luís                                              ,Gonçalves                                         ,Brazil,São José dos Campos,3478,Slowness,Alternative,0.99,1.0,0.99
271,2018-08-30,47,Lucas                                             ,Mancini                                           ,Italy,Rome,2271,We Will Rock You,Rock,0.99,1.0,0.99
271,2018-08-30,47,Lucas                                             ,Mancini                                           ,Italy,Rome,2272,We Are The Champions,Rock,0.99,1.0,0.99
271,2018-08-30,47,Lucas                                             ,Mancini                                           ,Italy,Rome,2273,Sheer Heart Attack,Rock,0.99,1.0,0.99
271,2018-08-30,47,Lucas                                             ,Mancini                                           ,Italy,Rome,2274,"All Dead, All Dead",Rock,0.99,1.0,0.99
271,2018-08-30,47,Lucas                                             ,Mancini                                           ,Italy,Rome,2275,Spread Your Wings,Rock,0.99,1.0,0.99
271,2018-08-30,47,Lucas                                             ,Mancini                                           ,Italy,Rome,2276,Fight From The Inside,Rock,0.99,1.0,0.99
271,2018-08-30,47,Lucas                                             ,Mancini                                           ,Italy,Rome,2277,"Get Down, Make Love",Rock,0.99,1.0,0.99
271,2018-08-30,47,Lucas                                             ,Mancini                                           ,Italy,Rome,2278,Sleep On The Sidewalk,Rock,0.99,1.0,0.99
271,2018-08-30,47,Lucas                                             ,Mancini                                           ,Italy,Rome,2279,Who Needs You,Rock,0.99,1.0,0.99
271,2018-08-30,47,Lucas                                             ,Mancini                                           ,Italy,Rome,2280,It's Late,Rock,0.99,1.0,0.99
271,2018-08-30,47,Lucas                                             ,Mancini                                           ,Italy,Rome,2281,My Melancholy Blues,Rock,0.99,1.0,0.99
272,2018-08-30,4,Bjørn                                             ,Hansen                                            ,Norway,Oslo,3336,War Pigs,Alternative,0.99,1.0,0.99
272,2018-08-30,4,Bjørn                                             ,Hansen                                            ,Norway,Oslo,1471,Move On,Alternative & Punk,0.99,1.0,0.99
272,2018-08-30,4,Bjørn                                             ,Hansen                                            ,Norway,Oslo,61,I Know Somethin (Bout You),Rock,0.99,1.0,0.99
272,2018-08-30,4,Bjørn                                             ,Hansen                                            ,Norway,Oslo,485,Minority,Alternative & Punk,0.99,1.0,0.99
272,2018-08-30,4,Bjørn                                             ,Hansen                                            ,Norway,Oslo,3053,Hang 'Em High,Rock,0.99,1.0,0.99
272,2018-08-30,4,Bjørn                                             ,Hansen                                            ,Norway,Oslo,1473,Get Me Outta Here,Alternative & Punk,0.99,1.0,0.99
272,2018-08-30,4,Bjørn                                             ,Hansen                                            ,Norway,Oslo,2007,Lithium,Rock,0.99,1.0,0.99
272,2018-08-30,4,Bjørn                                             ,Hansen                                            ,Norway,Oslo,3070,Jump,Rock,0.99,1.0,0.99
272,2018-08-30,4,Bjørn                                             ,Hansen                                            ,Norway,Oslo,2601,Bankrobber,Alternative & Punk,0.99,1.0,0.99
273,2018-09-02,37,Fynn                                              ,Zimmermann                                        ,Germany,Frankfurt,1479,Foxy Lady,Rock,0.99,1.0,0.99
273,2018-09-02,37,Fynn                                              ,Zimmermann                                        ,Germany,Frankfurt,1480,Manic Depression,Rock,0.99,1.0,0.99
273,2018-09-02,37,Fynn                                              ,Zimmermann                                        ,Germany,Frankfurt,1481,Red House,Rock,0.99,1.0,0.99
273,2018-09-02,37,Fynn                                              ,Zimmermann                                        ,Germany,Frankfurt,1482,Can You See Me,Rock,0.99,1.0,0.99
273,2018-09-02,37,Fynn                                              ,Zimmermann                                        ,Germany,Frankfurt,1483,Love Or Confusion,Rock,0.99,1.0,0.99
273,2018-09-02,37,Fynn                                              ,Zimmermann                                        ,Germany,Frankfurt,1484,I Don't Live Today,Rock,0.99,1.0,0.99
273,2018-09-02,37,Fynn                                              ,Zimmermann                                        ,Germany,Frankfurt,1485,May This Be Love,Rock,0.99,1.0,0.99
273,2018-09-02,37,Fynn                                              ,Zimmermann                                        ,Germany,Frankfurt,1486,Fire,Rock,0.99,1.0,0.99
273,2018-09-02,37,Fynn                                              ,Zimmermann                                        ,Germany,Frankfurt,1487,Third Stone From The Sun,Rock,0.99,1.0,0.99
273,2018-09-02,37,Fynn                                              ,Zimmermann                                        ,Germany,Frankfurt,1488,Remember,Rock,0.99,1.0,0.99
273,2018-09-02,37,Fynn                                              ,Zimmermann                                        ,Germany,Frankfurt,1489,Are You Experienced?,Rock,0.99,1.0,0.99
273,2018-09-02,37,Fynn                                              ,Zimmermann                                        ,Germany,Frankfurt,1490,Hey Joe,Rock,0.99,1.0,0.99
273,2018-09-02,37,Fynn                                              ,Zimmermann                                        ,Germany,Frankfurt,1491,Stone Free,Rock,0.99,1.0,0.99
273,2018-09-02,37,Fynn                                              ,Zimmermann                                        ,Germany,Frankfurt,1492,Purple Haze,Rock,0.99,1.0,0.99
273,2018-09-02,37,Fynn                                              ,Zimmermann                                        ,Germany,Frankfurt,1493,51st Anniversary,Rock,0.99,1.0,0.99
273,2018-09-02,37,Fynn                                              ,Zimmermann                                        ,Germany,Frankfurt,1494,The Wind Cries Mary,Rock,0.99,1.0,0.99
273,2018-09-02,37,Fynn                                              ,Zimmermann                                        ,Germany,Frankfurt,1495,Highway Chile,Rock,0.99,1.0,0.99
274,2018-09-04,26,Richard                                           ,Cunningham                                        ,USA,Fort Worth,1763,De Noite Na Cama,Latin,0.99,1.0,0.99
274,2018-09-04,26,Richard                                           ,Cunningham                                        ,USA,Fort Worth,832,Heaven Is,Rock,0.99,1.0,0.99
274,2018-09-04,26,Richard                                           ,Cunningham                                        ,USA,Fort Worth,2556,Revenga,Metal,0.99,1.0,0.99
274,2018-09-04,26,Richard                                           ,Cunningham                                        ,USA,Fort Worth,402,Um Jantar Pra Dois,Latin,0.99,1.0,0.99
274,2018-09-04,26,Richard                                           ,Cunningham                                        ,USA,Fort Worth,2693,The Worst,Rock,0.99,1.0,0.99
275,2018-09-06,6,Helena                                            ,Holý                                              ,Czech Republic,Prague,3336,War Pigs,Alternative,0.99,1.0,0.99
275,2018-09-06,6,Helena                                            ,Holý                                              ,Czech Republic,Prague,3459,Back to Black,R&B/Soul,0.99,1.0,0.99
275,2018-09-06,6,Helena                                            ,Holý                                              ,Czech Republic,Prague,3478,Slowness,Alternative,0.99,1.0,0.99
275,2018-09-06,6,Helena                                            ,Holý                                              ,Czech Republic,Prague,268,Maracatu Atômico [Trip Hop],Latin,0.99,1.0,0.99
275,2018-09-06,6,Helena                                            ,Holý                                              ,Czech Republic,Prague,1156,Anything Goes,Rock,0.99,1.0,0.99
275,2018-09-06,6,Helena                                            ,Holý                                              ,Czech Republic,Prague,1475,Come Around Again,Alternative & Punk,0.99,1.0,0.99
275,2018-09-06,6,Helena                                            ,Holý                                              ,Czech Republic,Prague,611,E.S.P.,Jazz,0.99,1.0,0.99
275,2018-09-06,6,Helena                                            ,Holý                                              ,Czech Republic,Prague,3398,Wide Awake,Alternative,0.99,1.0,0.99
276,2018-09-07,22,Heather                                           ,Leacock                                           ,USA,Orlando,3300,Jump Around,Hip Hop/Rap,0.99,1.0,0.99
276,2018-09-07,22,Heather                                           ,Leacock                                           ,USA,Orlando,3301,Salutations,Hip Hop/Rap,0.99,1.0,0.99
276,2018-09-07,22,Heather                                           ,Leacock                                           ,USA,Orlando,3302,Put Your Head Out,Hip Hop/Rap,0.99,1.0,0.99
276,2018-09-07,22,Heather                                           ,Leacock                                           ,USA,Orlando,3303,Top O' The Morning To Ya,Hip Hop/Rap,0.99,1.0,0.99
276,2018-09-07,22,Heather                                           ,Leacock                                           ,USA,Orlando,3304,Commercial 1,Hip Hop/Rap,0.99,1.0,0.99
276,2018-09-07,22,Heather                                           ,Leacock                                           ,USA,Orlando,3305,House And The Rising Sun,Hip Hop/Rap,0.99,1.0,0.99
276,2018-09-07,22,Heather                                           ,Leacock                                           ,USA,Orlando,3306,Shamrocks And Shenanigans,Hip Hop/Rap,0.99,1.0,0.99
276,2018-09-07,22,Heather                                           ,Leacock                                           ,USA,Orlando,3307,House Of Pain Anthem,Hip Hop/Rap,0.99,1.0,0.99
276,2018-09-07,22,Heather                                           ,Leacock                                           ,USA,Orlando,3308,"Danny Boy, Danny Boy",Hip Hop/Rap,0.99,1.0,0.99
276,2018-09-07,22,Heather                                           ,Leacock                                           ,USA,Orlando,3309,Guess Who's Back,Hip Hop/Rap,0.99,1.0,0.99
276,2018-09-07,22,Heather                                           ,Leacock                                           ,USA,Orlando,3310,Commercial 2,Hip Hop/Rap,0.99,1.0,0.99
276,2018-09-07,22,Heather                                           ,Leacock                                           ,USA,Orlando,3311,Put On Your Shit Kickers,Hip Hop/Rap,0.99,1.0,0.99
276,2018-09-07,22,Heather                                           ,Leacock                                           ,USA,Orlando,3312,Come And Get Some Of This,Hip Hop/Rap,0.99,1.0,0.99
276,2018-09-07,22,Heather                                           ,Leacock                                           ,USA,Orlando,3313,Life Goes On,Hip Hop/Rap,0.99,1.0,0.99
276,2018-09-07,22,Heather                                           ,Leacock                                           ,USA,Orlando,3314,One For The Road,Hip Hop/Rap,0.99,1.0,0.99
276,2018-09-07,22,Heather                                           ,Leacock                                           ,USA,Orlando,3315,Feel It,Hip Hop/Rap,0.99,1.0,0.99
276,2018-09-07,22,Heather                                           ,Leacock                                           ,USA,Orlando,3316,All My Love,Hip Hop/Rap,0.99,1.0,0.99
276,2018-09-07,22,Heather                                           ,Leacock                                           ,USA,Orlando,3317,Jump Around (Pete Rock Remix),Hip Hop/Rap,0.99,1.0,0.99
276,2018-09-07,22,Heather                                           ,Leacock                                           ,USA,Orlando,3318,Shamrocks And Shenanigans (Boom Shalock Lock Boom/Butch Vig Mix),Hip Hop/Rap,0.99,1.0,0.99
277,2018-09-10,53,Phil                                              ,Hughes                                            ,United Kingdom,London,2653,Walking on the Moon,Rock,0.99,1.0,0.99
277,2018-09-10,53,Phil                                              ,Hughes                                            ,United Kingdom,London,153,Evil Woman,Metal,0.99,1.0,0.99
277,2018-09-10,53,Phil                                              ,Hughes                                            ,United Kingdom,London,1579,Since I've Been Loving You,Rock,0.99,1.0,0.99
277,2018-09-10,53,Phil                                              ,Hughes                                            ,United Kingdom,London,128,The pleasant pheasant,Jazz,0.99,1.0,0.99
277,2018-09-10,53,Phil                                              ,Hughes                                            ,United Kingdom,London,2421,El Corazon Manda,Rock,0.99,1.0,0.99
278,2018-09-23,22,Heather                                           ,Leacock                                           ,USA,Orlando,2608,Should I Stay Or Should I Go,Alternative & Punk,0.99,1.0,0.99
278,2018-09-23,22,Heather                                           ,Leacock                                           ,USA,Orlando,1487,Third Stone From The Sun,Rock,0.99,1.0,0.99
278,2018-09-23,22,Heather                                           ,Leacock                                           ,USA,Orlando,1468,Rollover D.J.,Alternative & Punk,0.99,1.0,0.99
279,2018-10-01,41,Marc                                              ,Dubois                                            ,France,Lyon,1759,Tempos Modernos,Latin,0.99,1.0,0.99
279,2018-10-01,41,Marc                                              ,Dubois                                            ,France,Lyon,3052,Where Have All The Good Times Gone?,Rock,0.99,1.0,0.99
279,2018-10-01,41,Marc                                              ,Dubois                                            ,France,Lyon,3459,Back to Black,R&B/Soul,0.99,1.0,0.99
279,2018-10-01,41,Marc                                              ,Dubois                                            ,France,Lyon,1184,Estranged,Metal,0.99,1.0,0.99
279,2018-10-01,41,Marc                                              ,Dubois                                            ,France,Lyon,2647,End Of The Night,Rock,0.99,1.0,0.99
280,2018-10-02,6,Helena                                            ,Holý                                              ,Czech Republic,Prague,3081,Runnin' With The Devil,Rock,0.99,1.0,0.99
280,2018-10-02,6,Helena                                            ,Holý                                              ,Czech Republic,Prague,3082,Eruption,Rock,0.99,1.0,0.99
280,2018-10-02,6,Helena                                            ,Holý                                              ,Czech Republic,Prague,3083,You Really Got Me,Rock,0.99,1.0,0.99
280,2018-10-02,6,Helena                                            ,Holý                                              ,Czech Republic,Prague,3084,Ain't Talkin' 'Bout Love,Rock,0.99,1.0,0.99
280,2018-10-02,6,Helena                                            ,Holý                                              ,Czech Republic,Prague,3085,I'm The One,Rock,0.99,1.0,0.99
280,2018-10-02,6,Helena                                            ,Holý                                              ,Czech Republic,Prague,3086,Jamie's Cryin',Rock,0.99,1.0,0.99
280,2018-10-02,6,Helena                                            ,Holý                                              ,Czech Republic,Prague,3087,Atomic Punk,Rock,0.99,1.0,0.99
280,2018-10-02,6,Helena                                            ,Holý                                              ,Czech Republic,Prague,3088,Feel Your Love Tonight,Rock,0.99,1.0,0.99
280,2018-10-02,6,Helena                                            ,Holý                                              ,Czech Republic,Prague,3089,Little Dreamer,Rock,0.99,1.0,0.99
280,2018-10-02,6,Helena                                            ,Holý                                              ,Czech Republic,Prague,3090,Ice Cream Man,Rock,0.99,1.0,0.99
280,2018-10-02,6,Helena                                            ,Holý                                              ,Czech Republic,Prague,3091,On Fire,Rock,0.99,1.0,0.99
281,2018-10-06,50,Enrique                                           ,Muñoz                                             ,Spain,Madrid,1902,Springsville,Jazz,0.99,1.0,0.99
281,2018-10-06,50,Enrique                                           ,Muñoz                                             ,Spain,Madrid,1903,The Maids Of Cadiz,Jazz,0.99,1.0,0.99
281,2018-10-06,50,Enrique                                           ,Muñoz                                             ,Spain,Madrid,1904,The Duke,Jazz,0.99,1.0,0.99
281,2018-10-06,50,Enrique                                           ,Muñoz                                             ,Spain,Madrid,1905,My Ship,Jazz,0.99,1.0,0.99
281,2018-10-06,50,Enrique                                           ,Muñoz                                             ,Spain,Madrid,1906,Miles Ahead,Jazz,0.99,1.0,0.99
281,2018-10-06,50,Enrique                                           ,Muñoz                                             ,Spain,Madrid,1907,Blues For Pablo,Jazz,0.99,1.0,0.99
281,2018-10-06,50,Enrique                                           ,Muñoz                                             ,Spain,Madrid,1908,New Rhumba,Jazz,0.99,1.0,0.99
281,2018-10-06,50,Enrique                                           ,Muñoz                                             ,Spain,Madrid,1909,The Meaning Of The Blues,Jazz,0.99,1.0,0.99
281,2018-10-06,50,Enrique                                           ,Muñoz                                             ,Spain,Madrid,1910,Lament,Jazz,0.99,1.0,0.99
281,2018-10-06,50,Enrique                                           ,Muñoz                                             ,Spain,Madrid,1911,I Don't Wanna Be Kissed (By Anyone But You),Jazz,0.99,1.0,0.99
281,2018-10-06,50,Enrique                                           ,Muñoz                                             ,Spain,Madrid,1912,Springsville (Alternate Take),Jazz,0.99,1.0,0.99
281,2018-10-06,50,Enrique                                           ,Muñoz                                             ,Spain,Madrid,1913,Blues For Pablo (Alternate Take),Jazz,0.99,1.0,0.99
281,2018-10-06,50,Enrique                                           ,Muñoz                                             ,Spain,Madrid,1914,The Meaning Of The Blues/Lament (Alternate Take),Jazz,0.99,1.0,0.99
281,2018-10-06,50,Enrique                                           ,Muñoz                                             ,Spain,Madrid,1915,I Don't Wanna Be Kissed (By Anyone But You) (Alternate Take),Jazz,0.99,1.0,0.99
282,2018-10-11,20,Dan                                               ,Miller                                            ,USA,Mountain View,891,Layla,Blues,0.99,1.0,0.99
282,2018-10-11,20,Dan                                               ,Miller                                            ,USA,Mountain View,892,Badge,Blues,0.99,1.0,0.99
282,2018-10-11,20,Dan                                               ,Miller                                            ,USA,Mountain View,893,I Feel Free,Blues,0.99,1.0,0.99
282,2018-10-11,20,Dan                                               ,Miller                                            ,USA,Mountain View,894,Sunshine Of Your Love,Blues,0.99,1.0,0.99
282,2018-10-11,20,Dan                                               ,Miller                                            ,USA,Mountain View,895,Crossroads,Blues,0.99,1.0,0.99
282,2018-10-11,20,Dan                                               ,Miller                                            ,USA,Mountain View,896,Strange Brew,Blues,0.99,1.0,0.99
282,2018-10-11,20,Dan                                               ,Miller                                            ,USA,Mountain View,898,Bell Bottom Blues,Blues,0.99,1.0,0.99
282,2018-10-11,20,Dan                                               ,Miller                                            ,USA,Mountain View,899,Cocaine,Blues,0.99,1.0,0.99
282,2018-10-11,20,Dan                                               ,Miller                                            ,USA,Mountain View,900,I Shot The Sheriff,Blues,0.99,1.0,0.99
282,2018-10-11,20,Dan                                               ,Miller                                            ,USA,Mountain View,901,After Midnight,Blues,0.99,1.0,0.99
282,2018-10-11,20,Dan                                               ,Miller                                            ,USA,Mountain View,902,Swing Low Sweet Chariot,Blues,0.99,1.0,0.99
282,2018-10-11,20,Dan                                               ,Miller                                            ,USA,Mountain View,903,Lay Down Sally,Blues,0.99,1.0,0.99
282,2018-10-11,20,Dan                                               ,Miller                                            ,USA,Mountain View,904,Knockin On Heavens Door,Blues,0.99,1.0,0.99
282,2018-10-11,20,Dan                                               ,Miller                                            ,USA,Mountain View,905,Wonderful Tonight,Blues,0.99,1.0,0.99
282,2018-10-11,20,Dan                                               ,Miller                                            ,USA,Mountain View,906,Let It Grow,Blues,0.99,1.0,0.99
282,2018-10-11,20,Dan                                               ,Miller                                            ,USA,Mountain View,907,Promises,Blues,0.99,1.0,0.99
282,2018-10-11,20,Dan                                               ,Miller                                            ,USA,Mountain View,908,I Can't Stand It,Blues,0.99,1.0,0.99
283,2018-10-13,48,Johannes                                          ,Van der Berg                                      ,Netherlands,Amsterdam,1481,Red House,Rock,0.99,1.0,0.99
283,2018-10-13,48,Johannes                                          ,Van der Berg                                      ,Netherlands,Amsterdam,2741,Pinball Wizard,Rock,0.99,1.0,0.99
283,2018-10-13,48,Johannes                                          ,Van der Berg                                      ,Netherlands,Amsterdam,2543,Sex Type Thing,Rock,0.99,1.0,0.99
283,2018-10-13,48,Johannes                                          ,Van der Berg                                      ,Netherlands,Amsterdam,916,Running On Faith,Blues,0.99,1.0,0.99
283,2018-10-13,48,Johannes                                          ,Van der Berg                                      ,Netherlands,Amsterdam,95,Bring'em Back Alive,Rock,0.99,1.0,0.99
283,2018-10-13,48,Johannes                                          ,Van der Berg                                      ,Netherlands,Amsterdam,2359,If You Have To Ask,Alternative & Punk,0.99,1.0,0.99
283,2018-10-13,48,Johannes                                          ,Van der Berg                                      ,Netherlands,Amsterdam,2602,The Call Up,Alternative & Punk,0.99,1.0,0.99
283,2018-10-13,48,Johannes                                          ,Van der Berg                                      ,Netherlands,Amsterdam,1378,Only the Good Die Young,Metal,0.99,1.0,0.99
283,2018-10-13,48,Johannes                                          ,Van der Berg                                      ,Netherlands,Amsterdam,1160,Live and Let Die,Rock,0.99,1.0,0.99
284,2018-10-16,49,Stanisław                                         ,Wójcik                                            ,Poland,Warsaw,194,First Time I Met The Blues,Blues,0.99,1.0,0.99
284,2018-10-16,49,Stanisław                                         ,Wójcik                                            ,Poland,Warsaw,195,Let Me Love You Baby,Blues,0.99,1.0,0.99
284,2018-10-16,49,Stanisław                                         ,Wójcik                                            ,Poland,Warsaw,196,Stone Crazy,Blues,0.99,1.0,0.99
284,2018-10-16,49,Stanisław                                         ,Wójcik                                            ,Poland,Warsaw,197,Pretty Baby,Blues,0.99,1.0,0.99
284,2018-10-16,49,Stanisław                                         ,Wójcik                                            ,Poland,Warsaw,198,When My Left Eye Jumps,Blues,0.99,1.0,0.99
284,2018-10-16,49,Stanisław                                         ,Wójcik                                            ,Poland,Warsaw,199,Leave My Girl Alone,Blues,0.99,1.0,0.99
284,2018-10-16,49,Stanisław                                         ,Wójcik                                            ,Poland,Warsaw,200,She Suits Me To A Tee,Blues,0.99,1.0,0.99
284,2018-10-16,49,Stanisław                                         ,Wójcik                                            ,Poland,Warsaw,201,Keep It To Myself (Aka Keep It To Yourself),Blues,0.99,1.0,0.99
284,2018-10-16,49,Stanisław                                         ,Wójcik                                            ,Poland,Warsaw,202,My Time After Awhile,Blues,0.99,1.0,0.99
284,2018-10-16,49,Stanisław                                         ,Wójcik                                            ,Poland,Warsaw,203,Too Many Ways (Alternate),Blues,0.99,1.0,0.99
284,2018-10-16,49,Stanisław                                         ,Wójcik                                            ,Poland,Warsaw,204,Talkin' 'Bout Women Obviously,Blues,0.99,1.0,0.99
285,2018-10-25,58,Manoj                                             ,Pareek                                            ,India,Delhi,134,All For You,Metal,0.99,1.0,0.99
285,2018-10-25,58,Manoj                                             ,Pareek                                            ,India,Delhi,1138,St. Jimmy,Alternative & Punk,0.99,1.0,0.99
285,2018-10-25,58,Manoj                                             ,Pareek                                            ,India,Delhi,3424,"Turandot, Act III, Nessun dorma!",Classical,0.99,1.0,0.99
285,2018-10-25,58,Manoj                                             ,Pareek                                            ,India,Delhi,1914,The Meaning Of The Blues/Lament (Alternate Take),Jazz,0.99,1.0,0.99
285,2018-10-25,58,Manoj                                             ,Pareek                                            ,India,Delhi,2931,So Cruel,Rock,0.99,1.0,0.99
285,2018-10-25,58,Manoj                                             ,Pareek                                            ,India,Delhi,2671,19th Nervous Breakdown,Rock,0.99,1.0,0.99
285,2018-10-25,58,Manoj                                             ,Pareek                                            ,India,Delhi,1430,Living In America,R&B/Soul,0.99,1.0,0.99
285,2018-10-25,58,Manoj                                             ,Pareek                                            ,India,Delhi,2288,Stand,Alternative & Punk,0.99,1.0,0.99
285,2018-10-25,58,Manoj                                             ,Pareek                                            ,India,Delhi,1005,On The Mend,Rock,0.99,1.0,0.99
285,2018-10-25,58,Manoj                                             ,Pareek                                            ,India,Delhi,2231,Time,Rock,0.99,1.0,0.99
286,2018-10-25,27,Patrick                                           ,Gray                                              ,USA,Tucson,1748,Bitter Suite: Brief Encounter / Lost Weekend / Blue Angel,Rock,0.99,1.0,0.99
286,2018-10-25,27,Patrick                                           ,Gray                                              ,USA,Tucson,2958,Luminous Times (Hold On To Love),Rock,0.99,1.0,0.99
287,2018-11-04,23,John                                              ,Gordon                                            ,USA,Boston,2004,In Bloom,Rock,0.99,1.0,0.99
287,2018-11-04,23,John                                              ,Gordon                                            ,USA,Boston,2183,I Am Mine,Rock,0.99,1.0,0.99
288,2018-11-04,17,Jack                                              ,Smith                                             ,USA,Redmond,1849,Mama Said,Metal,0.99,1.0,0.99
288,2018-11-04,17,Jack                                              ,Smith                                             ,USA,Redmond,53,Sea Of Sorrow,Rock,0.99,1.0,0.99
288,2018-11-04,17,Jack                                              ,Smith                                             ,USA,Redmond,2,Balls to the Wall,Rock,0.99,1.0,0.99
288,2018-11-04,17,Jack                                              ,Smith                                             ,USA,Redmond,2515,The Day I Tried To Live,Rock,0.99,1.0,0.99
288,2018-11-04,17,Jack                                              ,Smith                                             ,USA,Redmond,2332,The Finest Worksong,Alternative & Punk,0.99,1.0,0.99
288,2018-11-04,17,Jack                                              ,Smith                                             ,USA,Redmond,1467,Are You Gonna Be My Girl,Alternative & Punk,0.99,1.0,0.99
288,2018-11-04,17,Jack                                              ,Smith                                             ,USA,Redmond,2232,The Great Gig In The Sky,Rock,0.99,1.0,0.99
288,2018-11-04,17,Jack                                              ,Smith                                             ,USA,Redmond,2002,Blew,Rock,0.99,1.0,0.99
288,2018-11-04,17,Jack                                              ,Smith                                             ,USA,Redmond,2694,New Faces,Rock,0.99,1.0,0.99
288,2018-11-04,17,Jack                                              ,Smith                                             ,USA,Redmond,2691,You Got Me Rocking,Rock,0.99,1.0,0.99
288,2018-11-04,17,Jack                                              ,Smith                                             ,USA,Redmond,3459,Back to Black,R&B/Soul,0.99,1.0,0.99
289,2018-11-06,16,Frank                                             ,Harris                                            ,USA,Mountain View,2231,Time,Rock,0.99,1.0,0.99
289,2018-11-06,16,Frank                                             ,Harris                                            ,USA,Mountain View,2383,Midnight,Rock,0.99,1.0,0.99
289,2018-11-06,16,Frank                                             ,Harris                                            ,USA,Mountain View,2331,The One I Love,Alternative & Punk,0.99,1.0,0.99
289,2018-11-06,16,Frank                                             ,Harris                                            ,USA,Mountain View,3401,Show Me How to Live (Live at the Quart Festival),Alternative,0.99,1.0,0.99
289,2018-11-06,16,Frank                                             ,Harris                                            ,USA,Mountain View,16,Dog Eat Dog,Rock,0.99,1.0,0.99
289,2018-11-06,16,Frank                                             ,Harris                                            ,USA,Mountain View,422,I Want It All,Rock,0.99,1.0,0.99
289,2018-11-06,16,Frank                                             ,Harris                                            ,USA,Mountain View,1129,Dead And Broken,Metal,0.99,1.0,0.99
290,2018-11-18,17,Jack                                              ,Smith                                             ,USA,Redmond,1046,I've Got You Under My Skin,Easy Listening,0.99,1.0,0.99
290,2018-11-18,17,Jack                                              ,Smith                                             ,USA,Redmond,840,Hysteria,Rock,0.99,1.0,0.99
290,2018-11-18,17,Jack                                              ,Smith                                             ,USA,Redmond,992,DOA,Rock,0.99,1.0,0.99
290,2018-11-18,17,Jack                                              ,Smith                                             ,USA,Redmond,2551,Wet My Bed,Rock,0.99,1.0,0.99
290,2018-11-18,17,Jack                                              ,Smith                                             ,USA,Redmond,438,Hard Luck Woman,Rock,0.99,1.0,0.99
291,2018-11-19,35,Madalena                                          ,Sampaio                                           ,Portugal,Porto,3111,Superhuman,Rock,0.99,1.0,0.99
291,2018-11-19,35,Madalena                                          ,Sampaio                                           ,Portugal,Porto,165,Under The Sun/Every Day Comes and Goes,Metal,0.99,1.0,0.99
291,2018-11-19,35,Madalena                                          ,Sampaio                                           ,Portugal,Porto,2547,Naked Sunday,Rock,0.99,1.0,0.99
292,2018-11-21,4,Bjørn                                             ,Hansen                                            ,Norway,Oslo,3470,I Heard Love Is Blind,Pop,0.99,1.0,0.99
292,2018-11-21,4,Bjørn                                             ,Hansen                                            ,Norway,Oslo,1405,The Unbeliever,Rock,0.99,1.0,0.99
292,2018-11-21,4,Bjørn                                             ,Hansen                                            ,Norway,Oslo,1466,Last Chance,Alternative & Punk,0.99,1.0,0.99
292,2018-11-21,4,Bjørn                                             ,Hansen                                            ,Norway,Oslo,1855,The Thing That Should Not Be,Metal,0.99,1.0,0.99
292,2018-11-21,4,Bjørn                                             ,Hansen                                            ,Norway,Oslo,3292,Still Loving You,Rock,0.99,1.0,0.99
292,2018-11-21,4,Bjørn                                             ,Hansen                                            ,Norway,Oslo,1456,Stillness In Time,Electronica/Dance,0.99,1.0,0.99
292,2018-11-21,4,Bjørn                                             ,Hansen                                            ,Norway,Oslo,162,Cornucopia,Metal,0.99,1.0,0.99
292,2018-11-21,4,Bjørn                                             ,Hansen                                            ,Norway,Oslo,2234,Us And Them,Rock,0.99,1.0,0.99
292,2018-11-21,4,Bjørn                                             ,Hansen                                            ,Norway,Oslo,610,My Funny Valentine (Live),Jazz,0.99,1.0,0.99
292,2018-11-21,4,Bjørn                                             ,Hansen                                            ,Norway,Oslo,2564,Lost in Hollywood,Metal,0.99,1.0,0.99
293,2018-11-29,14,Mark                                              ,Philips                                           ,Canada,Edmonton,3368,Pushin Forward Back,Alternative,0.99,1.0,0.99
293,2018-11-29,14,Mark                                              ,Philips                                           ,Canada,Edmonton,2446,So Beautiful,Rock,0.99,1.0,0.99
293,2018-11-29,14,Mark                                              ,Philips                                           ,Canada,Edmonton,1475,Come Around Again,Alternative & Punk,0.99,1.0,0.99
293,2018-11-29,14,Mark                                              ,Philips                                           ,Canada,Edmonton,802,Breakfast In Bed,Rock,0.99,1.0,0.99
293,2018-11-29,14,Mark                                              ,Philips                                           ,Canada,Edmonton,1783,Gonna Give Her All The Love I've Got,R&B/Soul,0.99,1.0,0.99
294,2018-12-02,58,Manoj                                             ,Pareek                                            ,India,Delhi,1853,Battery,Metal,0.99,1.0,0.99
294,2018-12-02,58,Manoj                                             ,Pareek                                            ,India,Delhi,1997,Milk It,Rock,0.99,1.0,0.99
294,2018-12-02,58,Manoj                                             ,Pareek                                            ,India,Delhi,2593,Complete Control,Alternative & Punk,0.99,1.0,0.99
294,2018-12-02,58,Manoj                                             ,Pareek                                            ,India,Delhi,2149,Corduroy,Rock,0.99,1.0,0.99
294,2018-12-02,58,Manoj                                             ,Pareek                                            ,India,Delhi,931,Got That Feeling,Alternative & Punk,0.99,1.0,0.99
294,2018-12-02,58,Manoj                                             ,Pareek                                            ,India,Delhi,1550,Heading Out To The Highway (Live),Metal,0.99,1.0,0.99
294,2018-12-02,58,Manoj                                             ,Pareek                                            ,India,Delhi,937,Midlife Crisis,Alternative & Punk,0.99,1.0,0.99
294,2018-12-02,58,Manoj                                             ,Pareek                                            ,India,Delhi,110,The Curse,Alternative & Punk,0.99,1.0,0.99
294,2018-12-02,58,Manoj                                             ,Pareek                                            ,India,Delhi,18,Bad Boy Boogie,Rock,0.99,1.0,0.99
294,2018-12-02,58,Manoj                                             ,Pareek                                            ,India,Delhi,1757,Chuva No Brejo,Latin,0.99,1.0,0.99
294,2018-12-02,58,Manoj                                             ,Pareek                                            ,India,Delhi,150,The Wizard,Metal,0.99,1.0,0.99
295,2018-12-03,33,Ellie                                             ,Sullivan                                          ,Canada,Yellowknife,1491,Stone Free,Rock,0.99,1.0,0.99
296,2018-12-10,1,Luís                                              ,Gonçalves                                         ,Brazil,São José dos Campos,1466,Last Chance,Alternative & Punk,0.99,1.0,0.99
296,2018-12-10,1,Luís                                              ,Gonçalves                                         ,Brazil,São José dos Campos,1467,Are You Gonna Be My Girl,Alternative & Punk,0.99,1.0,0.99
296,2018-12-10,1,Luís                                              ,Gonçalves                                         ,Brazil,São José dos Campos,1468,Rollover D.J.,Alternative & Punk,0.99,1.0,0.99
296,2018-12-10,1,Luís                                              ,Gonçalves                                         ,Brazil,São José dos Campos,1469,Look What You've Done,Alternative & Punk,0.99,1.0,0.99
296,2018-12-10,1,Luís                                              ,Gonçalves                                         ,Brazil,São José dos Campos,1470,Get What You Need,Alternative & Punk,0.99,1.0,0.99
296,2018-12-10,1,Luís                                              ,Gonçalves                                         ,Brazil,São José dos Campos,1471,Move On,Alternative & Punk,0.99,1.0,0.99
296,2018-12-10,1,Luís                                              ,Gonçalves                                         ,Brazil,São José dos Campos,1472,Radio Song,Alternative & Punk,0.99,1.0,0.99
296,2018-12-10,1,Luís                                              ,Gonçalves                                         ,Brazil,São José dos Campos,1473,Get Me Outta Here,Alternative & Punk,0.99,1.0,0.99
296,2018-12-10,1,Luís                                              ,Gonçalves                                         ,Brazil,São José dos Campos,1474,Cold Hard Bitch,Alternative & Punk,0.99,1.0,0.99
296,2018-12-10,1,Luís                                              ,Gonçalves                                         ,Brazil,São José dos Campos,1475,Come Around Again,Alternative & Punk,0.99,1.0,0.99
296,2018-12-10,1,Luís                                              ,Gonçalves                                         ,Brazil,São José dos Campos,1476,Take It Or Leave It,Alternative & Punk,0.99,1.0,0.99
296,2018-12-10,1,Luís                                              ,Gonçalves                                         ,Brazil,São José dos Campos,1477,Lazy Gun,Alternative & Punk,0.99,1.0,0.99
296,2018-12-10,1,Luís                                              ,Gonçalves                                         ,Brazil,São José dos Campos,1478,Timothy,Alternative & Punk,0.99,1.0,0.99
297,2018-12-11,22,Heather                                           ,Leacock                                           ,USA,Orlando,2647,End Of The Night,Rock,0.99,1.0,0.99
297,2018-12-11,22,Heather                                           ,Leacock                                           ,USA,Orlando,3270,Watching the Wheels,Pop,0.99,1.0,0.99
297,2018-12-11,22,Heather                                           ,Leacock                                           ,USA,Orlando,2207,Glorified G,Rock,0.99,1.0,0.99
298,2018-12-13,12,Roberto                                           ,Almeida                                           ,Brazil,Rio de Janeiro,692,Hey Tonight,Rock,0.99,1.0,0.99
298,2018-12-13,12,Roberto                                           ,Almeida                                           ,Brazil,Rio de Janeiro,3474,October Song,Pop,0.99,1.0,0.99
298,2018-12-13,12,Roberto                                           ,Almeida                                           ,Brazil,Rio de Janeiro,1474,Cold Hard Bitch,Alternative & Punk,0.99,1.0,0.99
298,2018-12-13,12,Roberto                                           ,Almeida                                           ,Brazil,Rio de Janeiro,3289,No One Like You,Rock,0.99,1.0,0.99
298,2018-12-13,12,Roberto                                           ,Almeida                                           ,Brazil,Rio de Janeiro,2965,Miracle Drug,Rock,0.99,1.0,0.99
298,2018-12-13,12,Roberto                                           ,Almeida                                           ,Brazil,Rio de Janeiro,3285,"Sabbath, Bloody Sabbath",Rock,0.99,1.0,0.99
298,2018-12-13,12,Roberto                                           ,Almeida                                           ,Brazil,Rio de Janeiro,1810,The God That Failed,Metal,0.99,1.0,0.99
298,2018-12-13,12,Roberto                                           ,Almeida                                           ,Brazil,Rio de Janeiro,161,Snowblind,Metal,0.99,1.0,0.99
298,2018-12-13,12,Roberto                                           ,Almeida                                           ,Brazil,Rio de Janeiro,34,Crazy,Rock,0.99,1.0,0.99
299,2018-12-14,30,Edward                                            ,Francis                                           ,Canada,Ottawa,2106,Suicide Solution (With Guitar Solo),Metal,0.99,1.0,0.99
299,2018-12-14,30,Edward                                            ,Francis                                           ,Canada,Ottawa,2236,Brain Damage,Rock,0.99,1.0,0.99
299,2018-12-14,30,Edward                                            ,Francis                                           ,Canada,Ottawa,2668,As Tears Go By,Rock,0.99,1.0,0.99
299,2018-12-14,30,Edward                                            ,Francis                                           ,Canada,Ottawa,1733,Atrás Do Trio Elétrico,Latin,0.99,1.0,0.99
299,2018-12-14,30,Edward                                            ,Francis                                           ,Canada,Ottawa,1042,Love And Marriage,Easy Listening,0.99,1.0,0.99
299,2018-12-14,30,Edward                                            ,Francis                                           ,Canada,Ottawa,1361,The Trooper,Metal,0.99,1.0,0.99
300,2018-12-15,25,Victor                                            ,Stevens                                           ,USA,Madison,51,We Die Young,Rock,0.99,1.0,0.99
300,2018-12-15,25,Victor                                            ,Stevens                                           ,USA,Madison,52,Man In The Box,Rock,0.99,1.0,0.99
300,2018-12-15,25,Victor                                            ,Stevens                                           ,USA,Madison,53,Sea Of Sorrow,Rock,0.99,1.0,0.99
300,2018-12-15,25,Victor                                            ,Stevens                                           ,USA,Madison,54,Bleed The Freak,Rock,0.99,1.0,0.99
300,2018-12-15,25,Victor                                            ,Stevens                                           ,USA,Madison,55,I Can't Remember,Rock,0.99,1.0,0.99
300,2018-12-15,25,Victor                                            ,Stevens                                           ,USA,Madison,56,"Love, Hate, Love",Rock,0.99,1.0,0.99
300,2018-12-15,25,Victor                                            ,Stevens                                           ,USA,Madison,57,It Ain't Like That,Rock,0.99,1.0,0.99
300,2018-12-15,25,Victor                                            ,Stevens                                           ,USA,Madison,58,Sunshine,Rock,0.99,1.0,0.99
300,2018-12-15,25,Victor                                            ,Stevens                                           ,USA,Madison,59,Put You Down,Rock,0.99,1.0,0.99
300,2018-12-15,25,Victor                                            ,Stevens                                           ,USA,Madison,60,Confusion,Rock,0.99,1.0,0.99
300,2018-12-15,25,Victor                                            ,Stevens                                           ,USA,Madison,61,I Know Somethin (Bout You),Rock,0.99,1.0,0.99
300,2018-12-15,25,Victor                                            ,Stevens                                           ,USA,Madison,62,Real Thing,Rock,0.99,1.0,0.99
301,2018-12-15,34,João                                              ,Fernandes                                         ,Portugal,Lisbon,5,Princess of the Dawn,Rock,0.99,1.0,0.99
301,2018-12-15,34,João                                              ,Fernandes                                         ,Portugal,Lisbon,1173,Coma,Rock,0.99,1.0,0.99
301,2018-12-15,34,João                                              ,Fernandes                                         ,Portugal,Lisbon,1005,On The Mend,Rock,0.99,1.0,0.99
301,2018-12-15,34,João                                              ,Fernandes                                         ,Portugal,Lisbon,1928,"Maria, Maria",Latin,0.99,1.0,0.99
301,2018-12-15,34,João                                              ,Fernandes                                         ,Portugal,Lisbon,1414,Please Please Please,R&B/Soul,0.99,1.0,0.99
301,2018-12-15,34,João                                              ,Fernandes                                         ,Portugal,Lisbon,1951,Bite The Bullet,Metal,0.99,1.0,0.99
301,2018-12-15,34,João                                              ,Fernandes                                         ,Portugal,Lisbon,3029,Babyface,Rock,0.99,1.0,0.99
301,2018-12-15,34,João                                              ,Fernandes                                         ,Portugal,Lisbon,2237,Eclipse,Rock,0.99,1.0,0.99
302,2018-12-18,40,Dominique                                         ,Lefebvre                                          ,France,Paris,229,Samba De Orly,Latin,0.99,1.0,0.99
302,2018-12-18,40,Dominique                                         ,Lefebvre                                          ,France,Paris,77,Enter Sandman,Metal,0.99,1.0,0.99
302,2018-12-18,40,Dominique                                         ,Lefebvre                                          ,France,Paris,147,Blood In The Wall,Metal,0.99,1.0,0.99
302,2018-12-18,40,Dominique                                         ,Lefebvre                                          ,France,Paris,2592,Remote Control,Alternative & Punk,0.99,1.0,0.99
303,2018-12-21,28,Julia                                             ,Barnett                                           ,USA,Salt Lake City,2648,Take It As It Comes,Rock,0.99,1.0,0.99
303,2018-12-21,28,Julia                                             ,Barnett                                           ,USA,Salt Lake City,896,Strange Brew,Blues,0.99,1.0,0.99
303,2018-12-21,28,Julia                                             ,Barnett                                           ,USA,Salt Lake City,529,Balada Do Louco,Alternative & Punk,0.99,1.0,0.99
303,2018-12-21,28,Julia                                             ,Barnett                                           ,USA,Salt Lake City,52,Man In The Box,Rock,0.99,1.0,0.99
303,2018-12-21,28,Julia                                             ,Barnett                                           ,USA,Salt Lake City,1776,You've Been A Long Time Coming,R&B/Soul,0.99,1.0,0.99
303,2018-12-21,28,Julia                                             ,Barnett                                           ,USA,Salt Lake City,2008,Polly,Rock,0.99,1.0,0.99
303,2018-12-21,28,Julia                                             ,Barnett                                           ,USA,Salt Lake City,1003,Friend Of A Friend,Rock,0.99,1.0,0.99
303,2018-12-21,28,Julia                                             ,Barnett                                           ,USA,Salt Lake City,2604,The Magnificent Seven,Alternative & Punk,0.99,1.0,0.99
303,2018-12-21,28,Julia                                             ,Barnett                                           ,USA,Salt Lake City,548,Smoke On The Water,Rock,0.99,1.0,0.99
303,2018-12-21,28,Julia                                             ,Barnett                                           ,USA,Salt Lake City,43,Forgiven,Rock,0.99,1.0,0.99
304,2018-12-23,56,Diego                                             ,Gutiérrez                                         ,Argentina,Buenos Aires,1386,The Loneliness of the Long Dis,Metal,0.99,1.0,0.99
304,2018-12-23,56,Diego                                             ,Gutiérrez                                         ,Argentina,Buenos Aires,839,Rock Of Ages,Rock,0.99,1.0,0.99
304,2018-12-23,56,Diego                                             ,Gutiérrez                                         ,Argentina,Buenos Aires,1466,Last Chance,Alternative & Punk,0.99,1.0,0.99
304,2018-12-23,56,Diego                                             ,Gutiérrez                                         ,Argentina,Buenos Aires,11,C.O.D.,Rock,0.99,1.0,0.99
304,2018-12-23,56,Diego                                             ,Gutiérrez                                         ,Argentina,Buenos Aires,1988,Drain You,Rock,0.99,1.0,0.99
304,2018-12-23,56,Diego                                             ,Gutiérrez                                         ,Argentina,Buenos Aires,1117,Aquele Abraço,Latin,0.99,1.0,0.99
304,2018-12-23,56,Diego                                             ,Gutiérrez                                         ,Argentina,Buenos Aires,1495,Highway Chile,Rock,0.99,1.0,0.99
305,2018-12-26,40,Dominique                                         ,Lefebvre                                          ,France,Paris,2178,Can't Keep,Rock,0.99,1.0,0.99
305,2018-12-26,40,Dominique                                         ,Lefebvre                                          ,France,Paris,2179,Save You,Rock,0.99,1.0,0.99
305,2018-12-26,40,Dominique                                         ,Lefebvre                                          ,France,Paris,2180,Love Boat Captain,Rock,0.99,1.0,0.99
305,2018-12-26,40,Dominique                                         ,Lefebvre                                          ,France,Paris,2181,Cropduster,Rock,0.99,1.0,0.99
305,2018-12-26,40,Dominique                                         ,Lefebvre                                          ,France,Paris,2182,Ghost,Rock,0.99,1.0,0.99
305,2018-12-26,40,Dominique                                         ,Lefebvre                                          ,France,Paris,2183,I Am Mine,Rock,0.99,1.0,0.99
305,2018-12-26,40,Dominique                                         ,Lefebvre                                          ,France,Paris,2184,Thumbing My Way,Rock,0.99,1.0,0.99
305,2018-12-26,40,Dominique                                         ,Lefebvre                                          ,France,Paris,2185,You Are,Rock,0.99,1.0,0.99
305,2018-12-26,40,Dominique                                         ,Lefebvre                                          ,France,Paris,2186,Get Right,Rock,0.99,1.0,0.99
305,2018-12-26,40,Dominique                                         ,Lefebvre                                          ,France,Paris,2187,Green Disease,Rock,0.99,1.0,0.99
305,2018-12-26,40,Dominique                                         ,Lefebvre                                          ,France,Paris,2188,Help Help,Rock,0.99,1.0,0.99
305,2018-12-26,40,Dominique                                         ,Lefebvre                                          ,France,Paris,2189,Bushleager,Rock,0.99,1.0,0.99
305,2018-12-26,40,Dominique                                         ,Lefebvre                                          ,France,Paris,2190,1/2 Full,Rock,0.99,1.0,0.99
305,2018-12-26,40,Dominique                                         ,Lefebvre                                          ,France,Paris,2191,Arc,Rock,0.99,1.0,0.99
305,2018-12-26,40,Dominique                                         ,Lefebvre                                          ,France,Paris,2192,All or None,Rock,0.99,1.0,0.99
306,2019-01-01,8,Daan                                              ,Peeters                                           ,Belgium,Brussels,49,Wake Up,Rock,0.99,1.0,0.99
306,2019-01-01,8,Daan                                              ,Peeters                                           ,Belgium,Brussels,60,Confusion,Rock,0.99,1.0,0.99
306,2019-01-01,8,Daan                                              ,Peeters                                           ,Belgium,Brussels,2654,Don't Stand so Close to Me,Rock,0.99,1.0,0.99
306,2019-01-01,8,Daan                                              ,Peeters                                           ,Belgium,Brussels,1007,Cold Day In The Sun,Rock,0.99,1.0,0.99
306,2019-01-01,8,Daan                                              ,Peeters                                           ,Belgium,Brussels,3500,"String Quartet No. 12 in C Minor, D. 703 Quartettsatz: II. Andante - Allegro assai",Classical,0.99,1.0,0.99
306,2019-01-01,8,Daan                                              ,Peeters                                           ,Belgium,Brussels,1166,Double Talkin' Jive,Rock,0.99,1.0,0.99
306,2019-01-01,8,Daan                                              ,Peeters                                           ,Belgium,Brussels,132,13 Years Of Grief,Metal,0.99,1.0,0.99
306,2019-01-01,8,Daan                                              ,Peeters                                           ,Belgium,Brussels,2380,The Zephyr Song,Rock,0.99,1.0,0.99
306,2019-01-01,8,Daan                                              ,Peeters                                           ,Belgium,Brussels,2377,This Is The Place,Rock,0.99,1.0,0.99
306,2019-01-01,8,Daan                                              ,Peeters                                           ,Belgium,Brussels,2558,Radio/Video,Metal,0.99,1.0,0.99
306,2019-01-01,8,Daan                                              ,Peeters                                           ,Belgium,Brussels,989,In Your Honor,Rock,0.99,1.0,0.99
307,2019-01-05,26,Richard                                           ,Cunningham                                        ,USA,Fort Worth,3469,F**k Me Pumps,Pop,0.99,1.0,0.99
307,2019-01-05,26,Richard                                           ,Cunningham                                        ,USA,Fort Worth,1547,Living After Midnight,Metal,0.99,1.0,0.99
307,2019-01-05,26,Richard                                           ,Cunningham                                        ,USA,Fort Worth,1058,Nervosa,Latin,0.99,1.0,0.99
307,2019-01-05,26,Richard                                           ,Cunningham                                        ,USA,Fort Worth,1122,Faceless,Metal,0.99,1.0,0.99
307,2019-01-05,26,Richard                                           ,Cunningham                                        ,USA,Fort Worth,3279,Fairies Wear Boots,Rock,0.99,1.0,0.99
307,2019-01-05,26,Richard                                           ,Cunningham                                        ,USA,Fort Worth,2973,Original Of The Species,Rock,0.99,1.0,0.99
307,2019-01-05,26,Richard                                           ,Cunningham                                        ,USA,Fort Worth,3456,You Know I'm No Good,R&B/Soul,0.99,1.0,0.99
307,2019-01-05,26,Richard                                           ,Cunningham                                        ,USA,Fort Worth,3102,Ballot or the Bullet,Rock,0.99,1.0,0.99
307,2019-01-05,26,Richard                                           ,Cunningham                                        ,USA,Fort Worth,3378,Safe and Sound,Alternative,0.99,1.0,0.99
307,2019-01-05,26,Richard                                           ,Cunningham                                        ,USA,Fort Worth,38,All I Really Want,Rock,0.99,1.0,0.99
308,2019-01-06,37,Fynn                                              ,Zimmermann                                        ,Germany,Frankfurt,2964,Vertigo,Rock,0.99,1.0,0.99
308,2019-01-06,37,Fynn                                              ,Zimmermann                                        ,Germany,Frankfurt,2965,Miracle Drug,Rock,0.99,1.0,0.99
308,2019-01-06,37,Fynn                                              ,Zimmermann                                        ,Germany,Frankfurt,2966,Sometimes You Can't Make It On Your Own,Rock,0.99,1.0,0.99
308,2019-01-06,37,Fynn                                              ,Zimmermann                                        ,Germany,Frankfurt,2967,Love And Peace Or Else,Rock,0.99,1.0,0.99
308,2019-01-06,37,Fynn                                              ,Zimmermann                                        ,Germany,Frankfurt,2968,City Of Blinding Lights,Rock,0.99,1.0,0.99
308,2019-01-06,37,Fynn                                              ,Zimmermann                                        ,Germany,Frankfurt,2969,All Because Of You,Rock,0.99,1.0,0.99
308,2019-01-06,37,Fynn                                              ,Zimmermann                                        ,Germany,Frankfurt,2970,A Man And A Woman,Rock,0.99,1.0,0.99
308,2019-01-06,37,Fynn                                              ,Zimmermann                                        ,Germany,Frankfurt,2971,Crumbs From Your Table,Rock,0.99,1.0,0.99
308,2019-01-06,37,Fynn                                              ,Zimmermann                                        ,Germany,Frankfurt,2972,One Step Closer,Rock,0.99,1.0,0.99
308,2019-01-06,37,Fynn                                              ,Zimmermann                                        ,Germany,Frankfurt,2973,Original Of The Species,Rock,0.99,1.0,0.99
308,2019-01-06,37,Fynn                                              ,Zimmermann                                        ,Germany,Frankfurt,2974,Yahweh,Rock,0.99,1.0,0.99
309,2019-01-14,36,Hannah                                            ,Schneider                                         ,Germany,Berlin,1782,Gonna Keep On Tryin' Till I Win Your Love,R&B/Soul,0.99,1.0,0.99
309,2019-01-14,36,Hannah                                            ,Schneider                                         ,Germany,Berlin,2553,Where The River Goes,Rock,0.99,1.0,0.99
309,2019-01-14,36,Hannah                                            ,Schneider                                         ,Germany,Berlin,2418,Fly By Night,Rock,0.99,1.0,0.99
309,2019-01-14,36,Hannah                                            ,Schneider                                         ,Germany,Berlin,2983,The Playboy Mansion,Rock,0.99,1.0,0.99
309,2019-01-14,36,Hannah                                            ,Schneider                                         ,Germany,Berlin,2628,Love Removal Machine,Rock,0.99,1.0,0.99
309,2019-01-14,36,Hannah                                            ,Schneider                                         ,Germany,Berlin,1094,Estrela (Live),Latin,0.99,1.0,0.99
309,2019-01-14,36,Hannah                                            ,Schneider                                         ,Germany,Berlin,3296,I Can't Explain,Rock,0.99,1.0,0.99
309,2019-01-14,36,Hannah                                            ,Schneider                                         ,Germany,Berlin,1163,You Ain't the First,Rock,0.99,1.0,0.99
309,2019-01-14,36,Hannah                                            ,Schneider                                         ,Germany,Berlin,1165,Back off Bitch,Rock,0.99,1.0,0.99
310,2019-01-16,22,Heather                                           ,Leacock                                           ,USA,Orlando,2735,I'm A Boy,Rock,0.99,1.0,0.99
310,2019-01-16,22,Heather                                           ,Leacock                                           ,USA,Orlando,1489,Are You Experienced?,Rock,0.99,1.0,0.99
310,2019-01-16,22,Heather                                           ,Leacock                                           ,USA,Orlando,29,Cryin',Rock,0.99,1.0,0.99
310,2019-01-16,22,Heather                                           ,Leacock                                           ,USA,Orlando,2303,Bittersweet Me,Rock,0.99,1.0,0.99
310,2019-01-16,22,Heather                                           ,Leacock                                           ,USA,Orlando,1458,Light Years,Electronica/Dance,0.99,1.0,0.99
310,2019-01-16,22,Heather                                           ,Leacock                                           ,USA,Orlando,773,Perfect Strangers,Rock,0.99,1.0,0.99
310,2019-01-16,22,Heather                                           ,Leacock                                           ,USA,Orlando,1549,Hot Rockin',Metal,0.99,1.0,0.99
310,2019-01-16,22,Heather                                           ,Leacock                                           ,USA,Orlando,829,Let's Get Rocked,Rock,0.99,1.0,0.99
310,2019-01-16,22,Heather                                           ,Leacock                                           ,USA,Orlando,2521,Ty Cobb,Rock,0.99,1.0,0.99
311,2019-01-18,8,Daan                                              ,Peeters                                           ,Belgium,Brussels,1170,Don't Damn Me,Rock,0.99,1.0,0.99
311,2019-01-18,8,Daan                                              ,Peeters                                           ,Belgium,Brussels,3353,I Guess You're Right,Rock,0.99,1.0,0.99
311,2019-01-18,8,Daan                                              ,Peeters                                           ,Belgium,Brussels,81,Sad But True,Metal,0.99,1.0,0.99
311,2019-01-18,8,Daan                                              ,Peeters                                           ,Belgium,Brussels,32,Deuces Are Wild,Rock,0.99,1.0,0.99
311,2019-01-18,8,Daan                                              ,Peeters                                           ,Belgium,Brussels,2303,Bittersweet Me,Rock,0.99,1.0,0.99
311,2019-01-18,8,Daan                                              ,Peeters                                           ,Belgium,Brussels,3356,Muita Bobeira,Latin,0.99,1.0,0.99
312,2019-01-21,42,Wyatt                                             ,Girard                                            ,France,Bordeaux,1937,Leila (Venha Ser Feliz),Latin,0.99,1.0,0.99
312,2019-01-21,42,Wyatt                                             ,Girard                                            ,France,Bordeaux,79,Harvester Of Sorrow,Metal,0.99,1.0,0.99
312,2019-01-21,42,Wyatt                                             ,Girard                                            ,France,Bordeaux,341,The Girl I Love She Got Long Black Wavy Hair,Rock,0.99,1.0,0.99
312,2019-01-21,42,Wyatt                                             ,Girard                                            ,France,Bordeaux,2657,Invisible Sun,Rock,0.99,1.0,0.99
312,2019-01-21,42,Wyatt                                             ,Girard                                            ,France,Bordeaux,85,Cochise,Rock,0.99,1.0,0.99
312,2019-01-21,42,Wyatt                                             ,Girard                                            ,France,Bordeaux,795,Hey Cisco,Rock,0.99,1.0,0.99
312,2019-01-21,42,Wyatt                                             ,Girard                                            ,France,Bordeaux,58,Sunshine,Rock,0.99,1.0,0.99
312,2019-01-21,42,Wyatt                                             ,Girard                                            ,France,Bordeaux,158,Changes,Metal,0.99,1.0,0.99
312,2019-01-21,42,Wyatt                                             ,Girard                                            ,France,Bordeaux,1944,Shoot You In The Back,Metal,0.99,1.0,0.99
312,2019-01-21,42,Wyatt                                             ,Girard                                            ,France,Bordeaux,2404,Right On Time,Rock,0.99,1.0,0.99
313,2019-01-24,30,Edward                                            ,Francis                                           ,Canada,Ottawa,1776,You've Been A Long Time Coming,R&B/Soul,0.99,1.0,0.99
313,2019-01-24,30,Edward                                            ,Francis                                           ,Canada,Ottawa,3336,War Pigs,Alternative,0.99,1.0,0.99
313,2019-01-24,30,Edward                                            ,Francis                                           ,Canada,Ottawa,1660,Hots On For Nowhere,Rock,0.99,1.0,0.99
313,2019-01-24,30,Edward                                            ,Francis                                           ,Canada,Ottawa,1454,Deeper Underground,R&B/Soul,0.99,1.0,0.99
313,2019-01-24,30,Edward                                            ,Francis                                           ,Canada,Ottawa,2548,Creep,Rock,0.99,1.0,0.99
314,2019-01-29,43,Isabelle                                          ,Mercier                                           ,France,Dijon,580,El Farol,Rock,0.99,1.0,0.99
314,2019-01-29,43,Isabelle                                          ,Mercier                                           ,France,Dijon,472,Basket Case,Alternative & Punk,0.99,1.0,0.99
314,2019-01-29,43,Isabelle                                          ,Mercier                                           ,France,Dijon,2575,Greasy Grass River,Blues,0.99,1.0,0.99
314,2019-01-29,43,Isabelle                                          ,Mercier                                           ,France,Dijon,1266,Weekend Warrior,Rock,0.99,1.0,0.99
314,2019-01-29,43,Isabelle                                          ,Mercier                                           ,France,Dijon,38,All I Really Want,Rock,0.99,1.0,0.99
314,2019-01-29,43,Isabelle                                          ,Mercier                                           ,France,Dijon,2639,Break on Through,Rock,0.99,1.0,0.99
314,2019-01-29,43,Isabelle                                          ,Mercier                                           ,France,Dijon,2232,The Great Gig In The Sky,Rock,0.99,1.0,0.99
314,2019-01-29,43,Isabelle                                          ,Mercier                                           ,France,Dijon,2009,Territorial Pissings,Rock,0.99,1.0,0.99
314,2019-01-29,43,Isabelle                                          ,Mercier                                           ,France,Dijon,921,Old Love,Blues,0.99,1.0,0.99
314,2019-01-29,43,Isabelle                                          ,Mercier                                           ,France,Dijon,31,Blind Man,Rock,0.99,1.0,0.99
315,2019-01-30,10,Eduardo                                           ,Martins                                           ,Brazil,São Paulo,1696,Meninos E Meninas,Latin,0.99,1.0,0.99
315,2019-01-30,10,Eduardo                                           ,Martins                                           ,Brazil,São Paulo,3265,Working Class Hero,Pop,0.99,1.0,0.99
315,2019-01-30,10,Eduardo                                           ,Martins                                           ,Brazil,São Paulo,1445,Planet Home,R&B/Soul,0.99,1.0,0.99
315,2019-01-30,10,Eduardo                                           ,Martins                                           ,Brazil,São Paulo,1807,Through The Never,Metal,0.99,1.0,0.99
315,2019-01-30,10,Eduardo                                           ,Martins                                           ,Brazil,São Paulo,1462,Scam,Electronica/Dance,0.99,1.0,0.99
316,2019-02-03,11,Alexandre                                         ,Rocha                                             ,Brazil,São Paulo,1050,That's Life,Easy Listening,0.99,1.0,0.99
316,2019-02-03,11,Alexandre                                         ,Rocha                                             ,Brazil,São Paulo,3495,"24 Caprices, Op. 1, No. 24, for Solo Violin, in A Minor",Classical,0.99,1.0,0.99
317,2019-02-14,40,Dominique                                         ,Lefebvre                                          ,France,Paris,3288,Rock You Like a Hurricane,Rock,0.99,1.0,0.99
317,2019-02-14,40,Dominique                                         ,Lefebvre                                          ,France,Paris,3289,No One Like You,Rock,0.99,1.0,0.99
317,2019-02-14,40,Dominique                                         ,Lefebvre                                          ,France,Paris,3290,The Zoo,Rock,0.99,1.0,0.99
317,2019-02-14,40,Dominique                                         ,Lefebvre                                          ,France,Paris,3291,Loving You Sunday Morning,Rock,0.99,1.0,0.99
317,2019-02-14,40,Dominique                                         ,Lefebvre                                          ,France,Paris,3292,Still Loving You,Rock,0.99,1.0,0.99
317,2019-02-14,40,Dominique                                         ,Lefebvre                                          ,France,Paris,3293,Big City Nights,Rock,0.99,1.0,0.99
317,2019-02-14,40,Dominique                                         ,Lefebvre                                          ,France,Paris,3294,Believe in Love,Rock,0.99,1.0,0.99
317,2019-02-14,40,Dominique                                         ,Lefebvre                                          ,France,Paris,3295,Rhythm of Love,Rock,0.99,1.0,0.99
317,2019-02-14,40,Dominique                                         ,Lefebvre                                          ,France,Paris,3296,I Can't Explain,Rock,0.99,1.0,0.99
317,2019-02-14,40,Dominique                                         ,Lefebvre                                          ,France,Paris,3297,Tease Me Please Me,Rock,0.99,1.0,0.99
317,2019-02-14,40,Dominique                                         ,Lefebvre                                          ,France,Paris,3298,Wind of Change,Rock,0.99,1.0,0.99
317,2019-02-14,40,Dominique                                         ,Lefebvre                                          ,France,Paris,3299,Send Me an Angel,Rock,0.99,1.0,0.99
318,2019-02-19,43,Isabelle                                          ,Mercier                                           ,France,Dijon,26,What It Takes,Rock,0.99,1.0,0.99
318,2019-02-19,43,Isabelle                                          ,Mercier                                           ,France,Dijon,1670,Whole Lotta Love,Rock,0.99,1.0,0.99
318,2019-02-19,43,Isabelle                                          ,Mercier                                           ,France,Dijon,2295,Untitled,Alternative & Punk,0.99,1.0,0.99
318,2019-02-19,43,Isabelle                                          ,Mercier                                           ,France,Dijon,201,Keep It To Myself (Aka Keep It To Yourself),Blues,0.99,1.0,0.99
318,2019-02-19,43,Isabelle                                          ,Mercier                                           ,France,Dijon,3041,Homely Girl,Reggae,0.99,1.0,0.99
318,2019-02-19,43,Isabelle                                          ,Mercier                                           ,France,Dijon,481,Hitchin' A Ride,Alternative & Punk,0.99,1.0,0.99
318,2019-02-19,43,Isabelle                                          ,Mercier                                           ,France,Dijon,227,Essa Moça Ta Diferente,Latin,0.99,1.0,0.99
318,2019-02-19,43,Isabelle                                          ,Mercier                                           ,France,Dijon,2678,Gimmie Shelters,Rock,0.99,1.0,0.99
319,2019-02-20,50,Enrique                                           ,Muñoz                                             ,Spain,Madrid,2640,Soul Kitchen,Rock,0.99,1.0,0.99
319,2019-02-20,50,Enrique                                           ,Muñoz                                             ,Spain,Madrid,3314,One For The Road,Hip Hop/Rap,0.99,1.0,0.99
319,2019-02-20,50,Enrique                                           ,Muñoz                                             ,Spain,Madrid,1828,Too Late Too Late,Metal,0.99,1.0,0.99
319,2019-02-20,50,Enrique                                           ,Muñoz                                             ,Spain,Madrid,712,Born To Move,Rock,0.99,1.0,0.99
319,2019-02-20,50,Enrique                                           ,Muñoz                                             ,Spain,Madrid,1562,Comin' Home,Rock,0.99,1.0,0.99
319,2019-02-20,50,Enrique                                           ,Muñoz                                             ,Spain,Madrid,1475,Come Around Again,Alternative & Punk,0.99,1.0,0.99
319,2019-02-20,50,Enrique                                           ,Muñoz                                             ,Spain,Madrid,1041,For Once In My Life,Easy Listening,0.99,1.0,0.99
319,2019-02-20,50,Enrique                                           ,Muñoz                                             ,Spain,Madrid,1053,"Bad, Bad Leroy Brown",Easy Listening,0.99,1.0,0.99
319,2019-02-20,50,Enrique                                           ,Muñoz                                             ,Spain,Madrid,2192,All or None,Rock,0.99,1.0,0.99
319,2019-02-20,50,Enrique                                           ,Muñoz                                             ,Spain,Madrid,62,Real Thing,Rock,0.99,1.0,0.99
320,2019-02-22,58,Manoj                                             ,Pareek                                            ,India,Delhi,3319,Instinto Colectivo,Electronica/Dance,0.99,1.0,0.99
320,2019-02-22,58,Manoj                                             ,Pareek                                            ,India,Delhi,3320,Chapa o Coco,Electronica/Dance,0.99,1.0,0.99
320,2019-02-22,58,Manoj                                             ,Pareek                                            ,India,Delhi,3321,Prostituta,Electronica/Dance,0.99,1.0,0.99
320,2019-02-22,58,Manoj                                             ,Pareek                                            ,India,Delhi,3322,Eu So Queria Sumir,Electronica/Dance,0.99,1.0,0.99
320,2019-02-22,58,Manoj                                             ,Pareek                                            ,India,Delhi,3323,Tres Reis,Electronica/Dance,0.99,1.0,0.99
320,2019-02-22,58,Manoj                                             ,Pareek                                            ,India,Delhi,3324,Um Lugar ao Sol,Electronica/Dance,0.99,1.0,0.99
320,2019-02-22,58,Manoj                                             ,Pareek                                            ,India,Delhi,3325,Batalha Naval,Electronica/Dance,0.99,1.0,0.99
320,2019-02-22,58,Manoj                                             ,Pareek                                            ,India,Delhi,3326,Todo o Carnaval tem seu Fim,Electronica/Dance,0.99,1.0,0.99
320,2019-02-22,58,Manoj                                             ,Pareek                                            ,India,Delhi,3327,O Misterio do Samba,Electronica/Dance,0.99,1.0,0.99
320,2019-02-22,58,Manoj                                             ,Pareek                                            ,India,Delhi,3328,Armadura,Electronica/Dance,0.99,1.0,0.99
320,2019-02-22,58,Manoj                                             ,Pareek                                            ,India,Delhi,3329,Na Ladeira,Electronica/Dance,0.99,1.0,0.99
320,2019-02-22,58,Manoj                                             ,Pareek                                            ,India,Delhi,3330,Carimbo,Electronica/Dance,0.99,1.0,0.99
320,2019-02-22,58,Manoj                                             ,Pareek                                            ,India,Delhi,3331,Catimbo,Electronica/Dance,0.99,1.0,0.99
320,2019-02-22,58,Manoj                                             ,Pareek                                            ,India,Delhi,3332,Funk de Bamba,Electronica/Dance,0.99,1.0,0.99
320,2019-02-22,58,Manoj                                             ,Pareek                                            ,India,Delhi,3333,Chega no Suingue,Electronica/Dance,0.99,1.0,0.99
320,2019-02-22,58,Manoj                                             ,Pareek                                            ,India,Delhi,3334,Mun-Ra,Electronica/Dance,0.99,1.0,0.99
320,2019-02-22,58,Manoj                                             ,Pareek                                            ,India,Delhi,3335,Freestyle Love,Electronica/Dance,0.99,1.0,0.99
321,2019-02-23,14,Mark                                              ,Philips                                           ,Canada,Edmonton,2607,Rock The Casbah,Alternative & Punk,0.99,1.0,0.99
322,2019-02-24,21,Kathy                                             ,Chase                                             ,USA,Reno,33,The Other Side,Rock,0.99,1.0,0.99
322,2019-02-24,21,Kathy                                             ,Chase                                             ,USA,Reno,1184,Estranged,Metal,0.99,1.0,0.99
322,2019-02-24,21,Kathy                                             ,Chase                                             ,USA,Reno,2320,Perfect Circle,Alternative & Punk,0.99,1.0,0.99
322,2019-02-24,21,Kathy                                             ,Chase                                             ,USA,Reno,2642,Twentienth Century Fox,Rock,0.99,1.0,0.99
322,2019-02-24,21,Kathy                                             ,Chase                                             ,USA,Reno,3294,Believe in Love,Rock,0.99,1.0,0.99
322,2019-02-24,21,Kathy                                             ,Chase                                             ,USA,Reno,3289,No One Like You,Rock,0.99,1.0,0.99
322,2019-02-24,21,Kathy                                             ,Chase                                             ,USA,Reno,2232,The Great Gig In The Sky,Rock,0.99,1.0,0.99
322,2019-02-24,21,Kathy                                             ,Chase                                             ,USA,Reno,13,Night Of The Long Knives,Rock,0.99,1.0,0.99
322,2019-02-24,21,Kathy                                             ,Chase                                             ,USA,Reno,40,Perfect,Rock,0.99,1.0,0.99
322,2019-02-24,21,Kathy                                             ,Chase                                             ,USA,Reno,1074,Baião Da Penha,Soundtrack,0.99,1.0,0.99
323,2019-03-03,23,John                                              ,Gordon                                            ,USA,Boston,3031,Lemon,Rock,0.99,1.0,0.99
323,2019-03-03,23,John                                              ,Gordon                                            ,USA,Boston,3298,Wind of Change,Rock,0.99,1.0,0.99
323,2019-03-03,23,John                                              ,Gordon                                            ,USA,Boston,3385,Finally Forever,Alternative,0.99,1.0,0.99
323,2019-03-03,23,John                                              ,Gordon                                            ,USA,Boston,2107,Iron Man,Metal,0.99,1.0,0.99
323,2019-03-03,23,John                                              ,Gordon                                            ,USA,Boston,1125,I Stand Alone,Metal,0.99,1.0,0.99
323,2019-03-03,23,John                                              ,Gordon                                            ,USA,Boston,2307,"So Fast, So Numb",Rock,0.99,1.0,0.99
323,2019-03-03,23,John                                              ,Gordon                                            ,USA,Boston,3394,Broken City,Alternative,0.99,1.0,0.99
323,2019-03-03,23,John                                              ,Gordon                                            ,USA,Boston,1476,Take It Or Leave It,Alternative & Punk,0.99,1.0,0.99
324,2019-03-03,57,Luis                                              ,Rojas                                             ,Chile,Santiago,31,Blind Man,Rock,0.99,1.0,0.99
324,2019-03-03,57,Luis                                              ,Rojas                                             ,Chile,Santiago,1160,Live and Let Die,Rock,0.99,1.0,0.99
324,2019-03-03,57,Luis                                              ,Rojas                                             ,Chile,Santiago,3359,"Symphony No. 3 in E-flat major, Op. 55, Eroica - Scherzo: Allegro Vivace",Classical,0.99,1.0,0.99
324,2019-03-03,57,Luis                                              ,Rojas                                             ,Chile,Santiago,1721,Aviso Aos Navegantes,Latin,0.99,1.0,0.99
324,2019-03-03,57,Luis                                              ,Rojas                                             ,Chile,Santiago,158,Changes,Metal,0.99,1.0,0.99
325,2019-03-04,33,Ellie                                             ,Sullivan                                          ,Canada,Yellowknife,2600,Train In Vain,Alternative & Punk,0.99,1.0,0.99
325,2019-03-04,33,Ellie                                             ,Sullivan                                          ,Canada,Yellowknife,3495,"24 Caprices, Op. 1, No. 24, for Solo Violin, in A Minor",Classical,0.99,1.0,0.99
325,2019-03-04,33,Ellie                                             ,Sullivan                                          ,Canada,Yellowknife,2202,Deep,Rock,0.99,1.0,0.99
325,2019-03-04,33,Ellie                                             ,Sullivan                                          ,Canada,Yellowknife,2132,Ito Okashi,Soundtrack,0.99,1.0,0.99
325,2019-03-04,33,Ellie                                             ,Sullivan                                          ,Canada,Yellowknife,3390,One and the Same,Alternative,0.99,1.0,0.99
325,2019-03-04,33,Ellie                                             ,Sullivan                                          ,Canada,Yellowknife,2234,Us And Them,Rock,0.99,1.0,0.99
325,2019-03-04,33,Ellie                                             ,Sullivan                                          ,Canada,Yellowknife,2662,Don't Stand So Close to Me '86,Rock,0.99,1.0,0.99
325,2019-03-04,33,Ellie                                             ,Sullivan                                          ,Canada,Yellowknife,1943,Love Me Like A Reptile,Metal,0.99,1.0,0.99
325,2019-03-04,33,Ellie                                             ,Sullivan                                          ,Canada,Yellowknife,2669,Get Off Of My Cloud,Rock,0.99,1.0,0.99
325,2019-03-04,33,Ellie                                             ,Sullivan                                          ,Canada,Yellowknife,2656,Every Little Thing She Does is Magic,Rock,0.99,1.0,0.99
326,2019-03-04,52,Emma                                              ,Jones                                             ,United Kingdom,London,135,Super Terrorizer,Metal,0.99,1.0,0.99
326,2019-03-04,52,Emma                                              ,Jones                                             ,United Kingdom,London,163,Laguna Sunrise,Metal,0.99,1.0,0.99
326,2019-03-04,52,Emma                                              ,Jones                                             ,United Kingdom,London,3382,Billie Jean,Alternative,0.99,1.0,0.99
326,2019-03-04,52,Emma                                              ,Jones                                             ,United Kingdom,London,1026,My Hero,Rock,0.99,1.0,0.99
326,2019-03-04,52,Emma                                              ,Jones                                             ,United Kingdom,London,1259,Fear Is The Key,Rock,0.99,1.0,0.99
326,2019-03-04,52,Emma                                              ,Jones                                             ,United Kingdom,London,1729,Fullgás,Latin,0.99,1.0,0.99
326,2019-03-04,52,Emma                                              ,Jones                                             ,United Kingdom,London,3006,With Or Without You,Rock,0.99,1.0,0.99
326,2019-03-04,52,Emma                                              ,Jones                                             ,United Kingdom,London,2161,Do The Evolution,Rock,0.99,1.0,0.99
326,2019-03-04,52,Emma                                              ,Jones                                             ,United Kingdom,London,529,Balada Do Louco,Alternative & Punk,0.99,1.0,0.99
327,2019-03-05,49,Stanisław                                         ,Wójcik                                            ,Poland,Warsaw,496,Living On Love,Rock,0.99,1.0,0.99
327,2019-03-05,49,Stanisław                                         ,Wójcik                                            ,Poland,Warsaw,2458,Fica,Rock,0.99,1.0,0.99
327,2019-03-05,49,Stanisław                                         ,Wójcik                                            ,Poland,Warsaw,459,Midnight,Jazz,0.99,1.0,0.99
327,2019-03-05,49,Stanisław                                         ,Wójcik                                            ,Poland,Warsaw,6,Put The Finger On You,Rock,0.99,1.0,0.99
327,2019-03-05,49,Stanisław                                         ,Wójcik                                            ,Poland,Warsaw,2747,Join Together,Rock,0.99,1.0,0.99
327,2019-03-05,49,Stanisław                                         ,Wójcik                                            ,Poland,Warsaw,1518,Filho Maravilha,Latin,0.99,1.0,0.99
327,2019-03-05,49,Stanisław                                         ,Wójcik                                            ,Poland,Warsaw,2549,Piece Of Pie,Rock,0.99,1.0,0.99
327,2019-03-05,49,Stanisław                                         ,Wójcik                                            ,Poland,Warsaw,54,Bleed The Freak,Rock,0.99,1.0,0.99
327,2019-03-05,49,Stanisław                                         ,Wójcik                                            ,Poland,Warsaw,803,Love Conquers All,Rock,0.99,1.0,0.99
328,2019-03-08,10,Eduardo                                           ,Martins                                           ,Brazil,São Paulo,2555,B.Y.O.B.,Metal,0.99,1.0,0.99
328,2019-03-08,10,Eduardo                                           ,Martins                                           ,Brazil,São Paulo,1023,My Poor Brain,Rock,0.99,1.0,0.99
328,2019-03-08,10,Eduardo                                           ,Martins                                           ,Brazil,São Paulo,481,Hitchin' A Ride,Alternative & Punk,0.99,1.0,0.99
328,2019-03-08,10,Eduardo                                           ,Martins                                           ,Brazil,São Paulo,1502,Circles,Rock,0.99,1.0,0.99
329,2019-03-09,9,Kara                                              ,Nielsen                                           ,Denmark,Copenhagen,3299,Send Me an Angel,Rock,0.99,1.0,0.99
330,2019-03-13,22,Heather                                           ,Leacock                                           ,USA,Orlando,1133,American Idiot,Alternative & Punk,0.99,1.0,0.99
330,2019-03-13,22,Heather                                           ,Leacock                                           ,USA,Orlando,1134,Jesus Of Suburbia / City Of The Damned / I Don't Care / Dearly Beloved / Tales Of Another Broken Home,Alternative & Punk,0.99,1.0,0.99
330,2019-03-13,22,Heather                                           ,Leacock                                           ,USA,Orlando,1135,Holiday,Alternative & Punk,0.99,1.0,0.99
330,2019-03-13,22,Heather                                           ,Leacock                                           ,USA,Orlando,1136,Boulevard Of Broken Dreams,Alternative & Punk,0.99,1.0,0.99
330,2019-03-13,22,Heather                                           ,Leacock                                           ,USA,Orlando,1137,Are We The Waiting,Alternative & Punk,0.99,1.0,0.99
330,2019-03-13,22,Heather                                           ,Leacock                                           ,USA,Orlando,1138,St. Jimmy,Alternative & Punk,0.99,1.0,0.99
330,2019-03-13,22,Heather                                           ,Leacock                                           ,USA,Orlando,1139,Give Me Novacaine,Alternative & Punk,0.99,1.0,0.99
330,2019-03-13,22,Heather                                           ,Leacock                                           ,USA,Orlando,1140,She's A Rebel,Alternative & Punk,0.99,1.0,0.99
330,2019-03-13,22,Heather                                           ,Leacock                                           ,USA,Orlando,1141,Extraordinary Girl,Alternative & Punk,0.99,1.0,0.99
330,2019-03-13,22,Heather                                           ,Leacock                                           ,USA,Orlando,1142,Letterbomb,Alternative & Punk,0.99,1.0,0.99
330,2019-03-13,22,Heather                                           ,Leacock                                           ,USA,Orlando,1143,Wake Me Up When September Ends,Alternative & Punk,0.99,1.0,0.99
330,2019-03-13,22,Heather                                           ,Leacock                                           ,USA,Orlando,1144,Homecoming / The Death Of St. Jimmy / East 12th St. / Nobody Likes You / Rock And Roll Girlfriend / We're Coming Home Again,Alternative & Punk,0.99,1.0,0.99
330,2019-03-13,22,Heather                                           ,Leacock                                           ,USA,Orlando,1145,Whatsername,Alternative & Punk,0.99,1.0,0.99
331,2019-03-15,25,Victor                                            ,Stevens                                           ,USA,Madison,2292,Turn You Inside-Out,Alternative & Punk,0.99,1.0,0.99
331,2019-03-15,25,Victor                                            ,Stevens                                           ,USA,Madison,3350,Despertar,Jazz,0.99,1.0,0.99
331,2019-03-15,25,Victor                                            ,Stevens                                           ,USA,Madison,1942,Ace Of Spades,Metal,0.99,1.0,0.99
331,2019-03-15,25,Victor                                            ,Stevens                                           ,USA,Madison,2401,This Velvet Glove,Rock,0.99,1.0,0.99
331,2019-03-15,25,Victor                                            ,Stevens                                           ,USA,Madison,137,Lost My Better Half,Metal,0.99,1.0,0.99
331,2019-03-15,25,Victor                                            ,Stevens                                           ,USA,Madison,36,Angel,Rock,0.99,1.0,0.99
332,2019-03-15,29,Robert                                            ,Brown                                             ,Canada,Toronto,1422,"Say It Loud, I'm Black And I'm Proud Pt.1",R&B/Soul,0.99,1.0,0.99
332,2019-03-15,29,Robert                                            ,Brown                                             ,Canada,Toronto,476,Geek Stink Breath,Alternative & Punk,0.99,1.0,0.99
332,2019-03-15,29,Robert                                            ,Brown                                             ,Canada,Toronto,1987,School,Rock,0.99,1.0,0.99
332,2019-03-15,29,Robert                                            ,Brown                                             ,Canada,Toronto,1641,Gallows Pole,Rock,0.99,1.0,0.99
332,2019-03-15,29,Robert                                            ,Brown                                             ,Canada,Toronto,1650,Night Flight,Rock,0.99,1.0,0.99
332,2019-03-15,29,Robert                                            ,Brown                                             ,Canada,Toronto,2201,Garden,Rock,0.99,1.0,0.99
332,2019-03-15,29,Robert                                            ,Brown                                             ,Canada,Toronto,1888,Shoot Me Again,Metal,0.99,1.0,0.99
332,2019-03-15,29,Robert                                            ,Brown                                             ,Canada,Toronto,1008,Razor,Rock,0.99,1.0,0.99
332,2019-03-15,29,Robert                                            ,Brown                                             ,Canada,Toronto,1418,Papa's Got A Brand New Bag Pt.1,R&B/Soul,0.99,1.0,0.99
332,2019-03-15,29,Robert                                            ,Brown                                             ,Canada,Toronto,2322,So Central Rain,Alternative & Punk,0.99,1.0,0.99
333,2019-03-21,12,Roberto                                           ,Almeida                                           ,Brazil,Rio de Janeiro,1988,Drain You,Rock,0.99,1.0,0.99
333,2019-03-21,12,Roberto                                           ,Almeida                                           ,Brazil,Rio de Janeiro,2436,The Right Thing,Rock,0.99,1.0,0.99
333,2019-03-21,12,Roberto                                           ,Almeida                                           ,Brazil,Rio de Janeiro,1292,Flight Of Icarus,Metal,0.99,1.0,0.99
333,2019-03-21,12,Roberto                                           ,Almeida                                           ,Brazil,Rio de Janeiro,3069,Unchained,Rock,0.99,1.0,0.99
333,2019-03-21,12,Roberto                                           ,Almeida                                           ,Brazil,Rio de Janeiro,1006,Virginia Moon,Rock,0.99,1.0,0.99
333,2019-03-21,12,Roberto                                           ,Almeida                                           ,Brazil,Rio de Janeiro,2151,"Hail, Hail",Rock,0.99,1.0,0.99
334,2019-03-21,53,Phil                                              ,Hughes                                            ,United Kingdom,London,1942,Ace Of Spades,Metal,0.99,1.0,0.99
334,2019-03-21,53,Phil                                              ,Hughes                                            ,United Kingdom,London,1943,Love Me Like A Reptile,Metal,0.99,1.0,0.99
334,2019-03-21,53,Phil                                              ,Hughes                                            ,United Kingdom,London,1944,Shoot You In The Back,Metal,0.99,1.0,0.99
334,2019-03-21,53,Phil                                              ,Hughes                                            ,United Kingdom,London,1945,Live To Win,Metal,0.99,1.0,0.99
334,2019-03-21,53,Phil                                              ,Hughes                                            ,United Kingdom,London,1946,Fast And Loose,Metal,0.99,1.0,0.99
334,2019-03-21,53,Phil                                              ,Hughes                                            ,United Kingdom,London,1947,(We Are) The Road Crew,Metal,0.99,1.0,0.99
334,2019-03-21,53,Phil                                              ,Hughes                                            ,United Kingdom,London,1948,Fire Fire,Metal,0.99,1.0,0.99
334,2019-03-21,53,Phil                                              ,Hughes                                            ,United Kingdom,London,1949,Jailbait,Metal,0.99,1.0,0.99
334,2019-03-21,53,Phil                                              ,Hughes                                            ,United Kingdom,London,1950,Dance,Metal,0.99,1.0,0.99
334,2019-03-21,53,Phil                                              ,Hughes                                            ,United Kingdom,London,1951,Bite The Bullet,Metal,0.99,1.0,0.99
334,2019-03-21,53,Phil                                              ,Hughes                                            ,United Kingdom,London,1952,The Chase Is Better Than The Catch,Metal,0.99,1.0,0.99
334,2019-03-21,53,Phil                                              ,Hughes                                            ,United Kingdom,London,1953,The Hammer,Metal,0.99,1.0,0.99
334,2019-03-21,53,Phil                                              ,Hughes                                            ,United Kingdom,London,1954,Dirty Love,Metal,0.99,1.0,0.99
334,2019-03-21,53,Phil                                              ,Hughes                                            ,United Kingdom,London,1955,Please Don't Touch,Metal,0.99,1.0,0.99
334,2019-03-21,53,Phil                                              ,Hughes                                            ,United Kingdom,London,1956,Emergency,Metal,0.99,1.0,0.99
335,2019-03-23,57,Luis                                              ,Rojas                                             ,Chile,Santiago,2391,Around The World,Rock,0.99,1.0,0.99
335,2019-03-23,57,Luis                                              ,Rojas                                             ,Chile,Santiago,2392,Parallel Universe,Rock,0.99,1.0,0.99
335,2019-03-23,57,Luis                                              ,Rojas                                             ,Chile,Santiago,2393,Scar Tissue,Rock,0.99,1.0,0.99
335,2019-03-23,57,Luis                                              ,Rojas                                             ,Chile,Santiago,2394,Otherside,Rock,0.99,1.0,0.99
335,2019-03-23,57,Luis                                              ,Rojas                                             ,Chile,Santiago,2395,Get On Top,Rock,0.99,1.0,0.99
335,2019-03-23,57,Luis                                              ,Rojas                                             ,Chile,Santiago,2396,Californication,Rock,0.99,1.0,0.99
335,2019-03-23,57,Luis                                              ,Rojas                                             ,Chile,Santiago,2397,Easily,Rock,0.99,1.0,0.99
335,2019-03-23,57,Luis                                              ,Rojas                                             ,Chile,Santiago,2398,Porcelain,Rock,0.99,1.0,0.99
335,2019-03-23,57,Luis                                              ,Rojas                                             ,Chile,Santiago,2399,Emit Remmus,Rock,0.99,1.0,0.99
335,2019-03-23,57,Luis                                              ,Rojas                                             ,Chile,Santiago,2400,I Like Dirt,Rock,0.99,1.0,0.99
335,2019-03-23,57,Luis                                              ,Rojas                                             ,Chile,Santiago,2401,This Velvet Glove,Rock,0.99,1.0,0.99
335,2019-03-23,57,Luis                                              ,Rojas                                             ,Chile,Santiago,2402,Savior,Rock,0.99,1.0,0.99
335,2019-03-23,57,Luis                                              ,Rojas                                             ,Chile,Santiago,2403,Purple Stain,Rock,0.99,1.0,0.99
335,2019-03-23,57,Luis                                              ,Rojas                                             ,Chile,Santiago,2404,Right On Time,Rock,0.99,1.0,0.99
335,2019-03-23,57,Luis                                              ,Rojas                                             ,Chile,Santiago,2405,Road Trippin',Rock,0.99,1.0,0.99
336,2019-03-31,6,Helena                                            ,Holý                                              ,Czech Republic,Prague,2358,The Power Of Equality,Alternative & Punk,0.99,1.0,0.99
336,2019-03-31,6,Helena                                            ,Holý                                              ,Czech Republic,Prague,2359,If You Have To Ask,Alternative & Punk,0.99,1.0,0.99
336,2019-03-31,6,Helena                                            ,Holý                                              ,Czech Republic,Prague,2360,Breaking The Girl,Alternative & Punk,0.99,1.0,0.99
336,2019-03-31,6,Helena                                            ,Holý                                              ,Czech Republic,Prague,2361,Funky Monks,Alternative & Punk,0.99,1.0,0.99
336,2019-03-31,6,Helena                                            ,Holý                                              ,Czech Republic,Prague,2362,Suck My Kiss,Alternative & Punk,0.99,1.0,0.99
336,2019-03-31,6,Helena                                            ,Holý                                              ,Czech Republic,Prague,2363,I Could Have Lied,Alternative & Punk,0.99,1.0,0.99
336,2019-03-31,6,Helena                                            ,Holý                                              ,Czech Republic,Prague,2365,The Righteous & The Wicked,Alternative & Punk,0.99,1.0,0.99
336,2019-03-31,6,Helena                                            ,Holý                                              ,Czech Republic,Prague,2366,Give It Away,Alternative & Punk,0.99,1.0,0.99
336,2019-03-31,6,Helena                                            ,Holý                                              ,Czech Republic,Prague,2367,Blood Sugar Sex Magik,Alternative & Punk,0.99,1.0,0.99
336,2019-03-31,6,Helena                                            ,Holý                                              ,Czech Republic,Prague,2368,Under The Bridge,Alternative & Punk,0.99,1.0,0.99
336,2019-03-31,6,Helena                                            ,Holý                                              ,Czech Republic,Prague,2369,Naked In The Rain,Alternative & Punk,0.99,1.0,0.99
336,2019-03-31,6,Helena                                            ,Holý                                              ,Czech Republic,Prague,2370,Apache Rose Peacock,Alternative & Punk,0.99,1.0,0.99
336,2019-03-31,6,Helena                                            ,Holý                                              ,Czech Republic,Prague,2371,The Greeting Song,Alternative & Punk,0.99,1.0,0.99
336,2019-03-31,6,Helena                                            ,Holý                                              ,Czech Republic,Prague,2372,My Lovely Man,Alternative & Punk,0.99,1.0,0.99
336,2019-03-31,6,Helena                                            ,Holý                                              ,Czech Republic,Prague,2373,Sir Psycho Sexy,Alternative & Punk,0.99,1.0,0.99
336,2019-03-31,6,Helena                                            ,Holý                                              ,Czech Republic,Prague,2374,They're Red Hot,Alternative & Punk,0.99,1.0,0.99
337,2019-04-03,7,Astrid                                            ,Gruber                                            ,Austria,Vienne,2682,Saint Of Me,Rock,0.99,1.0,0.99
337,2019-04-03,7,Astrid                                            ,Gruber                                            ,Austria,Vienne,2555,B.Y.O.B.,Metal,0.99,1.0,0.99
337,2019-04-03,7,Astrid                                            ,Gruber                                            ,Austria,Vienne,1471,Move On,Alternative & Punk,0.99,1.0,0.99
337,2019-04-03,7,Astrid                                            ,Gruber                                            ,Austria,Vienne,1479,Foxy Lady,Rock,0.99,1.0,0.99
337,2019-04-03,7,Astrid                                            ,Gruber                                            ,Austria,Vienne,2669,Get Off Of My Cloud,Rock,0.99,1.0,0.99
337,2019-04-03,7,Astrid                                            ,Gruber                                            ,Austria,Vienne,804,Fortuneteller,Rock,0.99,1.0,0.99
337,2019-04-03,7,Astrid                                            ,Gruber                                            ,Austria,Vienne,1994,Spank Thru,Rock,0.99,1.0,0.99
337,2019-04-03,7,Astrid                                            ,Gruber                                            ,Austria,Vienne,1487,Third Stone From The Sun,Rock,0.99,1.0,0.99
337,2019-04-03,7,Astrid                                            ,Gruber                                            ,Austria,Vienne,2604,The Magnificent Seven,Alternative & Punk,0.99,1.0,0.99
337,2019-04-03,7,Astrid                                            ,Gruber                                            ,Austria,Vienne,1496,Surfing with the Alien,Rock,0.99,1.0,0.99
338,2019-04-03,58,Manoj                                             ,Pareek                                            ,India,Delhi,1523,My Brother,Latin,0.99,1.0,0.99
338,2019-04-03,58,Manoj                                             ,Pareek                                            ,India,Delhi,3295,Rhythm of Love,Rock,0.99,1.0,0.99
338,2019-04-03,58,Manoj                                             ,Pareek                                            ,India,Delhi,2414,Closer To The Heart,Rock,0.99,1.0,0.99
338,2019-04-03,58,Manoj                                             ,Pareek                                            ,India,Delhi,3100,Year to the Day,Rock,0.99,1.0,0.99
338,2019-04-03,58,Manoj                                             ,Pareek                                            ,India,Delhi,3336,War Pigs,Alternative,0.99,1.0,0.99
339,2019-04-07,36,Hannah                                            ,Schneider                                         ,Germany,Berlin,696,"Suzie-Q, Pt. 2",Rock,0.99,1.0,0.99
339,2019-04-07,36,Hannah                                            ,Schneider                                         ,Germany,Berlin,2558,Radio/Video,Metal,0.99,1.0,0.99
339,2019-04-07,36,Hannah                                            ,Schneider                                         ,Germany,Berlin,1004,Over And Out,Rock,0.99,1.0,0.99
339,2019-04-07,36,Hannah                                            ,Schneider                                         ,Germany,Berlin,2600,Train In Vain,Alternative & Punk,0.99,1.0,0.99
339,2019-04-07,36,Hannah                                            ,Schneider                                         ,Germany,Berlin,2736,Boris The Spider,Rock,0.99,1.0,0.99
339,2019-04-07,36,Hannah                                            ,Schneider                                         ,Germany,Berlin,1037,Something Stupid,Easy Listening,0.99,1.0,0.99
339,2019-04-07,36,Hannah                                            ,Schneider                                         ,Germany,Berlin,995,Free Me,Rock,0.99,1.0,0.99
339,2019-04-07,36,Hannah                                            ,Schneider                                         ,Germany,Berlin,1387,22 Acacia Avenue,Metal,0.99,1.0,0.99
340,2019-04-08,48,Johannes                                          ,Van der Berg                                      ,Netherlands,Amsterdam,1051,The Girl From Ipanema,Easy Listening,0.99,1.0,0.99
340,2019-04-08,48,Johannes                                          ,Van der Berg                                      ,Netherlands,Amsterdam,1457,Half The Man,Electronica/Dance,0.99,1.0,0.99
340,2019-04-08,48,Johannes                                          ,Van der Berg                                      ,Netherlands,Amsterdam,1891,Purify,Metal,0.99,1.0,0.99
341,2019-04-09,5,R                                                 ,Madhav                                            ,Czech Republic,Prague,1520,Rapidamente,Latin,0.99,1.0,0.99
341,2019-04-09,5,R                                                 ,Madhav                                            ,Czech Republic,Prague,1521,As Dores do Mundo,Latin,0.99,1.0,0.99
341,2019-04-09,5,R                                                 ,Madhav                                            ,Czech Republic,Prague,1522,Vou Pra Ai,Latin,0.99,1.0,0.99
341,2019-04-09,5,R                                                 ,Madhav                                            ,Czech Republic,Prague,1523,My Brother,Latin,0.99,1.0,0.99
341,2019-04-09,5,R                                                 ,Madhav                                            ,Czech Republic,Prague,1524,Há Quanto Tempo,Latin,0.99,1.0,0.99
341,2019-04-09,5,R                                                 ,Madhav                                            ,Czech Republic,Prague,1525,Vício,Latin,0.99,1.0,0.99
341,2019-04-09,5,R                                                 ,Madhav                                            ,Czech Republic,Prague,1526,Encontrar Alguém,Latin,0.99,1.0,0.99
341,2019-04-09,5,R                                                 ,Madhav                                            ,Czech Republic,Prague,1527,Dance Enquanto é Tempo,Latin,0.99,1.0,0.99
341,2019-04-09,5,R                                                 ,Madhav                                            ,Czech Republic,Prague,1528,A Tarde,Latin,0.99,1.0,0.99
341,2019-04-09,5,R                                                 ,Madhav                                            ,Czech Republic,Prague,1529,Always Be All Right,Latin,0.99,1.0,0.99
341,2019-04-09,5,R                                                 ,Madhav                                            ,Czech Republic,Prague,1530,Sem Sentido,Latin,0.99,1.0,0.99
341,2019-04-09,5,R                                                 ,Madhav                                            ,Czech Republic,Prague,1531,Onibusfobia,Latin,0.99,1.0,0.99
342,2019-04-13,3,François                                          ,Tremblay                                          ,Canada,Montréal,2507,Flower,Rock,0.99,1.0,0.99
342,2019-04-13,3,François                                          ,Tremblay                                          ,Canada,Montréal,1679,Dezesseis,Latin,0.99,1.0,0.99
342,2019-04-13,3,François                                          ,Tremblay                                          ,Canada,Montréal,2208,Dissident,Rock,0.99,1.0,0.99
343,2019-04-13,2,Leonie                                            ,Köhler                                            ,Germany,Stuttgart,2647,End Of The Night,Rock,0.99,1.0,0.99
343,2019-04-13,2,Leonie                                            ,Köhler                                            ,Germany,Stuttgart,161,Snowblind,Metal,0.99,1.0,0.99
343,2019-04-13,2,Leonie                                            ,Köhler                                            ,Germany,Stuttgart,2237,Eclipse,Rock,0.99,1.0,0.99
343,2019-04-13,2,Leonie                                            ,Köhler                                            ,Germany,Stuttgart,2677,You Got Me Rocking,Rock,0.99,1.0,0.99
343,2019-04-13,2,Leonie                                            ,Köhler                                            ,Germany,Stuttgart,437,Black Diamond,Rock,0.99,1.0,0.99
343,2019-04-13,2,Leonie                                            ,Köhler                                            ,Germany,Stuttgart,1979,Don't Go Away Mad (Just Go Away),Metal,0.99,1.0,0.99
344,2019-04-15,3,François                                          ,Tremblay                                          ,Canada,Montréal,1479,Foxy Lady,Rock,0.99,1.0,0.99
344,2019-04-15,3,François                                          ,Tremblay                                          ,Canada,Montréal,1480,Manic Depression,Rock,0.99,1.0,0.99
344,2019-04-15,3,François                                          ,Tremblay                                          ,Canada,Montréal,1481,Red House,Rock,0.99,1.0,0.99
344,2019-04-15,3,François                                          ,Tremblay                                          ,Canada,Montréal,1482,Can You See Me,Rock,0.99,1.0,0.99
344,2019-04-15,3,François                                          ,Tremblay                                          ,Canada,Montréal,1483,Love Or Confusion,Rock,0.99,1.0,0.99
344,2019-04-15,3,François                                          ,Tremblay                                          ,Canada,Montréal,1484,I Don't Live Today,Rock,0.99,1.0,0.99
344,2019-04-15,3,François                                          ,Tremblay                                          ,Canada,Montréal,1485,May This Be Love,Rock,0.99,1.0,0.99
344,2019-04-15,3,François                                          ,Tremblay                                          ,Canada,Montréal,1486,Fire,Rock,0.99,1.0,0.99
344,2019-04-15,3,François                                          ,Tremblay                                          ,Canada,Montréal,1487,Third Stone From The Sun,Rock,0.99,1.0,0.99
344,2019-04-15,3,François                                          ,Tremblay                                          ,Canada,Montréal,1488,Remember,Rock,0.99,1.0,0.99
344,2019-04-15,3,François                                          ,Tremblay                                          ,Canada,Montréal,1489,Are You Experienced?,Rock,0.99,1.0,0.99
344,2019-04-15,3,François                                          ,Tremblay                                          ,Canada,Montréal,1490,Hey Joe,Rock,0.99,1.0,0.99
344,2019-04-15,3,François                                          ,Tremblay                                          ,Canada,Montréal,1491,Stone Free,Rock,0.99,1.0,0.99
344,2019-04-15,3,François                                          ,Tremblay                                          ,Canada,Montréal,1492,Purple Haze,Rock,0.99,1.0,0.99
344,2019-04-15,3,François                                          ,Tremblay                                          ,Canada,Montréal,1493,51st Anniversary,Rock,0.99,1.0,0.99
344,2019-04-15,3,François                                          ,Tremblay                                          ,Canada,Montréal,1494,The Wind Cries Mary,Rock,0.99,1.0,0.99
344,2019-04-15,3,François                                          ,Tremblay                                          ,Canada,Montréal,1495,Highway Chile,Rock,0.99,1.0,0.99
345,2019-04-16,50,Enrique                                           ,Muñoz                                             ,Spain,Madrid,1010,Low,Alternative & Punk,0.99,1.0,0.99
345,2019-04-16,50,Enrique                                           ,Muñoz                                             ,Spain,Madrid,3094,One I Want,Rock,0.99,1.0,0.99
345,2019-04-16,50,Enrique                                           ,Muñoz                                             ,Spain,Madrid,1110,Drão,Latin,0.99,1.0,0.99
345,2019-04-16,50,Enrique                                           ,Muñoz                                             ,Spain,Madrid,2106,Suicide Solution (With Guitar Solo),Metal,0.99,1.0,0.99
345,2019-04-16,50,Enrique                                           ,Muñoz                                             ,Spain,Madrid,35,Eat The Rich,Rock,0.99,1.0,0.99
345,2019-04-16,50,Enrique                                           ,Muñoz                                             ,Spain,Madrid,1145,Whatsername,Alternative & Punk,0.99,1.0,0.99
345,2019-04-16,50,Enrique                                           ,Muñoz                                             ,Spain,Madrid,1292,Flight Of Icarus,Metal,0.99,1.0,0.99
345,2019-04-16,50,Enrique                                           ,Muñoz                                             ,Spain,Madrid,1876,For Whom The Bell Tolls,Metal,0.99,1.0,0.99
345,2019-04-16,50,Enrique                                           ,Muñoz                                             ,Spain,Madrid,3478,Slowness,Alternative,0.99,1.0,0.99
345,2019-04-16,50,Enrique                                           ,Muñoz                                             ,Spain,Madrid,3150,Coração Em Desalinho,Latin,0.99,1.0,0.99
346,2019-04-17,40,Dominique                                         ,Lefebvre                                          ,France,Paris,2599,London Calling,Alternative & Punk,0.99,1.0,0.99
346,2019-04-17,40,Dominique                                         ,Lefebvre                                          ,France,Paris,1787,You Sure Love To Ball,R&B/Soul,0.99,1.0,0.99
346,2019-04-17,40,Dominique                                         ,Lefebvre                                          ,France,Paris,2563,Old School Hollywood,Metal,0.99,1.0,0.99
346,2019-04-17,40,Dominique                                         ,Lefebvre                                          ,France,Paris,3051,Until My Dying Day,Reggae,0.99,1.0,0.99
346,2019-04-17,40,Dominique                                         ,Lefebvre                                          ,France,Paris,2746,5.15,Rock,0.99,1.0,0.99
346,2019-04-17,40,Dominique                                         ,Lefebvre                                          ,France,Paris,151,Behind The Wall Of Sleep,Metal,0.99,1.0,0.99
347,2019-04-17,44,Terhi                                             ,Hämäläinen                                        ,Finland,Helsinki,16,Dog Eat Dog,Rock,0.99,1.0,0.99
347,2019-04-17,44,Terhi                                             ,Hämäläinen                                        ,Finland,Helsinki,62,Real Thing,Rock,0.99,1.0,0.99
347,2019-04-17,44,Terhi                                             ,Hämäläinen                                        ,Finland,Helsinki,2944,Wild Honey,Rock,0.99,1.0,0.99
347,2019-04-17,44,Terhi                                             ,Hämäläinen                                        ,Finland,Helsinki,1554,Turbo Lover,Metal,0.99,1.0,0.99
348,2019-04-18,35,Madalena                                          ,Sampaio                                           ,Portugal,Porto,2563,Old School Hollywood,Metal,0.99,1.0,0.99
348,2019-04-18,35,Madalena                                          ,Sampaio                                           ,Portugal,Porto,995,Free Me,Rock,0.99,1.0,0.99
348,2019-04-18,35,Madalena                                          ,Sampaio                                           ,Portugal,Porto,9,Snowballed,Rock,0.99,1.0,0.99
348,2019-04-18,35,Madalena                                          ,Sampaio                                           ,Portugal,Porto,1798,Dr. Heckyll & Mr. Jive,Rock,0.99,1.0,0.99
348,2019-04-18,35,Madalena                                          ,Sampaio                                           ,Portugal,Porto,944,A Small Victory,Alternative & Punk,0.99,1.0,0.99
348,2019-04-18,35,Madalena                                          ,Sampaio                                           ,Portugal,Porto,2235,Any Colour You Like,Rock,0.99,1.0,0.99
348,2019-04-18,35,Madalena                                          ,Sampaio                                           ,Portugal,Porto,1483,Love Or Confusion,Rock,0.99,1.0,0.99
348,2019-04-18,35,Madalena                                          ,Sampaio                                           ,Portugal,Porto,2377,This Is The Place,Rock,0.99,1.0,0.99
348,2019-04-18,35,Madalena                                          ,Sampaio                                           ,Portugal,Porto,593,Do You Have Other Loves?,Latin,0.99,1.0,0.99
349,2019-04-21,37,Fynn                                              ,Zimmermann                                        ,Germany,Frankfurt,1712,Heaven Help,Rock,0.99,1.0,0.99
350,2019-04-21,44,Terhi                                             ,Hämäläinen                                        ,Finland,Helsinki,1017,Overdrive,Alternative & Punk,0.99,1.0,0.99
350,2019-04-21,44,Terhi                                             ,Hämäläinen                                        ,Finland,Helsinki,3042,Here I Am (Come And Take Me),Reggae,0.99,1.0,0.99
350,2019-04-21,44,Terhi                                             ,Hämäläinen                                        ,Finland,Helsinki,2641,The Crystal Ship,Rock,0.99,1.0,0.99
351,2019-04-23,57,Luis                                              ,Rojas                                             ,Chile,Santiago,83,Wherever I May Roam,Metal,0.99,1.0,0.99
351,2019-04-23,57,Luis                                              ,Rojas                                             ,Chile,Santiago,998,End Over End,Rock,0.99,1.0,0.99
351,2019-04-23,57,Luis                                              ,Rojas                                             ,Chile,Santiago,1149,Out Ta Get Me,Rock,0.99,1.0,0.99
351,2019-04-23,57,Luis                                              ,Rojas                                             ,Chile,Santiago,1787,You Sure Love To Ball,R&B/Soul,0.99,1.0,0.99
351,2019-04-23,57,Luis                                              ,Rojas                                             ,Chile,Santiago,1143,Wake Me Up When September Ends,Alternative & Punk,0.99,1.0,0.99
351,2019-04-23,57,Luis                                              ,Rojas                                             ,Chile,Santiago,26,What It Takes,Rock,0.99,1.0,0.99
351,2019-04-23,57,Luis                                              ,Rojas                                             ,Chile,Santiago,1148,Nightrain,Rock,0.99,1.0,0.99
351,2019-04-23,57,Luis                                              ,Rojas                                             ,Chile,Santiago,2208,Dissident,Rock,0.99,1.0,0.99
351,2019-04-23,57,Luis                                              ,Rojas                                             ,Chile,Santiago,2640,Soul Kitchen,Rock,0.99,1.0,0.99
351,2019-04-23,57,Luis                                              ,Rojas                                             ,Chile,Santiago,2757,New Love,Latin,0.99,1.0,0.99
352,2019-04-23,10,Eduardo                                           ,Martins                                           ,Brazil,São Paulo,2433,The Way You Do To Mer,Rock,0.99,1.0,0.99
353,2019-04-28,28,Julia                                             ,Barnett                                           ,USA,Salt Lake City,687,Run Through The Jungle,Rock,0.99,1.0,0.99
353,2019-04-28,28,Julia                                             ,Barnett                                           ,USA,Salt Lake City,2258,Bicycle Race,Rock,0.99,1.0,0.99
353,2019-04-28,28,Julia                                             ,Barnett                                           ,USA,Salt Lake City,2297,The Wake-Up Bomb,Rock,0.99,1.0,0.99
353,2019-04-28,28,Julia                                             ,Barnett                                           ,USA,Salt Lake City,1470,Get What You Need,Alternative & Punk,0.99,1.0,0.99
353,2019-04-28,28,Julia                                             ,Barnett                                           ,USA,Salt Lake City,162,Cornucopia,Metal,0.99,1.0,0.99
353,2019-04-28,28,Julia                                             ,Barnett                                           ,USA,Salt Lake City,2330,Cuyahoga,Alternative & Punk,0.99,1.0,0.99
353,2019-04-28,28,Julia                                             ,Barnett                                           ,USA,Salt Lake City,605,Generique,Jazz,0.99,1.0,0.99
353,2019-04-28,28,Julia                                             ,Barnett                                           ,USA,Salt Lake City,482,Good Riddance (Time Of Your Life),Alternative & Punk,0.99,1.0,0.99
353,2019-04-28,28,Julia                                             ,Barnett                                           ,USA,Salt Lake City,2270,We Are The Champions,Rock,0.99,1.0,0.99
353,2019-04-28,28,Julia                                             ,Barnett                                           ,USA,Salt Lake City,1470,Get What You Need,Alternative & Punk,0.99,1.0,0.99
354,2019-05-02,9,Kara                                              ,Nielsen                                           ,Denmark,Copenhagen,2641,The Crystal Ship,Rock,0.99,1.0,0.99
354,2019-05-02,9,Kara                                              ,Nielsen                                           ,Denmark,Copenhagen,1387,22 Acacia Avenue,Metal,0.99,1.0,0.99
354,2019-05-02,9,Kara                                              ,Nielsen                                           ,Denmark,Copenhagen,1462,Scam,Electronica/Dance,0.99,1.0,0.99
354,2019-05-02,9,Kara                                              ,Nielsen                                           ,Denmark,Copenhagen,1470,Get What You Need,Alternative & Punk,0.99,1.0,0.99
354,2019-05-02,9,Kara                                              ,Nielsen                                           ,Denmark,Copenhagen,1437,"If I Like It, I Do It",Rock,0.99,1.0,0.99
355,2019-05-04,43,Isabelle                                          ,Mercier                                           ,France,Dijon,2645,Back Door Man,Rock,0.99,1.0,0.99
355,2019-05-04,43,Isabelle                                          ,Mercier                                           ,France,Dijon,492,Don't You Cry,Rock,0.99,1.0,0.99
355,2019-05-04,43,Isabelle                                          ,Mercier                                           ,France,Dijon,13,Night Of The Long Knives,Rock,0.99,1.0,0.99
355,2019-05-04,43,Isabelle                                          ,Mercier                                           ,France,Dijon,51,We Die Young,Rock,0.99,1.0,0.99
355,2019-05-04,43,Isabelle                                          ,Mercier                                           ,France,Dijon,156,Wheels Of Confusion / The Straightener,Metal,0.99,1.0,0.99
355,2019-05-04,43,Isabelle                                          ,Mercier                                           ,France,Dijon,1942,Ace Of Spades,Metal,0.99,1.0,0.99
355,2019-05-04,43,Isabelle                                          ,Mercier                                           ,France,Dijon,2560,Violent Pornography,Metal,0.99,1.0,0.99
356,2019-05-04,55,Mark                                              ,Taylor                                            ,Australia,Sidney,51,We Die Young,Rock,0.99,1.0,0.99
356,2019-05-04,55,Mark                                              ,Taylor                                            ,Australia,Sidney,2641,The Crystal Ship,Rock,0.99,1.0,0.99
356,2019-05-04,55,Mark                                              ,Taylor                                            ,Australia,Sidney,3401,Show Me How to Live (Live at the Quart Festival),Alternative,0.99,1.0,0.99
356,2019-05-04,55,Mark                                              ,Taylor                                            ,Australia,Sidney,699,Tombstone Shadow,Rock,0.99,1.0,0.99
356,2019-05-04,55,Mark                                              ,Taylor                                            ,Australia,Sidney,1050,That's Life,Easy Listening,0.99,1.0,0.99
356,2019-05-04,55,Mark                                              ,Taylor                                            ,Australia,Sidney,1132,Serenity,Metal,0.99,1.0,0.99
356,2019-05-04,55,Mark                                              ,Taylor                                            ,Australia,Sidney,486,Warning,Alternative & Punk,0.99,1.0,0.99
357,2019-05-08,13,Fernanda                                          ,Ramos                                             ,Brazil,Brasília,2936,Acrobat,Rock,0.99,1.0,0.99
357,2019-05-08,13,Fernanda                                          ,Ramos                                             ,Brazil,Brasília,469,Poprocks And Coke,Alternative & Punk,0.99,1.0,0.99
357,2019-05-08,13,Fernanda                                          ,Ramos                                             ,Brazil,Brasília,1012,Times Like These,Alternative & Punk,0.99,1.0,0.99
358,2019-05-12,19,Tim                                               ,Goyer                                             ,USA,Cupertino,2663,Message in a Bottle (new classic rock mix),Rock,0.99,1.0,0.99
358,2019-05-12,19,Tim                                               ,Goyer                                             ,USA,Cupertino,93,Exploder,Rock,0.99,1.0,0.99
358,2019-05-12,19,Tim                                               ,Goyer                                             ,USA,Cupertino,2012,Stay Away,Rock,0.99,1.0,0.99
358,2019-05-12,19,Tim                                               ,Goyer                                             ,USA,Cupertino,1121,Straight Out Of Line,Metal,0.99,1.0,0.99
358,2019-05-12,19,Tim                                               ,Goyer                                             ,USA,Cupertino,1995,Scentless Apprentice,Rock,0.99,1.0,0.99
358,2019-05-12,19,Tim                                               ,Goyer                                             ,USA,Cupertino,2661,Wrapped Around Your Finger,Rock,0.99,1.0,0.99
358,2019-05-12,19,Tim                                               ,Goyer                                             ,USA,Cupertino,1501,Hill of the Skull,Rock,0.99,1.0,0.99
359,2019-05-12,43,Isabelle                                          ,Mercier                                           ,France,Dijon,2663,Message in a Bottle (new classic rock mix),Rock,0.99,1.0,0.99
359,2019-05-12,43,Isabelle                                          ,Mercier                                           ,France,Dijon,999,Still,Rock,0.99,1.0,0.99
359,2019-05-12,43,Isabelle                                          ,Mercier                                           ,France,Dijon,1038,Moon River,Easy Listening,0.99,1.0,0.99
359,2019-05-12,43,Isabelle                                          ,Mercier                                           ,France,Dijon,689,Long As I Can See The Light,Rock,0.99,1.0,0.99
359,2019-05-12,43,Isabelle                                          ,Mercier                                           ,France,Dijon,35,Eat The Rich,Rock,0.99,1.0,0.99
359,2019-05-12,43,Isabelle                                          ,Mercier                                           ,France,Dijon,39,You Oughta Know,Rock,0.99,1.0,0.99
359,2019-05-12,43,Isabelle                                          ,Mercier                                           ,France,Dijon,997,The Deepest Blues Are Black,Rock,0.99,1.0,0.99
359,2019-05-12,43,Isabelle                                          ,Mercier                                           ,France,Dijon,426,Breakthru,Rock,0.99,1.0,0.99
359,2019-05-12,43,Isabelle                                          ,Mercier                                           ,France,Dijon,1547,Living After Midnight,Metal,0.99,1.0,0.99
360,2019-05-15,45,Ladislav                                          ,Kovács                                            ,Hungary,Budapest,3359,"Symphony No. 3 in E-flat major, Op. 55, Eroica - Scherzo: Allegro Vivace",Classical,0.99,1.0,0.99
360,2019-05-15,45,Ladislav                                          ,Kovács                                            ,Hungary,Budapest,2549,Piece Of Pie,Rock,0.99,1.0,0.99
360,2019-05-15,45,Ladislav                                          ,Kovács                                            ,Hungary,Budapest,2514,Spoonman,Rock,0.99,1.0,0.99
360,2019-05-15,45,Ladislav                                          ,Kovács                                            ,Hungary,Budapest,2367,Blood Sugar Sex Magik,Alternative & Punk,0.99,1.0,0.99
361,2019-05-18,5,R                                                 ,Madhav                                            ,Czech Republic,Prague,2308,Low Desert,Rock,0.99,1.0,0.99
361,2019-05-18,5,R                                                 ,Madhav                                            ,Czech Republic,Prague,1991,Been A Son,Rock,0.99,1.0,0.99
362,2019-05-24,29,Robert                                            ,Brown                                             ,Canada,Toronto,695,Walking On The Water,Rock,0.99,1.0,0.99
362,2019-05-24,29,Robert                                            ,Brown                                             ,Canada,Toronto,696,"Suzie-Q, Pt. 2",Rock,0.99,1.0,0.99
362,2019-05-24,29,Robert                                            ,Brown                                             ,Canada,Toronto,697,Born On The Bayou,Rock,0.99,1.0,0.99
362,2019-05-24,29,Robert                                            ,Brown                                             ,Canada,Toronto,698,Good Golly Miss Molly,Rock,0.99,1.0,0.99
362,2019-05-24,29,Robert                                            ,Brown                                             ,Canada,Toronto,699,Tombstone Shadow,Rock,0.99,1.0,0.99
362,2019-05-24,29,Robert                                            ,Brown                                             ,Canada,Toronto,700,Wrote A Song For Everyone,Rock,0.99,1.0,0.99
362,2019-05-24,29,Robert                                            ,Brown                                             ,Canada,Toronto,701,Night Time Is The Right Time,Rock,0.99,1.0,0.99
362,2019-05-24,29,Robert                                            ,Brown                                             ,Canada,Toronto,702,Cotton Fields,Rock,0.99,1.0,0.99
362,2019-05-24,29,Robert                                            ,Brown                                             ,Canada,Toronto,703,It Came Out Of The Sky,Rock,0.99,1.0,0.99
362,2019-05-24,29,Robert                                            ,Brown                                             ,Canada,Toronto,704,Don't Look Now,Rock,0.99,1.0,0.99
362,2019-05-24,29,Robert                                            ,Brown                                             ,Canada,Toronto,705,The Midnight Special,Rock,0.99,1.0,0.99
362,2019-05-24,29,Robert                                            ,Brown                                             ,Canada,Toronto,706,Before You Accuse Me,Rock,0.99,1.0,0.99
362,2019-05-24,29,Robert                                            ,Brown                                             ,Canada,Toronto,707,My Baby Left Me,Rock,0.99,1.0,0.99
362,2019-05-24,29,Robert                                            ,Brown                                             ,Canada,Toronto,708,Pagan Baby,Rock,0.99,1.0,0.99
362,2019-05-24,29,Robert                                            ,Brown                                             ,Canada,Toronto,709,(Wish I Could) Hideaway,Rock,0.99,1.0,0.99
362,2019-05-24,29,Robert                                            ,Brown                                             ,Canada,Toronto,710,It's Just A Thought,Rock,0.99,1.0,0.99
362,2019-05-24,29,Robert                                            ,Brown                                             ,Canada,Toronto,711,Molina,Rock,0.99,1.0,0.99
362,2019-05-24,29,Robert                                            ,Brown                                             ,Canada,Toronto,712,Born To Move,Rock,0.99,1.0,0.99
362,2019-05-24,29,Robert                                            ,Brown                                             ,Canada,Toronto,713,Lookin' For A Reason,Rock,0.99,1.0,0.99
362,2019-05-24,29,Robert                                            ,Brown                                             ,Canada,Toronto,714,Hello Mary Lou,Rock,0.99,1.0,0.99
363,2019-05-24,38,Niklas                                            ,Schröder                                          ,Germany,Berlin,857,Álibi,Latin,0.99,1.0,0.99
363,2019-05-24,38,Niklas                                            ,Schröder                                          ,Germany,Berlin,3466,Rehab (Hot Chip Remix),R&B/Soul,0.99,1.0,0.99
363,2019-05-24,38,Niklas                                            ,Schröder                                          ,Germany,Berlin,433,Friends Will Be Friends,Rock,0.99,1.0,0.99
364,2019-05-26,26,Richard                                           ,Cunningham                                        ,USA,Fort Worth,3268,Beautiful Boy,Pop,0.99,1.0,0.99
364,2019-05-26,26,Richard                                           ,Cunningham                                        ,USA,Fort Worth,2368,Under The Bridge,Alternative & Punk,0.99,1.0,0.99
364,2019-05-26,26,Richard                                           ,Cunningham                                        ,USA,Fort Worth,2322,So Central Rain,Alternative & Punk,0.99,1.0,0.99
364,2019-05-26,26,Richard                                           ,Cunningham                                        ,USA,Fort Worth,1981,Smokin' in The Boys Room,Metal,0.99,1.0,0.99
364,2019-05-26,26,Richard                                           ,Cunningham                                        ,USA,Fort Worth,10,Evil Walks,Rock,0.99,1.0,0.99
364,2019-05-26,26,Richard                                           ,Cunningham                                        ,USA,Fort Worth,222,Vida Boa,Latin,0.99,1.0,0.99
365,2019-05-27,28,Julia                                             ,Barnett                                           ,USA,Salt Lake City,3437,"Piano Sonata No. 14 in C Sharp Minor, Op. 27, No. 2, Moonlight: I. Adagio sostenuto",Classical,0.99,1.0,0.99
365,2019-05-27,28,Julia                                             ,Barnett                                           ,USA,Salt Lake City,2323,Don't Go Back To Rockville,Alternative & Punk,0.99,1.0,0.99
365,2019-05-27,28,Julia                                             ,Barnett                                           ,USA,Salt Lake City,172,The Real Problem,Alternative & Punk,0.99,1.0,0.99
365,2019-05-27,28,Julia                                             ,Barnett                                           ,USA,Salt Lake City,157,Tomorrow's Dream,Metal,0.99,1.0,0.99
366,2019-05-27,26,Richard                                           ,Cunningham                                        ,USA,Fort Worth,479,Walking Contradiction,Alternative & Punk,0.99,1.0,0.99
366,2019-05-27,26,Richard                                           ,Cunningham                                        ,USA,Fort Worth,2109,Paranoid,Metal,0.99,1.0,0.99
366,2019-05-27,26,Richard                                           ,Cunningham                                        ,USA,Fort Worth,1176,Yesterdays,Metal,0.99,1.0,0.99
366,2019-05-27,26,Richard                                           ,Cunningham                                        ,USA,Fort Worth,1425,Make It Funky Pt.1,R&B/Soul,0.99,1.0,0.99
366,2019-05-27,26,Richard                                           ,Cunningham                                        ,USA,Fort Worth,195,Let Me Love You Baby,Blues,0.99,1.0,0.99
366,2019-05-27,26,Richard                                           ,Cunningham                                        ,USA,Fort Worth,2406,The Spirit Of Radio,Rock,0.99,1.0,0.99
366,2019-05-27,26,Richard                                           ,Cunningham                                        ,USA,Fort Worth,1445,Planet Home,R&B/Soul,0.99,1.0,0.99
366,2019-05-27,26,Richard                                           ,Cunningham                                        ,USA,Fort Worth,1585,Whole Lotta Love (Medley),Rock,0.99,1.0,0.99
366,2019-05-27,26,Richard                                           ,Cunningham                                        ,USA,Fort Worth,818,Anya,Rock,0.99,1.0,0.99
367,2019-05-29,40,Dominique                                         ,Lefebvre                                          ,France,Paris,1797,It's a Mistake,Rock,0.99,1.0,0.99
367,2019-05-29,40,Dominique                                         ,Lefebvre                                          ,France,Paris,2288,Stand,Alternative & Punk,0.99,1.0,0.99
367,2019-05-29,40,Dominique                                         ,Lefebvre                                          ,France,Paris,1656,For Your Life,Rock,0.99,1.0,0.99
367,2019-05-29,40,Dominique                                         ,Lefebvre                                          ,France,Paris,1162,Perfect Crime,Rock,0.99,1.0,0.99
367,2019-05-29,40,Dominique                                         ,Lefebvre                                          ,France,Paris,2740,Magic Bus,Rock,0.99,1.0,0.99
367,2019-05-29,40,Dominique                                         ,Lefebvre                                          ,France,Paris,2747,Join Together,Rock,0.99,1.0,0.99
367,2019-05-29,40,Dominique                                         ,Lefebvre                                          ,France,Paris,1782,Gonna Keep On Tryin' Till I Win Your Love,R&B/Soul,0.99,1.0,0.99
367,2019-05-29,40,Dominique                                         ,Lefebvre                                          ,France,Paris,154,Sleeping Village,Metal,0.99,1.0,0.99
368,2019-05-30,35,Madalena                                          ,Sampaio                                           ,Portugal,Porto,952,The Gentle Art Of Making Enemies,Rock,0.99,1.0,0.99
368,2019-05-30,35,Madalena                                          ,Sampaio                                           ,Portugal,Porto,3409,"Suite for Solo Cello No. 1 in G Major, BWV 1007: I. Prélude",Classical,0.99,1.0,0.99
369,2019-05-31,50,Enrique                                           ,Muñoz                                             ,Spain,Madrid,3409,"Suite for Solo Cello No. 1 in G Major, BWV 1007: I. Prélude",Classical,0.99,1.0,0.99
369,2019-05-31,50,Enrique                                           ,Muñoz                                             ,Spain,Madrid,1046,I've Got You Under My Skin,Easy Listening,0.99,1.0,0.99
369,2019-05-31,50,Enrique                                           ,Muñoz                                             ,Spain,Madrid,1122,Faceless,Metal,0.99,1.0,0.99
369,2019-05-31,50,Enrique                                           ,Muñoz                                             ,Spain,Madrid,1425,Make It Funky Pt.1,R&B/Soul,0.99,1.0,0.99
369,2019-05-31,50,Enrique                                           ,Muñoz                                             ,Spain,Madrid,2098,No More Tears,Rock,0.99,1.0,0.99
369,2019-05-31,50,Enrique                                           ,Muñoz                                             ,Spain,Madrid,1569,Rock Bottom,Rock,0.99,1.0,0.99
369,2019-05-31,50,Enrique                                           ,Muñoz                                             ,Spain,Madrid,2651,Can't Stand Losing You,Rock,0.99,1.0,0.99
369,2019-05-31,50,Enrique                                           ,Muñoz                                             ,Spain,Madrid,755,Bloodsucker,Rock,0.99,1.0,0.99
369,2019-05-31,50,Enrique                                           ,Muñoz                                             ,Spain,Madrid,1199,She Wears Black,Jazz,0.99,1.0,0.99
369,2019-05-31,50,Enrique                                           ,Muñoz                                             ,Spain,Madrid,514,"Espere Por Mim, Morena",Latin,0.99,1.0,0.99
370,2019-06-01,14,Mark                                              ,Philips                                           ,Canada,Edmonton,3266,Power to the People,Pop,0.99,1.0,0.99
370,2019-06-01,14,Mark                                              ,Philips                                           ,Canada,Edmonton,3104,Sucker Train Blues,Rock,0.99,1.0,0.99
370,2019-06-01,14,Mark                                              ,Philips                                           ,Canada,Edmonton,2223,Wanted Dread And Alive,Reggae,0.99,1.0,0.99
370,2019-06-01,14,Mark                                              ,Philips                                           ,Canada,Edmonton,1554,Turbo Lover,Metal,0.99,1.0,0.99
370,2019-06-01,14,Mark                                              ,Philips                                           ,Canada,Edmonton,3076,Right Now,Rock,0.99,1.0,0.99
370,2019-06-01,14,Mark                                              ,Philips                                           ,Canada,Edmonton,1947,(We Are) The Road Crew,Metal,0.99,1.0,0.99
370,2019-06-01,14,Mark                                              ,Philips                                           ,Canada,Edmonton,3466,Rehab (Hot Chip Remix),R&B/Soul,0.99,1.0,0.99
370,2019-06-01,14,Mark                                              ,Philips                                           ,Canada,Edmonton,1144,Homecoming / The Death Of St. Jimmy / East 12th St. / Nobody Likes You / Rock And Roll Girlfriend / We're Coming Home Again,Alternative & Punk,0.99,1.0,0.99
370,2019-06-01,14,Mark                                              ,Philips                                           ,Canada,Edmonton,922,Rollin' And Tumblin',Blues,0.99,1.0,0.99
371,2019-06-01,14,Mark                                              ,Philips                                           ,Canada,Edmonton,2410,Xanadu,Rock,0.99,1.0,0.99
372,2019-06-01,18,Michelle                                          ,Brooks                                            ,USA,New York,529,Balada Do Louco,Alternative & Punk,0.99,1.0,0.99
372,2019-06-01,18,Michelle                                          ,Brooks                                            ,USA,New York,530,Ando Meio Desligado,Alternative & Punk,0.99,1.0,0.99
372,2019-06-01,18,Michelle                                          ,Brooks                                            ,USA,New York,531,Top Top,Alternative & Punk,0.99,1.0,0.99
372,2019-06-01,18,Michelle                                          ,Brooks                                            ,USA,New York,532,Baby,Alternative & Punk,0.99,1.0,0.99
372,2019-06-01,18,Michelle                                          ,Brooks                                            ,USA,New York,533,A E O Z,Alternative & Punk,0.99,1.0,0.99
372,2019-06-01,18,Michelle                                          ,Brooks                                            ,USA,New York,534,Panis Et Circenses,Alternative & Punk,0.99,1.0,0.99
372,2019-06-01,18,Michelle                                          ,Brooks                                            ,USA,New York,535,Chão De Estrelas,Alternative & Punk,0.99,1.0,0.99
372,2019-06-01,18,Michelle                                          ,Brooks                                            ,USA,New York,536,Vida De Cachorro,Alternative & Punk,0.99,1.0,0.99
372,2019-06-01,18,Michelle                                          ,Brooks                                            ,USA,New York,537,Bat Macumba,Alternative & Punk,0.99,1.0,0.99
372,2019-06-01,18,Michelle                                          ,Brooks                                            ,USA,New York,538,Desculpe Babe,Alternative & Punk,0.99,1.0,0.99
372,2019-06-01,18,Michelle                                          ,Brooks                                            ,USA,New York,539,Rita Lee,Alternative & Punk,0.99,1.0,0.99
372,2019-06-01,18,Michelle                                          ,Brooks                                            ,USA,New York,540,"Posso Perder Minha Mulher, Minha Mãe, Desde Que Eu Tenha O Rock And Roll",Alternative & Punk,0.99,1.0,0.99
372,2019-06-01,18,Michelle                                          ,Brooks                                            ,USA,New York,541,Banho De Lua,Alternative & Punk,0.99,1.0,0.99
372,2019-06-01,18,Michelle                                          ,Brooks                                            ,USA,New York,542,Meu Refrigerador Não Funciona,Alternative & Punk,0.99,1.0,0.99
373,2019-06-01,39,Camille                                           ,Bernard                                           ,France,Paris,3365,Say Hello 2 Heaven,Alternative,0.99,1.0,0.99
373,2019-06-01,39,Camille                                           ,Bernard                                           ,France,Paris,2988,Van Diemen's Land,Rock,0.99,1.0,0.99
373,2019-06-01,39,Camille                                           ,Bernard                                           ,France,Paris,1491,Stone Free,Rock,0.99,1.0,0.99
373,2019-06-01,39,Camille                                           ,Bernard                                           ,France,Paris,139,A.N.D.R.O.T.A.Z.,Metal,0.99,1.0,0.99
374,2019-06-03,43,Isabelle                                          ,Mercier                                           ,France,Dijon,1837,Seek & Destroy,Metal,0.99,1.0,0.99
374,2019-06-03,43,Isabelle                                          ,Mercier                                           ,France,Dijon,2206,Daughter,Rock,0.99,1.0,0.99
374,2019-06-03,43,Isabelle                                          ,Mercier                                           ,France,Dijon,1845,Bleeding Me,Metal,0.99,1.0,0.99
374,2019-06-03,43,Isabelle                                          ,Mercier                                           ,France,Dijon,2323,Don't Go Back To Rockville,Alternative & Punk,0.99,1.0,0.99
374,2019-06-03,43,Isabelle                                          ,Mercier                                           ,France,Dijon,2300,E-Bow The Letter,Rock,0.99,1.0,0.99
374,2019-06-03,43,Isabelle                                          ,Mercier                                           ,France,Dijon,469,Poprocks And Coke,Alternative & Punk,0.99,1.0,0.99
375,2019-06-05,35,Madalena                                          ,Sampaio                                           ,Portugal,Porto,1268,01 - Prowler,Blues,0.99,1.0,0.99
375,2019-06-05,35,Madalena                                          ,Sampaio                                           ,Portugal,Porto,1269,02 - Sanctuary,Blues,0.99,1.0,0.99
375,2019-06-05,35,Madalena                                          ,Sampaio                                           ,Portugal,Porto,1270,03 - Remember Tomorrow,Blues,0.99,1.0,0.99
375,2019-06-05,35,Madalena                                          ,Sampaio                                           ,Portugal,Porto,1271,04 - Running Free,Blues,0.99,1.0,0.99
375,2019-06-05,35,Madalena                                          ,Sampaio                                           ,Portugal,Porto,1272,05 - Phantom of the Opera,Blues,0.99,1.0,0.99
375,2019-06-05,35,Madalena                                          ,Sampaio                                           ,Portugal,Porto,1273,06 - Transylvania,Blues,0.99,1.0,0.99
375,2019-06-05,35,Madalena                                          ,Sampaio                                           ,Portugal,Porto,1274,07 - Strange World,Blues,0.99,1.0,0.99
375,2019-06-05,35,Madalena                                          ,Sampaio                                           ,Portugal,Porto,1275,08 - Charlotte the Harlot,Blues,0.99,1.0,0.99
375,2019-06-05,35,Madalena                                          ,Sampaio                                           ,Portugal,Porto,1276,09 - Iron Maiden,Blues,0.99,1.0,0.99
376,2019-06-06,5,R                                                 ,Madhav                                            ,Czech Republic,Prague,3106,Big Machine,Rock,0.99,1.0,0.99
376,2019-06-06,5,R                                                 ,Madhav                                            ,Czech Republic,Prague,615,Little Church (Live),Jazz,0.99,1.0,0.99
376,2019-06-06,5,R                                                 ,Madhav                                            ,Czech Republic,Prague,1177,Knockin' On Heaven's Door,Metal,0.99,1.0,0.99
376,2019-06-06,5,R                                                 ,Madhav                                            ,Czech Republic,Prague,706,Before You Accuse Me,Rock,0.99,1.0,0.99
377,2019-06-09,28,Julia                                             ,Barnett                                           ,USA,Salt Lake City,49,Wake Up,Rock,0.99,1.0,0.99
377,2019-06-09,28,Julia                                             ,Barnett                                           ,USA,Salt Lake City,1463,Journey To Arnhemland,Electronica/Dance,0.99,1.0,0.99
377,2019-06-09,28,Julia                                             ,Barnett                                           ,USA,Salt Lake City,2594,Clash City Rockers,Alternative & Punk,0.99,1.0,0.99
378,2019-06-13,48,Johannes                                          ,Van der Berg                                      ,Netherlands,Amsterdam,1056,L.A. Is My Lady,Easy Listening,0.99,1.0,0.99
378,2019-06-13,48,Johannes                                          ,Van der Berg                                      ,Netherlands,Amsterdam,2332,The Finest Worksong,Alternative & Punk,0.99,1.0,0.99
378,2019-06-13,48,Johannes                                          ,Van der Berg                                      ,Netherlands,Amsterdam,3004,Pride (In The Name Of Love),Rock,0.99,1.0,0.99
378,2019-06-13,48,Johannes                                          ,Van der Berg                                      ,Netherlands,Amsterdam,2509,Hands All Over,Rock,0.99,1.0,0.99
379,2019-06-13,54,Steve                                             ,Murray                                            ,United Kingdom,Edinburgh ,2542,Dead And Bloated,Rock,0.99,1.0,0.99
379,2019-06-13,54,Steve                                             ,Murray                                            ,United Kingdom,Edinburgh ,2543,Sex Type Thing,Rock,0.99,1.0,0.99
379,2019-06-13,54,Steve                                             ,Murray                                            ,United Kingdom,Edinburgh ,2544,Wicked Garden,Rock,0.99,1.0,0.99
379,2019-06-13,54,Steve                                             ,Murray                                            ,United Kingdom,Edinburgh ,2545,No Memory,Rock,0.99,1.0,0.99
379,2019-06-13,54,Steve                                             ,Murray                                            ,United Kingdom,Edinburgh ,2546,Sin,Rock,0.99,1.0,0.99
379,2019-06-13,54,Steve                                             ,Murray                                            ,United Kingdom,Edinburgh ,2547,Naked Sunday,Rock,0.99,1.0,0.99
379,2019-06-13,54,Steve                                             ,Murray                                            ,United Kingdom,Edinburgh ,2548,Creep,Rock,0.99,1.0,0.99
379,2019-06-13,54,Steve                                             ,Murray                                            ,United Kingdom,Edinburgh ,2549,Piece Of Pie,Rock,0.99,1.0,0.99
379,2019-06-13,54,Steve                                             ,Murray                                            ,United Kingdom,Edinburgh ,2550,Plush,Rock,0.99,1.0,0.99
379,2019-06-13,54,Steve                                             ,Murray                                            ,United Kingdom,Edinburgh ,2551,Wet My Bed,Rock,0.99,1.0,0.99
379,2019-06-13,54,Steve                                             ,Murray                                            ,United Kingdom,Edinburgh ,2552,Crackerman,Rock,0.99,1.0,0.99
379,2019-06-13,54,Steve                                             ,Murray                                            ,United Kingdom,Edinburgh ,2553,Where The River Goes,Rock,0.99,1.0,0.99
380,2019-06-14,56,Diego                                             ,Gutiérrez                                         ,Argentina,Buenos Aires,1425,Make It Funky Pt.1,R&B/Soul,0.99,1.0,0.99
380,2019-06-14,56,Diego                                             ,Gutiérrez                                         ,Argentina,Buenos Aires,2330,Cuyahoga,Alternative & Punk,0.99,1.0,0.99
380,2019-06-14,56,Diego                                             ,Gutiérrez                                         ,Argentina,Buenos Aires,1250,Gates Of Tomorrow,Heavy Metal,0.99,1.0,0.99
380,2019-06-14,56,Diego                                             ,Gutiérrez                                         ,Argentina,Buenos Aires,475,J.A.R. (Jason Andrew Relva),Alternative & Punk,0.99,1.0,0.99
380,2019-06-14,56,Diego                                             ,Gutiérrez                                         ,Argentina,Buenos Aires,1448,Failling,R&B/Soul,0.99,1.0,0.99
380,2019-06-14,56,Diego                                             ,Gutiérrez                                         ,Argentina,Buenos Aires,2607,Rock The Casbah,Alternative & Punk,0.99,1.0,0.99
380,2019-06-14,56,Diego                                             ,Gutiérrez                                         ,Argentina,Buenos Aires,2382,I Could Die For You,Rock,0.99,1.0,0.99
380,2019-06-14,56,Diego                                             ,Gutiérrez                                         ,Argentina,Buenos Aires,2646,I Looked At You,Rock,0.99,1.0,0.99
380,2019-06-14,56,Diego                                             ,Gutiérrez                                         ,Argentina,Buenos Aires,1553,You've Got Another Thing Comin',Metal,0.99,1.0,0.99
380,2019-06-14,56,Diego                                             ,Gutiérrez                                         ,Argentina,Buenos Aires,1999,Polly,Rock,0.99,1.0,0.99
381,2019-06-21,56,Diego                                             ,Gutiérrez                                         ,Argentina,Buenos Aires,1133,American Idiot,Alternative & Punk,0.99,1.0,0.99
381,2019-06-21,56,Diego                                             ,Gutiérrez                                         ,Argentina,Buenos Aires,1134,Jesus Of Suburbia / City Of The Damned / I Don't Care / Dearly Beloved / Tales Of Another Broken Home,Alternative & Punk,0.99,1.0,0.99
381,2019-06-21,56,Diego                                             ,Gutiérrez                                         ,Argentina,Buenos Aires,1135,Holiday,Alternative & Punk,0.99,1.0,0.99
381,2019-06-21,56,Diego                                             ,Gutiérrez                                         ,Argentina,Buenos Aires,1136,Boulevard Of Broken Dreams,Alternative & Punk,0.99,1.0,0.99
381,2019-06-21,56,Diego                                             ,Gutiérrez                                         ,Argentina,Buenos Aires,1137,Are We The Waiting,Alternative & Punk,0.99,1.0,0.99
381,2019-06-21,56,Diego                                             ,Gutiérrez                                         ,Argentina,Buenos Aires,1138,St. Jimmy,Alternative & Punk,0.99,1.0,0.99
381,2019-06-21,56,Diego                                             ,Gutiérrez                                         ,Argentina,Buenos Aires,1139,Give Me Novacaine,Alternative & Punk,0.99,1.0,0.99
381,2019-06-21,56,Diego                                             ,Gutiérrez                                         ,Argentina,Buenos Aires,1140,She's A Rebel,Alternative & Punk,0.99,1.0,0.99
381,2019-06-21,56,Diego                                             ,Gutiérrez                                         ,Argentina,Buenos Aires,1141,Extraordinary Girl,Alternative & Punk,0.99,1.0,0.99
381,2019-06-21,56,Diego                                             ,Gutiérrez                                         ,Argentina,Buenos Aires,1142,Letterbomb,Alternative & Punk,0.99,1.0,0.99
381,2019-06-21,56,Diego                                             ,Gutiérrez                                         ,Argentina,Buenos Aires,1143,Wake Me Up When September Ends,Alternative & Punk,0.99,1.0,0.99
381,2019-06-21,56,Diego                                             ,Gutiérrez                                         ,Argentina,Buenos Aires,1144,Homecoming / The Death Of St. Jimmy / East 12th St. / Nobody Likes You / Rock And Roll Girlfriend / We're Coming Home Again,Alternative & Punk,0.99,1.0,0.99
381,2019-06-21,56,Diego                                             ,Gutiérrez                                         ,Argentina,Buenos Aires,1145,Whatsername,Alternative & Punk,0.99,1.0,0.99
382,2019-06-22,48,Johannes                                          ,Van der Berg                                      ,Netherlands,Amsterdam,1008,Razor,Rock,0.99,1.0,0.99
382,2019-06-22,48,Johannes                                          ,Van der Berg                                      ,Netherlands,Amsterdam,1483,Love Or Confusion,Rock,0.99,1.0,0.99
382,2019-06-22,48,Johannes                                          ,Van der Berg                                      ,Netherlands,Amsterdam,43,Forgiven,Rock,0.99,1.0,0.99
382,2019-06-22,48,Johannes                                          ,Van der Berg                                      ,Netherlands,Amsterdam,2307,"So Fast, So Numb",Rock,0.99,1.0,0.99
383,2019-07-03,23,John                                              ,Gordon                                            ,USA,Boston,2647,End Of The Night,Rock,0.99,1.0,0.99
383,2019-07-03,23,John                                              ,Gordon                                            ,USA,Boston,2921,Exodus (Part 1),TV Shows,0.99,1.0,0.99
383,2019-07-03,23,John                                              ,Gordon                                            ,USA,Boston,1121,Straight Out Of Line,Metal,0.99,1.0,0.99
383,2019-07-03,23,John                                              ,Gordon                                            ,USA,Boston,1030,Everlong,Rock,0.99,1.0,0.99
383,2019-07-03,23,John                                              ,Gordon                                            ,USA,Boston,1416,Night Train,R&B/Soul,0.99,1.0,0.99
383,2019-07-03,23,John                                              ,Gordon                                            ,USA,Boston,486,Warning,Alternative & Punk,0.99,1.0,0.99
383,2019-07-03,23,John                                              ,Gordon                                            ,USA,Boston,830,Two Steps Behind [Acoustic Version],Rock,0.99,1.0,0.99
383,2019-07-03,23,John                                              ,Gordon                                            ,USA,Boston,3358,One Step Beyond,Electronica/Dance,0.99,1.0,0.99
383,2019-07-03,23,John                                              ,Gordon                                            ,USA,Boston,2663,Message in a Bottle (new classic rock mix),Rock,0.99,1.0,0.99
383,2019-07-03,23,John                                              ,Gordon                                            ,USA,Boston,1140,She's A Rebel,Alternative & Punk,0.99,1.0,0.99
384,2019-07-10,50,Enrique                                           ,Muñoz                                             ,Spain,Madrid,2652,Message in a Bottle,Rock,0.99,1.0,0.99
384,2019-07-10,50,Enrique                                           ,Muñoz                                             ,Spain,Madrid,1143,Wake Me Up When September Ends,Alternative & Punk,0.99,1.0,0.99
384,2019-07-10,50,Enrique                                           ,Muñoz                                             ,Spain,Madrid,3424,"Turandot, Act III, Nessun dorma!",Classical,0.99,1.0,0.99
384,2019-07-10,50,Enrique                                           ,Muñoz                                             ,Spain,Madrid,989,In Your Honor,Rock,0.99,1.0,0.99
384,2019-07-10,50,Enrique                                           ,Muñoz                                             ,Spain,Madrid,1131,The Awakening,Metal,0.99,1.0,0.99
384,2019-07-10,50,Enrique                                           ,Muñoz                                             ,Spain,Madrid,152,N.I.B.,Metal,0.99,1.0,0.99
384,2019-07-10,50,Enrique                                           ,Muñoz                                             ,Spain,Madrid,2548,Creep,Rock,0.99,1.0,0.99
384,2019-07-10,50,Enrique                                           ,Muñoz                                             ,Spain,Madrid,1559,Diamonds And Rust (Live),Metal,0.99,1.0,0.99
384,2019-07-10,50,Enrique                                           ,Muñoz                                             ,Spain,Madrid,940,Everything's Ruined,Alternative & Punk,0.99,1.0,0.99
384,2019-07-10,50,Enrique                                           ,Muñoz                                             ,Spain,Madrid,2658,Spirit's in the Material World,Rock,0.99,1.0,0.99
384,2019-07-10,50,Enrique                                           ,Muñoz                                             ,Spain,Madrid,2236,Brain Damage,Rock,0.99,1.0,0.99
385,2019-07-11,42,Wyatt                                             ,Girard                                            ,France,Bordeaux,908,I Can't Stand It,Blues,0.99,1.0,0.99
385,2019-07-11,42,Wyatt                                             ,Girard                                            ,France,Bordeaux,1,For Those About To Rock (We Salute You),Rock,0.99,1.0,0.99
385,2019-07-11,42,Wyatt                                             ,Girard                                            ,France,Bordeaux,1101,De Ouro E Marfim (Live),Latin,0.99,1.0,0.99
385,2019-07-11,42,Wyatt                                             ,Girard                                            ,France,Bordeaux,2192,All or None,Rock,0.99,1.0,0.99
385,2019-07-11,42,Wyatt                                             ,Girard                                            ,France,Bordeaux,902,Swing Low Sweet Chariot,Blues,0.99,1.0,0.99
385,2019-07-11,42,Wyatt                                             ,Girard                                            ,France,Bordeaux,66,Por Causa De Você,Jazz,0.99,1.0,0.99
385,2019-07-11,42,Wyatt                                             ,Girard                                            ,France,Bordeaux,155,Warning,Metal,0.99,1.0,0.99
386,2019-07-12,26,Richard                                           ,Cunningham                                        ,USA,Fort Worth,45,Head Over Feet,Rock,0.99,1.0,0.99
386,2019-07-12,26,Richard                                           ,Cunningham                                        ,USA,Fort Worth,430,I'm Going Slightly Mad,Rock,0.99,1.0,0.99
386,2019-07-12,26,Richard                                           ,Cunningham                                        ,USA,Fort Worth,2636,Sun King,Rock,0.99,1.0,0.99
386,2019-07-12,26,Richard                                           ,Cunningham                                        ,USA,Fort Worth,3298,Wind of Change,Rock,0.99,1.0,0.99
386,2019-07-12,26,Richard                                           ,Cunningham                                        ,USA,Fort Worth,1435,Too Young To Die,Rock,0.99,1.0,0.99
387,2019-07-15,6,Helena                                            ,Holý                                              ,Czech Republic,Prague,3376,Poison Eye,Alternative,0.99,1.0,0.99
387,2019-07-15,6,Helena                                            ,Holý                                              ,Czech Republic,Prague,337,You Shook Me,Rock,0.99,1.0,0.99
387,2019-07-15,6,Helena                                            ,Holý                                              ,Czech Republic,Prague,622,Mistreated (Alternate Version),Rock,0.99,1.0,0.99
387,2019-07-15,6,Helena                                            ,Holý                                              ,Czech Republic,Prague,1764,Beija Eu,Latin,0.99,1.0,0.99
387,2019-07-15,6,Helena                                            ,Holý                                              ,Czech Republic,Prague,2562,Sad Statue,Metal,0.99,1.0,0.99
387,2019-07-15,6,Helena                                            ,Holý                                              ,Czech Republic,Prague,2621,She Sells Sanctuary,Rock,0.99,1.0,0.99
388,2019-07-16,5,R                                                 ,Madhav                                            ,Czech Republic,Prague,999,Still,Rock,0.99,1.0,0.99
388,2019-07-16,5,R                                                 ,Madhav                                            ,Czech Republic,Prague,1000,What If I Do?,Rock,0.99,1.0,0.99
388,2019-07-16,5,R                                                 ,Madhav                                            ,Czech Republic,Prague,1001,Miracle,Rock,0.99,1.0,0.99
388,2019-07-16,5,R                                                 ,Madhav                                            ,Czech Republic,Prague,1002,Another Round,Rock,0.99,1.0,0.99
388,2019-07-16,5,R                                                 ,Madhav                                            ,Czech Republic,Prague,1003,Friend Of A Friend,Rock,0.99,1.0,0.99
388,2019-07-16,5,R                                                 ,Madhav                                            ,Czech Republic,Prague,1004,Over And Out,Rock,0.99,1.0,0.99
388,2019-07-16,5,R                                                 ,Madhav                                            ,Czech Republic,Prague,1005,On The Mend,Rock,0.99,1.0,0.99
388,2019-07-16,5,R                                                 ,Madhav                                            ,Czech Republic,Prague,1006,Virginia Moon,Rock,0.99,1.0,0.99
388,2019-07-16,5,R                                                 ,Madhav                                            ,Czech Republic,Prague,1007,Cold Day In The Sun,Rock,0.99,1.0,0.99
388,2019-07-16,5,R                                                 ,Madhav                                            ,Czech Republic,Prague,1008,Razor,Rock,0.99,1.0,0.99
389,2019-07-18,16,Frank                                             ,Harris                                            ,USA,Mountain View,3064,Eruption,Rock,0.99,1.0,0.99
389,2019-07-18,16,Frank                                             ,Harris                                            ,USA,Mountain View,3065,Ain't Talkin' 'bout Love,Rock,0.99,1.0,0.99
389,2019-07-18,16,Frank                                             ,Harris                                            ,USA,Mountain View,3066,Runnin' With The Devil,Rock,0.99,1.0,0.99
389,2019-07-18,16,Frank                                             ,Harris                                            ,USA,Mountain View,3067,Dance the Night Away,Rock,0.99,1.0,0.99
389,2019-07-18,16,Frank                                             ,Harris                                            ,USA,Mountain View,3068,And the Cradle Will Rock...,Rock,0.99,1.0,0.99
389,2019-07-18,16,Frank                                             ,Harris                                            ,USA,Mountain View,3069,Unchained,Rock,0.99,1.0,0.99
389,2019-07-18,16,Frank                                             ,Harris                                            ,USA,Mountain View,3070,Jump,Rock,0.99,1.0,0.99
389,2019-07-18,16,Frank                                             ,Harris                                            ,USA,Mountain View,3071,Panama,Rock,0.99,1.0,0.99
389,2019-07-18,16,Frank                                             ,Harris                                            ,USA,Mountain View,3072,Why Can't This Be Love,Rock,0.99,1.0,0.99
389,2019-07-18,16,Frank                                             ,Harris                                            ,USA,Mountain View,3073,Dreams,Rock,0.99,1.0,0.99
389,2019-07-18,16,Frank                                             ,Harris                                            ,USA,Mountain View,3074,When It's Love,Rock,0.99,1.0,0.99
389,2019-07-18,16,Frank                                             ,Harris                                            ,USA,Mountain View,3075,Poundcake,Rock,0.99,1.0,0.99
389,2019-07-18,16,Frank                                             ,Harris                                            ,USA,Mountain View,3076,Right Now,Rock,0.99,1.0,0.99
389,2019-07-18,16,Frank                                             ,Harris                                            ,USA,Mountain View,3077,Can't Stop Loving You,Rock,0.99,1.0,0.99
389,2019-07-18,16,Frank                                             ,Harris                                            ,USA,Mountain View,3078,Humans Being,Rock,0.99,1.0,0.99
389,2019-07-18,16,Frank                                             ,Harris                                            ,USA,Mountain View,3079,Can't Get This Stuff No More,Rock,0.99,1.0,0.99
389,2019-07-18,16,Frank                                             ,Harris                                            ,USA,Mountain View,3080,Me Wise Magic,Rock,0.99,1.0,0.99
390,2019-07-19,34,João                                              ,Fernandes                                         ,Portugal,Lisbon,1988,Drain You,Rock,0.99,1.0,0.99
390,2019-07-19,34,João                                              ,Fernandes                                         ,Portugal,Lisbon,2697,I Go Wild,Rock,0.99,1.0,0.99
390,2019-07-19,34,João                                              ,Fernandes                                         ,Portugal,Lisbon,2371,The Greeting Song,Alternative & Punk,0.99,1.0,0.99
391,2019-07-20,30,Edward                                            ,Francis                                           ,Canada,Ottawa,80,The Unforgiven,Metal,0.99,1.0,0.99
391,2019-07-20,30,Edward                                            ,Francis                                           ,Canada,Ottawa,82,Creeping Death,Metal,0.99,1.0,0.99
391,2019-07-20,30,Edward                                            ,Francis                                           ,Canada,Ottawa,1791,Down Under,Rock,0.99,1.0,0.99
391,2019-07-20,30,Edward                                            ,Francis                                           ,Canada,Ottawa,1372,Infinite Dreams,Metal,0.99,1.0,0.99
392,2019-07-24,11,Alexandre                                         ,Rocha                                             ,Brazil,São Paulo,1853,Battery,Metal,0.99,1.0,0.99
392,2019-07-24,11,Alexandre                                         ,Rocha                                             ,Brazil,São Paulo,1854,Master Of Puppets,Metal,0.99,1.0,0.99
392,2019-07-24,11,Alexandre                                         ,Rocha                                             ,Brazil,São Paulo,1855,The Thing That Should Not Be,Metal,0.99,1.0,0.99
392,2019-07-24,11,Alexandre                                         ,Rocha                                             ,Brazil,São Paulo,1856,Welcome Home (Sanitarium),Metal,0.99,1.0,0.99
392,2019-07-24,11,Alexandre                                         ,Rocha                                             ,Brazil,São Paulo,1857,Disposable Heroes,Metal,0.99,1.0,0.99
392,2019-07-24,11,Alexandre                                         ,Rocha                                             ,Brazil,São Paulo,1858,Leper Messiah,Metal,0.99,1.0,0.99
392,2019-07-24,11,Alexandre                                         ,Rocha                                             ,Brazil,São Paulo,1859,Orion,Metal,0.99,1.0,0.99
392,2019-07-24,11,Alexandre                                         ,Rocha                                             ,Brazil,São Paulo,1860,Damage Inc.,Metal,0.99,1.0,0.99
393,2019-07-25,17,Jack                                              ,Smith                                             ,USA,Redmond,1703,Fly Away,Rock,0.99,1.0,0.99
393,2019-07-25,17,Jack                                              ,Smith                                             ,USA,Redmond,3006,With Or Without You,Rock,0.99,1.0,0.99
393,2019-07-25,17,Jack                                              ,Smith                                             ,USA,Redmond,914,Nobody Knows You When You're Down & Out,Blues,0.99,1.0,0.99
393,2019-07-25,17,Jack                                              ,Smith                                             ,USA,Redmond,2377,This Is The Place,Rock,0.99,1.0,0.99
393,2019-07-25,17,Jack                                              ,Smith                                             ,USA,Redmond,3465,You Know I'm No Good (feat. Ghostface Killah),R&B/Soul,0.99,1.0,0.99
393,2019-07-25,17,Jack                                              ,Smith                                             ,USA,Redmond,2508,Loud Love,Rock,0.99,1.0,0.99
393,2019-07-25,17,Jack                                              ,Smith                                             ,USA,Redmond,80,The Unforgiven,Metal,0.99,1.0,0.99
393,2019-07-25,17,Jack                                              ,Smith                                             ,USA,Redmond,1136,Boulevard Of Broken Dreams,Alternative & Punk,0.99,1.0,0.99
393,2019-07-25,17,Jack                                              ,Smith                                             ,USA,Redmond,2650,Roxanne,Rock,0.99,1.0,0.99
393,2019-07-25,17,Jack                                              ,Smith                                             ,USA,Redmond,1827,Stone Dead Forever,Metal,0.99,1.0,0.99
393,2019-07-25,17,Jack                                              ,Smith                                             ,USA,Redmond,3463,Some Unholy War,R&B/Soul,0.99,1.0,0.99
394,2019-07-27,31,Martha                                            ,Silk                                              ,Canada,Halifax,2736,Boris The Spider,Rock,0.99,1.0,0.99
394,2019-07-27,31,Martha                                            ,Silk                                              ,Canada,Halifax,1648,Down By The Seaside,Rock,0.99,1.0,0.99
394,2019-07-27,31,Martha                                            ,Silk                                              ,Canada,Halifax,2564,Lost in Hollywood,Metal,0.99,1.0,0.99
394,2019-07-27,31,Martha                                            ,Silk                                              ,Canada,Halifax,2563,Old School Hollywood,Metal,0.99,1.0,0.99
394,2019-07-27,31,Martha                                            ,Silk                                              ,Canada,Halifax,1035,"New York, New York",Easy Listening,0.99,1.0,0.99
394,2019-07-27,31,Martha                                            ,Silk                                              ,Canada,Halifax,15,Go Down,Rock,0.99,1.0,0.99
394,2019-07-27,31,Martha                                            ,Silk                                              ,Canada,Halifax,1992,Lithium,Rock,0.99,1.0,0.99
394,2019-07-27,31,Martha                                            ,Silk                                              ,Canada,Halifax,2683,Wainting On A Friend,Rock,0.99,1.0,0.99
395,2019-07-28,24,Frank                                             ,Ralston                                           ,USA,Chicago,3336,War Pigs,Alternative,0.99,1.0,0.99
395,2019-07-28,24,Frank                                             ,Ralston                                           ,USA,Chicago,3393,Original Fire,Alternative,0.99,1.0,0.99
395,2019-07-28,24,Frank                                             ,Ralston                                           ,USA,Chicago,1570,See You Tonight,Rock,0.99,1.0,0.99
395,2019-07-28,24,Frank                                             ,Ralston                                           ,USA,Chicago,2659,Every Breath You Take,Rock,0.99,1.0,0.99
395,2019-07-28,24,Frank                                             ,Ralston                                           ,USA,Chicago,2516,Black Hole Sun,Rock,0.99,1.0,0.99
395,2019-07-28,24,Frank                                             ,Ralston                                           ,USA,Chicago,1231,Bring Your Daughter... To The Slaughter,Metal,0.99,1.0,0.99
395,2019-07-28,24,Frank                                             ,Ralston                                           ,USA,Chicago,757,Flight Of The Rat,Rock,0.99,1.0,0.99
395,2019-07-28,24,Frank                                             ,Ralston                                           ,USA,Chicago,2558,Radio/Video,Metal,0.99,1.0,0.99
395,2019-07-28,24,Frank                                             ,Ralston                                           ,USA,Chicago,906,Let It Grow,Blues,0.99,1.0,0.99
395,2019-07-28,24,Frank                                             ,Ralston                                           ,USA,Chicago,3257,Cold Turkey,Pop,0.99,1.0,0.99
396,2019-07-29,42,Wyatt                                             ,Girard                                            ,France,Bordeaux,2679,Flip The Switch,Rock,0.99,1.0,0.99
396,2019-07-29,42,Wyatt                                             ,Girard                                            ,France,Bordeaux,822,A Twist In The Tail,Rock,0.99,1.0,0.99
396,2019-07-29,42,Wyatt                                             ,Girard                                            ,France,Bordeaux,2548,Creep,Rock,0.99,1.0,0.99
396,2019-07-29,42,Wyatt                                             ,Girard                                            ,France,Bordeaux,2517,Fell On Black Days,Rock,0.99,1.0,0.99
396,2019-07-29,42,Wyatt                                             ,Girard                                            ,France,Bordeaux,3385,Finally Forever,Alternative,0.99,1.0,0.99
396,2019-07-29,42,Wyatt                                             ,Girard                                            ,France,Bordeaux,2559,This Cocaine Makes Me Feel Like I'm On This Song,Metal,0.99,1.0,0.99
396,2019-07-29,42,Wyatt                                             ,Girard                                            ,France,Bordeaux,2590,Remedy,Blues,0.99,1.0,0.99
396,2019-07-29,42,Wyatt                                             ,Girard                                            ,France,Bordeaux,2382,I Could Die For You,Rock,0.99,1.0,0.99
396,2019-07-29,42,Wyatt                                             ,Girard                                            ,France,Bordeaux,3474,October Song,Pop,0.99,1.0,0.99
397,2019-07-31,36,Hannah                                            ,Schneider                                         ,Germany,Berlin,1485,May This Be Love,Rock,0.99,1.0,0.99
397,2019-07-31,36,Hannah                                            ,Schneider                                         ,Germany,Berlin,781,Pictures Of Home,Rock,0.99,1.0,0.99
397,2019-07-31,36,Hannah                                            ,Schneider                                         ,Germany,Berlin,3083,You Really Got Me,Rock,0.99,1.0,0.99
397,2019-07-31,36,Hannah                                            ,Schneider                                         ,Germany,Berlin,3353,I Guess You're Right,Rock,0.99,1.0,0.99
397,2019-07-31,36,Hannah                                            ,Schneider                                         ,Germany,Berlin,2563,Old School Hollywood,Metal,0.99,1.0,0.99
397,2019-07-31,36,Hannah                                            ,Schneider                                         ,Germany,Berlin,1495,Highway Chile,Rock,0.99,1.0,0.99
397,2019-07-31,36,Hannah                                            ,Schneider                                         ,Germany,Berlin,1778,You're What's Happening (In The World Today),R&B/Soul,0.99,1.0,0.99
398,2019-08-03,51,Joakim                                            ,Johansson                                         ,Sweden,Stockholm,2506,Nothing To Say,Rock,0.99,1.0,0.99
398,2019-08-03,51,Joakim                                            ,Johansson                                         ,Sweden,Stockholm,2507,Flower,Rock,0.99,1.0,0.99
398,2019-08-03,51,Joakim                                            ,Johansson                                         ,Sweden,Stockholm,2508,Loud Love,Rock,0.99,1.0,0.99
398,2019-08-03,51,Joakim                                            ,Johansson                                         ,Sweden,Stockholm,2509,Hands All Over,Rock,0.99,1.0,0.99
398,2019-08-03,51,Joakim                                            ,Johansson                                         ,Sweden,Stockholm,2510,Get On The Snake,Rock,0.99,1.0,0.99
398,2019-08-03,51,Joakim                                            ,Johansson                                         ,Sweden,Stockholm,2511,Jesus Christ Pose,Rock,0.99,1.0,0.99
398,2019-08-03,51,Joakim                                            ,Johansson                                         ,Sweden,Stockholm,2512,Outshined,Rock,0.99,1.0,0.99
398,2019-08-03,51,Joakim                                            ,Johansson                                         ,Sweden,Stockholm,2513,Rusty Cage,Rock,0.99,1.0,0.99
398,2019-08-03,51,Joakim                                            ,Johansson                                         ,Sweden,Stockholm,2514,Spoonman,Rock,0.99,1.0,0.99
398,2019-08-03,51,Joakim                                            ,Johansson                                         ,Sweden,Stockholm,2515,The Day I Tried To Live,Rock,0.99,1.0,0.99
398,2019-08-03,51,Joakim                                            ,Johansson                                         ,Sweden,Stockholm,2516,Black Hole Sun,Rock,0.99,1.0,0.99
398,2019-08-03,51,Joakim                                            ,Johansson                                         ,Sweden,Stockholm,2517,Fell On Black Days,Rock,0.99,1.0,0.99
398,2019-08-03,51,Joakim                                            ,Johansson                                         ,Sweden,Stockholm,2518,Pretty Noose,Rock,0.99,1.0,0.99
398,2019-08-03,51,Joakim                                            ,Johansson                                         ,Sweden,Stockholm,2519,Burden In My Hand,Rock,0.99,1.0,0.99
398,2019-08-03,51,Joakim                                            ,Johansson                                         ,Sweden,Stockholm,2520,Blow Up The Outside World,Rock,0.99,1.0,0.99
398,2019-08-03,51,Joakim                                            ,Johansson                                         ,Sweden,Stockholm,2521,Ty Cobb,Rock,0.99,1.0,0.99
398,2019-08-03,51,Joakim                                            ,Johansson                                         ,Sweden,Stockholm,2522,Bleed Together,Rock,0.99,1.0,0.99
399,2019-08-03,51,Joakim                                            ,Johansson                                         ,Sweden,Stockholm,1146,Welcome to the Jungle,Rock,0.99,1.0,0.99
399,2019-08-03,51,Joakim                                            ,Johansson                                         ,Sweden,Stockholm,1147,It's So Easy,Rock,0.99,1.0,0.99
399,2019-08-03,51,Joakim                                            ,Johansson                                         ,Sweden,Stockholm,1148,Nightrain,Rock,0.99,1.0,0.99
399,2019-08-03,51,Joakim                                            ,Johansson                                         ,Sweden,Stockholm,1149,Out Ta Get Me,Rock,0.99,1.0,0.99
399,2019-08-03,51,Joakim                                            ,Johansson                                         ,Sweden,Stockholm,1150,Mr. Brownstone,Rock,0.99,1.0,0.99
399,2019-08-03,51,Joakim                                            ,Johansson                                         ,Sweden,Stockholm,1151,Paradise City,Rock,0.99,1.0,0.99
399,2019-08-03,51,Joakim                                            ,Johansson                                         ,Sweden,Stockholm,1152,My Michelle,Rock,0.99,1.0,0.99
399,2019-08-03,51,Joakim                                            ,Johansson                                         ,Sweden,Stockholm,1153,Think About You,Rock,0.99,1.0,0.99
399,2019-08-03,51,Joakim                                            ,Johansson                                         ,Sweden,Stockholm,1154,Sweet Child O' Mine,Rock,0.99,1.0,0.99
399,2019-08-03,51,Joakim                                            ,Johansson                                         ,Sweden,Stockholm,1155,You're Crazy,Rock,0.99,1.0,0.99
399,2019-08-03,51,Joakim                                            ,Johansson                                         ,Sweden,Stockholm,1156,Anything Goes,Rock,0.99,1.0,0.99
399,2019-08-03,51,Joakim                                            ,Johansson                                         ,Sweden,Stockholm,1157,Rocket Queen,Rock,0.99,1.0,0.99
400,2019-08-06,36,Hannah                                            ,Schneider                                         ,Germany,Berlin,40,Perfect,Rock,0.99,1.0,0.99
400,2019-08-06,36,Hannah                                            ,Schneider                                         ,Germany,Berlin,2254,Bohemian Rhapsody,Rock,0.99,1.0,0.99
400,2019-08-06,36,Hannah                                            ,Schneider                                         ,Germany,Berlin,2985,Please,Rock,0.99,1.0,0.99
400,2019-08-06,36,Hannah                                            ,Schneider                                         ,Germany,Berlin,3127,Um Homem Chamado Alfredo,Latin,0.99,1.0,0.99
401,2019-08-06,46,Hugh                                              ,O'Reilly                                          ,Ireland,Dublin,1704,Rock And Roll Is Dead,Rock,0.99,1.0,0.99
401,2019-08-06,46,Hugh                                              ,O'Reilly                                          ,Ireland,Dublin,3282,N.I.B.,Rock,0.99,1.0,0.99
401,2019-08-06,46,Hugh                                              ,O'Reilly                                          ,Ireland,Dublin,943,Be Aggressive,Alternative & Punk,0.99,1.0,0.99
401,2019-08-06,46,Hugh                                              ,O'Reilly                                          ,Ireland,Dublin,2386,Tear,Rock,0.99,1.0,0.99
401,2019-08-06,46,Hugh                                              ,O'Reilly                                          ,Ireland,Dublin,13,Night Of The Long Knives,Rock,0.99,1.0,0.99
401,2019-08-06,46,Hugh                                              ,O'Reilly                                          ,Ireland,Dublin,3089,Little Dreamer,Rock,0.99,1.0,0.99
401,2019-08-06,46,Hugh                                              ,O'Reilly                                          ,Ireland,Dublin,2421,El Corazon Manda,Rock,0.99,1.0,0.99
401,2019-08-06,46,Hugh                                              ,O'Reilly                                          ,Ireland,Dublin,151,Behind The Wall Of Sleep,Metal,0.99,1.0,0.99
401,2019-08-06,46,Hugh                                              ,O'Reilly                                          ,Ireland,Dublin,3299,Send Me an Angel,Rock,0.99,1.0,0.99
401,2019-08-06,46,Hugh                                              ,O'Reilly                                          ,Ireland,Dublin,3282,N.I.B.,Rock,0.99,1.0,0.99
402,2019-08-09,54,Steve                                             ,Murray                                            ,United Kingdom,Edinburgh ,2692,Sparks Will Fly,Rock,0.99,1.0,0.99
402,2019-08-09,54,Steve                                             ,Murray                                            ,United Kingdom,Edinburgh ,2004,In Bloom,Rock,0.99,1.0,0.99
402,2019-08-09,54,Steve                                             ,Murray                                            ,United Kingdom,Edinburgh ,2443,Thrill Me,Rock,0.99,1.0,0.99
402,2019-08-09,54,Steve                                             ,Murray                                            ,United Kingdom,Edinburgh ,1178,Get In The Ring,Metal,0.99,1.0,0.99
402,2019-08-09,54,Steve                                             ,Murray                                            ,United Kingdom,Edinburgh ,3439,"Das Lied Von Der Erde, Von Der Jugend",Classical,0.99,1.0,0.99
402,2019-08-09,54,Steve                                             ,Murray                                            ,United Kingdom,Edinburgh ,1127,I Fucking Hate You,Metal,0.99,1.0,0.99
402,2019-08-09,54,Steve                                             ,Murray                                            ,United Kingdom,Edinburgh ,2320,Perfect Circle,Alternative & Punk,0.99,1.0,0.99
402,2019-08-09,54,Steve                                             ,Murray                                            ,United Kingdom,Edinburgh ,2172,Big Wave,Alternative & Punk,0.99,1.0,0.99
402,2019-08-09,54,Steve                                             ,Murray                                            ,United Kingdom,Edinburgh ,1696,Meninos E Meninas,Latin,0.99,1.0,0.99
403,2019-08-10,54,Steve                                             ,Murray                                            ,United Kingdom,Edinburgh ,3101,Primary,Rock,0.99,1.0,0.99
403,2019-08-10,54,Steve                                             ,Murray                                            ,United Kingdom,Edinburgh ,1489,Are You Experienced?,Rock,0.99,1.0,0.99
403,2019-08-10,54,Steve                                             ,Murray                                            ,United Kingdom,Edinburgh ,1149,Out Ta Get Me,Rock,0.99,1.0,0.99
403,2019-08-10,54,Steve                                             ,Murray                                            ,United Kingdom,Edinburgh ,2693,The Worst,Rock,0.99,1.0,0.99
403,2019-08-10,54,Steve                                             ,Murray                                            ,United Kingdom,Edinburgh ,2670,Mother's Little Helper,Rock,0.99,1.0,0.99
403,2019-08-10,54,Steve                                             ,Murray                                            ,United Kingdom,Edinburgh ,2304,Be Mine,Rock,0.99,1.0,0.99
403,2019-08-10,54,Steve                                             ,Murray                                            ,United Kingdom,Edinburgh ,52,Man In The Box,Rock,0.99,1.0,0.99
403,2019-08-10,54,Steve                                             ,Murray                                            ,United Kingdom,Edinburgh ,1914,The Meaning Of The Blues/Lament (Alternate Take),Jazz,0.99,1.0,0.99
403,2019-08-10,54,Steve                                             ,Murray                                            ,United Kingdom,Edinburgh ,2197,Black,Rock,0.99,1.0,0.99
404,2019-08-13,31,Martha                                            ,Silk                                              ,Canada,Halifax,1174,Civil War,Metal,0.99,1.0,0.99
404,2019-08-13,31,Martha                                            ,Silk                                              ,Canada,Halifax,1175,14 Years,Metal,0.99,1.0,0.99
404,2019-08-13,31,Martha                                            ,Silk                                              ,Canada,Halifax,1176,Yesterdays,Metal,0.99,1.0,0.99
404,2019-08-13,31,Martha                                            ,Silk                                              ,Canada,Halifax,1177,Knockin' On Heaven's Door,Metal,0.99,1.0,0.99
404,2019-08-13,31,Martha                                            ,Silk                                              ,Canada,Halifax,1178,Get In The Ring,Metal,0.99,1.0,0.99
404,2019-08-13,31,Martha                                            ,Silk                                              ,Canada,Halifax,1179,Shotgun Blues,Metal,0.99,1.0,0.99
404,2019-08-13,31,Martha                                            ,Silk                                              ,Canada,Halifax,1180,Breakdown,Metal,0.99,1.0,0.99
404,2019-08-13,31,Martha                                            ,Silk                                              ,Canada,Halifax,1181,Pretty Tied Up,Metal,0.99,1.0,0.99
404,2019-08-13,31,Martha                                            ,Silk                                              ,Canada,Halifax,1182,Locomotive,Metal,0.99,1.0,0.99
404,2019-08-13,31,Martha                                            ,Silk                                              ,Canada,Halifax,1183,So Fine,Metal,0.99,1.0,0.99
404,2019-08-13,31,Martha                                            ,Silk                                              ,Canada,Halifax,1184,Estranged,Metal,0.99,1.0,0.99
404,2019-08-13,31,Martha                                            ,Silk                                              ,Canada,Halifax,1185,You Could Be Mine,Metal,0.99,1.0,0.99
404,2019-08-13,31,Martha                                            ,Silk                                              ,Canada,Halifax,1186,Don't Cry,Metal,0.99,1.0,0.99
404,2019-08-13,31,Martha                                            ,Silk                                              ,Canada,Halifax,1187,My World,Metal,0.99,1.0,0.99
405,2019-08-14,6,Helena                                            ,Holý                                              ,Czech Republic,Prague,542,Meu Refrigerador Não Funciona,Alternative & Punk,0.99,1.0,0.99
405,2019-08-14,6,Helena                                            ,Holý                                              ,Czech Republic,Prague,3355,Love Comes,Rock,0.99,1.0,0.99
405,2019-08-14,6,Helena                                            ,Holý                                              ,Czech Republic,Prague,2006,Breed,Rock,0.99,1.0,0.99
405,2019-08-14,6,Helena                                            ,Holý                                              ,Czech Republic,Prague,3394,Broken City,Alternative,0.99,1.0,0.99
405,2019-08-14,6,Helena                                            ,Holý                                              ,Czech Republic,Prague,2401,This Velvet Glove,Rock,0.99,1.0,0.99
405,2019-08-14,6,Helena                                            ,Holý                                              ,Czech Republic,Prague,2554,Soldier Side - Intro,Metal,0.99,1.0,0.99
405,2019-08-14,6,Helena                                            ,Holý                                              ,Czech Republic,Prague,2615,American Gothic,Rock,0.99,1.0,0.99
405,2019-08-14,6,Helena                                            ,Holý                                              ,Czech Republic,Prague,3439,"Das Lied Von Der Erde, Von Der Jugend",Classical,0.99,1.0,0.99
406,2019-08-15,10,Eduardo                                           ,Martins                                           ,Brazil,São Paulo,1460,The Kids,Electronica/Dance,0.99,1.0,0.99
406,2019-08-15,10,Eduardo                                           ,Martins                                           ,Brazil,São Paulo,2235,Any Colour You Like,Rock,0.99,1.0,0.99
407,2019-08-19,57,Luis                                              ,Rojas                                             ,Chile,Santiago,2204,Go,Rock,0.99,1.0,0.99
407,2019-08-19,57,Luis                                              ,Rojas                                             ,Chile,Santiago,2205,Animal,Rock,0.99,1.0,0.99
407,2019-08-19,57,Luis                                              ,Rojas                                             ,Chile,Santiago,2207,Glorified G,Rock,0.99,1.0,0.99
407,2019-08-19,57,Luis                                              ,Rojas                                             ,Chile,Santiago,2209,W.M.A.,Rock,0.99,1.0,0.99
407,2019-08-19,57,Luis                                              ,Rojas                                             ,Chile,Santiago,2210,Blood,Rock,0.99,1.0,0.99
407,2019-08-19,57,Luis                                              ,Rojas                                             ,Chile,Santiago,2211,Rearviewmirror,Rock,0.99,1.0,0.99
407,2019-08-19,57,Luis                                              ,Rojas                                             ,Chile,Santiago,2212,Rats,Rock,0.99,1.0,0.99
407,2019-08-19,57,Luis                                              ,Rojas                                             ,Chile,Santiago,2213,Elderly Woman Behind The Counter In A Small Town,Rock,0.99,1.0,0.99
407,2019-08-19,57,Luis                                              ,Rojas                                             ,Chile,Santiago,2214,Leash,Rock,0.99,1.0,0.99
407,2019-08-19,57,Luis                                              ,Rojas                                             ,Chile,Santiago,2215,Indifference,Rock,0.99,1.0,0.99
408,2019-08-20,34,João                                              ,Fernandes                                         ,Portugal,Lisbon,1220,Run To The Hilss,Metal,0.99,1.0,0.99
408,2019-08-20,34,João                                              ,Fernandes                                         ,Portugal,Lisbon,1131,The Awakening,Metal,0.99,1.0,0.99
408,2019-08-20,34,João                                              ,Fernandes                                         ,Portugal,Lisbon,2523,Morning Dance,Jazz,0.99,1.0,0.99
408,2019-08-20,34,João                                              ,Fernandes                                         ,Portugal,Lisbon,1144,Homecoming / The Death Of St. Jimmy / East 12th St. / Nobody Likes You / Rock And Roll Girlfriend / We're Coming Home Again,Alternative & Punk,0.99,1.0,0.99
408,2019-08-20,34,João                                              ,Fernandes                                         ,Portugal,Lisbon,1790,Heavy Love Affair,R&B/Soul,0.99,1.0,0.99
408,2019-08-20,34,João                                              ,Fernandes                                         ,Portugal,Lisbon,1043,They Can't Take That Away From Me,Easy Listening,0.99,1.0,0.99
409,2019-08-24,48,Johannes                                          ,Van der Berg                                      ,Netherlands,Amsterdam,2639,Break on Through,Rock,0.99,1.0,0.99
409,2019-08-24,48,Johannes                                          ,Van der Berg                                      ,Netherlands,Amsterdam,1581,Dazed And Confused,Rock,0.99,1.0,0.99
409,2019-08-24,48,Johannes                                          ,Van der Berg                                      ,Netherlands,Amsterdam,3475,What Is It About Men,Pop,0.99,1.0,0.99
409,2019-08-24,48,Johannes                                          ,Van der Berg                                      ,Netherlands,Amsterdam,1955,Please Don't Touch,Metal,0.99,1.0,0.99
409,2019-08-24,48,Johannes                                          ,Van der Berg                                      ,Netherlands,Amsterdam,2523,Morning Dance,Jazz,0.99,1.0,0.99
409,2019-08-24,48,Johannes                                          ,Van der Berg                                      ,Netherlands,Amsterdam,1560,Victim Of Change (Live),Metal,0.99,1.0,0.99
409,2019-08-24,48,Johannes                                          ,Van der Berg                                      ,Netherlands,Amsterdam,3081,Runnin' With The Devil,Rock,0.99,1.0,0.99
409,2019-08-24,48,Johannes                                          ,Van der Berg                                      ,Netherlands,Amsterdam,1144,Homecoming / The Death Of St. Jimmy / East 12th St. / Nobody Likes You / Rock And Roll Girlfriend / We're Coming Home Again,Alternative & Punk,0.99,1.0,0.99
409,2019-08-24,48,Johannes                                          ,Van der Berg                                      ,Netherlands,Amsterdam,2361,Funky Monks,Alternative & Punk,0.99,1.0,0.99
409,2019-08-24,48,Johannes                                          ,Van der Berg                                      ,Netherlands,Amsterdam,1021,Monkey Wrench,Rock,0.99,1.0,0.99
409,2019-08-24,48,Johannes                                          ,Van der Berg                                      ,Netherlands,Amsterdam,2673,Under My Thumb,Rock,0.99,1.0,0.99
410,2019-08-27,7,Astrid                                            ,Gruber                                            ,Austria,Vienne,546,Lady Double Dealer,Rock,0.99,1.0,0.99
410,2019-08-27,7,Astrid                                            ,Gruber                                            ,Austria,Vienne,2112,Dee,Metal,0.99,1.0,0.99
410,2019-08-27,7,Astrid                                            ,Gruber                                            ,Austria,Vienne,131,Intro/ Low Down,Metal,0.99,1.0,0.99
410,2019-08-27,7,Astrid                                            ,Gruber                                            ,Austria,Vienne,139,A.N.D.R.O.T.A.Z.,Metal,0.99,1.0,0.99
411,2019-08-27,9,Kara                                              ,Nielsen                                           ,Denmark,Copenhagen,6,Put The Finger On You,Rock,0.99,1.0,0.99
411,2019-08-27,9,Kara                                              ,Nielsen                                           ,Denmark,Copenhagen,1180,Breakdown,Metal,0.99,1.0,0.99
412,2019-08-28,12,Roberto                                           ,Almeida                                           ,Brazil,Rio de Janeiro,2748,Squeeze Box,Rock,0.99,1.0,0.99
412,2019-08-28,12,Roberto                                           ,Almeida                                           ,Brazil,Rio de Janeiro,261,Enquanto O Mundo Explode,Latin,0.99,1.0,0.99
412,2019-08-28,12,Roberto                                           ,Almeida                                           ,Brazil,Rio de Janeiro,1951,Bite The Bullet,Metal,0.99,1.0,0.99
412,2019-08-28,12,Roberto                                           ,Almeida                                           ,Brazil,Rio de Janeiro,1828,Too Late Too Late,Metal,0.99,1.0,0.99
412,2019-08-28,12,Roberto                                           ,Almeida                                           ,Brazil,Rio de Janeiro,1561,Tyrant (Live),Metal,0.99,1.0,0.99
412,2019-08-28,12,Roberto                                           ,Almeida                                           ,Brazil,Rio de Janeiro,2542,Dead And Bloated,Rock,0.99,1.0,0.99
412,2019-08-28,12,Roberto                                           ,Almeida                                           ,Brazil,Rio de Janeiro,2402,Savior,Rock,0.99,1.0,0.99
412,2019-08-28,12,Roberto                                           ,Almeida                                           ,Brazil,Rio de Janeiro,2410,Xanadu,Rock,0.99,1.0,0.99
413,2019-08-28,47,Lucas                                             ,Mancini                                           ,Italy,Rome,2690,Love Is Strong,Rock,0.99,1.0,0.99
413,2019-08-28,47,Lucas                                             ,Mancini                                           ,Italy,Rome,2691,You Got Me Rocking,Rock,0.99,1.0,0.99
413,2019-08-28,47,Lucas                                             ,Mancini                                           ,Italy,Rome,2692,Sparks Will Fly,Rock,0.99,1.0,0.99
413,2019-08-28,47,Lucas                                             ,Mancini                                           ,Italy,Rome,2693,The Worst,Rock,0.99,1.0,0.99
413,2019-08-28,47,Lucas                                             ,Mancini                                           ,Italy,Rome,2694,New Faces,Rock,0.99,1.0,0.99
413,2019-08-28,47,Lucas                                             ,Mancini                                           ,Italy,Rome,2695,Moon Is Up,Rock,0.99,1.0,0.99
413,2019-08-28,47,Lucas                                             ,Mancini                                           ,Italy,Rome,2696,Out Of Tears,Rock,0.99,1.0,0.99
413,2019-08-28,47,Lucas                                             ,Mancini                                           ,Italy,Rome,2697,I Go Wild,Rock,0.99,1.0,0.99
413,2019-08-28,47,Lucas                                             ,Mancini                                           ,Italy,Rome,2698,Brand New Car,Rock,0.99,1.0,0.99
413,2019-08-28,47,Lucas                                             ,Mancini                                           ,Italy,Rome,2699,Sweethearts Together,Rock,0.99,1.0,0.99
413,2019-08-28,47,Lucas                                             ,Mancini                                           ,Italy,Rome,2700,Suck On The Jugular,Rock,0.99,1.0,0.99
413,2019-08-28,47,Lucas                                             ,Mancini                                           ,Italy,Rome,2701,Blinded By Rainbows,Rock,0.99,1.0,0.99
413,2019-08-28,47,Lucas                                             ,Mancini                                           ,Italy,Rome,2702,Baby Break It Down,Rock,0.99,1.0,0.99
413,2019-08-28,47,Lucas                                             ,Mancini                                           ,Italy,Rome,2703,Thru And Thru,Rock,0.99,1.0,0.99
413,2019-08-28,47,Lucas                                             ,Mancini                                           ,Italy,Rome,2704,Mean Disposition,Rock,0.99,1.0,0.99
414,2019-08-30,54,Steve                                             ,Murray                                            ,United Kingdom,Edinburgh ,1,For Those About To Rock (We Salute You),Rock,0.99,1.0,0.99
414,2019-08-30,54,Steve                                             ,Murray                                            ,United Kingdom,Edinburgh ,6,Put The Finger On You,Rock,0.99,1.0,0.99
414,2019-08-30,54,Steve                                             ,Murray                                            ,United Kingdom,Edinburgh ,7,Let's Get It Up,Rock,0.99,1.0,0.99
414,2019-08-30,54,Steve                                             ,Murray                                            ,United Kingdom,Edinburgh ,8,Inject The Venom,Rock,0.99,1.0,0.99
414,2019-08-30,54,Steve                                             ,Murray                                            ,United Kingdom,Edinburgh ,9,Snowballed,Rock,0.99,1.0,0.99
414,2019-08-30,54,Steve                                             ,Murray                                            ,United Kingdom,Edinburgh ,10,Evil Walks,Rock,0.99,1.0,0.99
414,2019-08-30,54,Steve                                             ,Murray                                            ,United Kingdom,Edinburgh ,11,C.O.D.,Rock,0.99,1.0,0.99
414,2019-08-30,54,Steve                                             ,Murray                                            ,United Kingdom,Edinburgh ,12,Breaking The Rules,Rock,0.99,1.0,0.99
414,2019-08-30,54,Steve                                             ,Murray                                            ,United Kingdom,Edinburgh ,13,Night Of The Long Knives,Rock,0.99,1.0,0.99
414,2019-08-30,54,Steve                                             ,Murray                                            ,United Kingdom,Edinburgh ,14,Spellbound,Rock,0.99,1.0,0.99
415,2019-08-31,54,Steve                                             ,Murray                                            ,United Kingdom,Edinburgh ,3424,"Turandot, Act III, Nessun dorma!",Classical,0.99,1.0,0.99
415,2019-08-31,54,Steve                                             ,Murray                                            ,United Kingdom,Edinburgh ,3114,Slither,Rock,0.99,1.0,0.99
415,2019-08-31,54,Steve                                             ,Murray                                            ,United Kingdom,Edinburgh ,1133,American Idiot,Alternative & Punk,0.99,1.0,0.99
415,2019-08-31,54,Steve                                             ,Murray                                            ,United Kingdom,Edinburgh ,29,Cryin',Rock,0.99,1.0,0.99
415,2019-08-31,54,Steve                                             ,Murray                                            ,United Kingdom,Edinburgh ,1459,Manifest Destiny,Electronica/Dance,0.99,1.0,0.99
415,2019-08-31,54,Steve                                             ,Murray                                            ,United Kingdom,Edinburgh ,2421,El Corazon Manda,Rock,0.99,1.0,0.99
415,2019-08-31,54,Steve                                             ,Murray                                            ,United Kingdom,Edinburgh ,1950,Dance,Metal,0.99,1.0,0.99
415,2019-08-31,54,Steve                                             ,Murray                                            ,United Kingdom,Edinburgh ,426,Breakthru,Rock,0.99,1.0,0.99
415,2019-08-31,54,Steve                                             ,Murray                                            ,United Kingdom,Edinburgh ,2640,Soul Kitchen,Rock,0.99,1.0,0.99
416,2019-08-31,5,R                                                 ,Madhav                                            ,Czech Republic,Prague,1048,It Was A Very Good Year,Easy Listening,0.99,1.0,0.99
417,2019-09-01,24,Frank                                             ,Ralston                                           ,USA,Chicago,1774,Get My Hands On Some Lovin',R&B/Soul,0.99,1.0,0.99
417,2019-09-01,24,Frank                                             ,Ralston                                           ,USA,Chicago,2658,Spirit's in the Material World,Rock,0.99,1.0,0.99
417,2019-09-01,24,Frank                                             ,Ralston                                           ,USA,Chicago,3044,Wear You To The Ball,Reggae,0.99,1.0,0.99
417,2019-09-01,24,Frank                                             ,Ralston                                           ,USA,Chicago,2982,Miami,Rock,0.99,1.0,0.99
417,2019-09-01,24,Frank                                             ,Ralston                                           ,USA,Chicago,2393,Scar Tissue,Rock,0.99,1.0,0.99
417,2019-09-01,24,Frank                                             ,Ralston                                           ,USA,Chicago,2237,Eclipse,Rock,0.99,1.0,0.99
417,2019-09-01,24,Frank                                             ,Ralston                                           ,USA,Chicago,4,Restless and Wild,Rock,0.99,1.0,0.99
417,2019-09-01,24,Frank                                             ,Ralston                                           ,USA,Chicago,1495,Highway Chile,Rock,0.99,1.0,0.99
417,2019-09-01,24,Frank                                             ,Ralston                                           ,USA,Chicago,3293,Big City Nights,Rock,0.99,1.0,0.99
417,2019-09-01,24,Frank                                             ,Ralston                                           ,USA,Chicago,422,I Want It All,Rock,0.99,1.0,0.99
418,2019-09-01,50,Enrique                                           ,Muñoz                                             ,Spain,Madrid,2755,Até Que Enfim Encontrei Você,Latin,0.99,1.0,0.99
419,2019-09-02,3,François                                          ,Tremblay                                          ,Canada,Montréal,33,The Other Side,Rock,0.99,1.0,0.99
419,2019-09-02,3,François                                          ,Tremblay                                          ,Canada,Montréal,2425,Soul Sacrifice,Rock,0.99,1.0,0.99
419,2019-09-02,3,François                                          ,Tremblay                                          ,Canada,Montréal,1168,The Garden,Rock,0.99,1.0,0.99
419,2019-09-02,3,François                                          ,Tremblay                                          ,Canada,Montréal,1008,Razor,Rock,0.99,1.0,0.99
419,2019-09-02,3,François                                          ,Tremblay                                          ,Canada,Montréal,2235,Any Colour You Like,Rock,0.99,1.0,0.99
419,2019-09-02,3,François                                          ,Tremblay                                          ,Canada,Montréal,1602,The Ocean,Rock,0.99,1.0,0.99
419,2019-09-02,3,François                                          ,Tremblay                                          ,Canada,Montréal,164,St. Vitus Dance,Metal,0.99,1.0,0.99
419,2019-09-02,3,François                                          ,Tremblay                                          ,Canada,Montréal,348,I Can't Quit You Baby(2),Rock,0.99,1.0,0.99
419,2019-09-02,3,François                                          ,Tremblay                                          ,Canada,Montréal,897,White Room,Blues,0.99,1.0,0.99
419,2019-09-02,3,François                                          ,Tremblay                                          ,Canada,Montréal,2509,Hands All Over,Rock,0.99,1.0,0.99
420,2019-09-05,20,Dan                                               ,Miller                                            ,USA,Mountain View,999,Still,Rock,0.99,1.0,0.99
420,2019-09-05,20,Dan                                               ,Miller                                            ,USA,Mountain View,1000,What If I Do?,Rock,0.99,1.0,0.99
420,2019-09-05,20,Dan                                               ,Miller                                            ,USA,Mountain View,1001,Miracle,Rock,0.99,1.0,0.99
420,2019-09-05,20,Dan                                               ,Miller                                            ,USA,Mountain View,1002,Another Round,Rock,0.99,1.0,0.99
420,2019-09-05,20,Dan                                               ,Miller                                            ,USA,Mountain View,1003,Friend Of A Friend,Rock,0.99,1.0,0.99
420,2019-09-05,20,Dan                                               ,Miller                                            ,USA,Mountain View,1004,Over And Out,Rock,0.99,1.0,0.99
420,2019-09-05,20,Dan                                               ,Miller                                            ,USA,Mountain View,1005,On The Mend,Rock,0.99,1.0,0.99
420,2019-09-05,20,Dan                                               ,Miller                                            ,USA,Mountain View,1006,Virginia Moon,Rock,0.99,1.0,0.99
420,2019-09-05,20,Dan                                               ,Miller                                            ,USA,Mountain View,1007,Cold Day In The Sun,Rock,0.99,1.0,0.99
420,2019-09-05,20,Dan                                               ,Miller                                            ,USA,Mountain View,1008,Razor,Rock,0.99,1.0,0.99
421,2019-09-05,48,Johannes                                          ,Van der Berg                                      ,Netherlands,Amsterdam,3410,"The Messiah: Behold, I Tell You a Mystery... The Trumpet Shall Sound",Classical,0.99,1.0,0.99
421,2019-09-05,48,Johannes                                          ,Van der Berg                                      ,Netherlands,Amsterdam,60,Confusion,Rock,0.99,1.0,0.99
421,2019-09-05,48,Johannes                                          ,Van der Berg                                      ,Netherlands,Amsterdam,2275,Spread Your Wings,Rock,0.99,1.0,0.99
421,2019-09-05,48,Johannes                                          ,Van der Berg                                      ,Netherlands,Amsterdam,2164,F*Ckin' Up,Rock,0.99,1.0,0.99
421,2019-09-05,48,Johannes                                          ,Van der Berg                                      ,Netherlands,Amsterdam,963,Absolute Zero,Rock,0.99,1.0,0.99
421,2019-09-05,48,Johannes                                          ,Van der Berg                                      ,Netherlands,Amsterdam,1,For Those About To Rock (We Salute You),Rock,0.99,1.0,0.99
421,2019-09-05,48,Johannes                                          ,Van der Berg                                      ,Netherlands,Amsterdam,60,Confusion,Rock,0.99,1.0,0.99
421,2019-09-05,48,Johannes                                          ,Van der Berg                                      ,Netherlands,Amsterdam,998,End Over End,Rock,0.99,1.0,0.99
422,2019-09-07,53,Phil                                              ,Hughes                                            ,United Kingdom,London,1698,Perfeição,Latin,0.99,1.0,0.99
422,2019-09-07,53,Phil                                              ,Hughes                                            ,United Kingdom,London,2263,Somebody To Love,Rock,0.99,1.0,0.99
422,2019-09-07,53,Phil                                              ,Hughes                                            ,United Kingdom,London,3060,Little Guitars,Rock,0.99,1.0,0.99
422,2019-09-07,53,Phil                                              ,Hughes                                            ,United Kingdom,London,1126,Re-Align,Metal,0.99,1.0,0.99
422,2019-09-07,53,Phil                                              ,Hughes                                            ,United Kingdom,London,1586,Thank You,Rock,0.99,1.0,0.99
422,2019-09-07,53,Phil                                              ,Hughes                                            ,United Kingdom,London,3001,The Star Spangled Banner,Rock,0.99,1.0,0.99
422,2019-09-07,53,Phil                                              ,Hughes                                            ,United Kingdom,London,82,Creeping Death,Metal,0.99,1.0,0.99
423,2019-09-07,21,Kathy                                             ,Chase                                             ,USA,Reno,1479,Foxy Lady,Rock,0.99,1.0,0.99
423,2019-09-07,21,Kathy                                             ,Chase                                             ,USA,Reno,2235,Any Colour You Like,Rock,0.99,1.0,0.99
423,2019-09-07,21,Kathy                                             ,Chase                                             ,USA,Reno,1871,Low Man's Lyric,Metal,0.99,1.0,0.99
423,2019-09-07,21,Kathy                                             ,Chase                                             ,USA,Reno,3478,Slowness,Alternative,0.99,1.0,0.99
423,2019-09-07,21,Kathy                                             ,Chase                                             ,USA,Reno,1002,Another Round,Rock,0.99,1.0,0.99
423,2019-09-07,21,Kathy                                             ,Chase                                             ,USA,Reno,2600,Train In Vain,Alternative & Punk,0.99,1.0,0.99
423,2019-09-07,21,Kathy                                             ,Chase                                             ,USA,Reno,2740,Magic Bus,Rock,0.99,1.0,0.99
423,2019-09-07,21,Kathy                                             ,Chase                                             ,USA,Reno,1178,Get In The Ring,Metal,0.99,1.0,0.99
423,2019-09-07,21,Kathy                                             ,Chase                                             ,USA,Reno,3047,Bring Me Your Cup,Reggae,0.99,1.0,0.99
423,2019-09-07,21,Kathy                                             ,Chase                                             ,USA,Reno,3269,Isolation,Pop,0.99,1.0,0.99
423,2019-09-07,21,Kathy                                             ,Chase                                             ,USA,Reno,7,Let's Get It Up,Rock,0.99,1.0,0.99
424,2019-09-09,35,Madalena                                          ,Sampaio                                           ,Portugal,Porto,1495,Highway Chile,Rock,0.99,1.0,0.99
424,2019-09-09,35,Madalena                                          ,Sampaio                                           ,Portugal,Porto,3336,War Pigs,Alternative,0.99,1.0,0.99
425,2019-09-13,14,Mark                                              ,Philips                                           ,Canada,Edmonton,1483,Love Or Confusion,Rock,0.99,1.0,0.99
426,2019-09-14,37,Fynn                                              ,Zimmermann                                        ,Germany,Frankfurt,2558,Radio/Video,Metal,0.99,1.0,0.99
426,2019-09-14,37,Fynn                                              ,Zimmermann                                        ,Germany,Frankfurt,43,Forgiven,Rock,0.99,1.0,0.99
426,2019-09-14,37,Fynn                                              ,Zimmermann                                        ,Germany,Frankfurt,449,Calling Dr. Love,Rock,0.99,1.0,0.99
426,2019-09-14,37,Fynn                                              ,Zimmermann                                        ,Germany,Frankfurt,1477,Lazy Gun,Alternative & Punk,0.99,1.0,0.99
426,2019-09-14,37,Fynn                                              ,Zimmermann                                        ,Germany,Frankfurt,2558,Radio/Video,Metal,0.99,1.0,0.99
427,2019-09-14,55,Mark                                              ,Taylor                                            ,Australia,Sidney,23,Walk On Water,Rock,0.99,1.0,0.99
427,2019-09-14,55,Mark                                              ,Taylor                                            ,Australia,Sidney,24,Love In An Elevator,Rock,0.99,1.0,0.99
427,2019-09-14,55,Mark                                              ,Taylor                                            ,Australia,Sidney,25,Rag Doll,Rock,0.99,1.0,0.99
427,2019-09-14,55,Mark                                              ,Taylor                                            ,Australia,Sidney,26,What It Takes,Rock,0.99,1.0,0.99
427,2019-09-14,55,Mark                                              ,Taylor                                            ,Australia,Sidney,27,Dude (Looks Like A Lady),Rock,0.99,1.0,0.99
427,2019-09-14,55,Mark                                              ,Taylor                                            ,Australia,Sidney,28,Janie's Got A Gun,Rock,0.99,1.0,0.99
427,2019-09-14,55,Mark                                              ,Taylor                                            ,Australia,Sidney,29,Cryin',Rock,0.99,1.0,0.99
427,2019-09-14,55,Mark                                              ,Taylor                                            ,Australia,Sidney,30,Amazing,Rock,0.99,1.0,0.99
427,2019-09-14,55,Mark                                              ,Taylor                                            ,Australia,Sidney,31,Blind Man,Rock,0.99,1.0,0.99
427,2019-09-14,55,Mark                                              ,Taylor                                            ,Australia,Sidney,32,Deuces Are Wild,Rock,0.99,1.0,0.99
427,2019-09-14,55,Mark                                              ,Taylor                                            ,Australia,Sidney,33,The Other Side,Rock,0.99,1.0,0.99
427,2019-09-14,55,Mark                                              ,Taylor                                            ,Australia,Sidney,34,Crazy,Rock,0.99,1.0,0.99
427,2019-09-14,55,Mark                                              ,Taylor                                            ,Australia,Sidney,35,Eat The Rich,Rock,0.99,1.0,0.99
427,2019-09-14,55,Mark                                              ,Taylor                                            ,Australia,Sidney,36,Angel,Rock,0.99,1.0,0.99
427,2019-09-14,55,Mark                                              ,Taylor                                            ,Australia,Sidney,37,Livin' On The Edge,Rock,0.99,1.0,0.99
428,2019-09-17,43,Isabelle                                          ,Mercier                                           ,France,Dijon,2687,Thief In The Night,Rock,0.99,1.0,0.99
428,2019-09-17,43,Isabelle                                          ,Mercier                                           ,France,Dijon,1013,Disenchanted Lullaby,Alternative & Punk,0.99,1.0,0.99
428,2019-09-17,43,Isabelle                                          ,Mercier                                           ,France,Dijon,1591,Ozone Baby,Rock,0.99,1.0,0.99
428,2019-09-17,43,Isabelle                                          ,Mercier                                           ,France,Dijon,3500,"String Quartet No. 12 in C Minor, D. 703 Quartettsatz: II. Andante - Allegro assai",Classical,0.99,1.0,0.99
429,2019-09-17,5,R                                                 ,Madhav                                            ,Czech Republic,Prague,828,Love Bites,Rock,0.99,1.0,0.99
429,2019-09-17,5,R                                                 ,Madhav                                            ,Czech Republic,Prague,1484,I Don't Live Today,Rock,0.99,1.0,0.99
429,2019-09-17,5,R                                                 ,Madhav                                            ,Czech Republic,Prague,1151,Paradise City,Rock,0.99,1.0,0.99
429,2019-09-17,5,R                                                 ,Madhav                                            ,Czech Republic,Prague,2106,Suicide Solution (With Guitar Solo),Metal,0.99,1.0,0.99
429,2019-09-17,5,R                                                 ,Madhav                                            ,Czech Republic,Prague,2642,Twentienth Century Fox,Rock,0.99,1.0,0.99
429,2019-09-17,5,R                                                 ,Madhav                                            ,Czech Republic,Prague,1419,I Got You (I Feel Good),R&B/Soul,0.99,1.0,0.99
429,2019-09-17,5,R                                                 ,Madhav                                            ,Czech Republic,Prague,2683,Wainting On A Friend,Rock,0.99,1.0,0.99
429,2019-09-17,5,R                                                 ,Madhav                                            ,Czech Republic,Prague,2562,Sad Statue,Metal,0.99,1.0,0.99
429,2019-09-17,5,R                                                 ,Madhav                                            ,Czech Republic,Prague,1469,Look What You've Done,Alternative & Punk,0.99,1.0,0.99
429,2019-09-17,5,R                                                 ,Madhav                                            ,Czech Republic,Prague,979,Confidência,Latin,0.99,1.0,0.99
429,2019-09-17,5,R                                                 ,Madhav                                            ,Czech Republic,Prague,3377,Arms Around Your Love,Alternative,0.99,1.0,0.99
430,2019-09-20,55,Mark                                              ,Taylor                                            ,Australia,Sidney,1788,Ego Tripping Out,R&B/Soul,0.99,1.0,0.99
430,2019-09-20,55,Mark                                              ,Taylor                                            ,Australia,Sidney,2649,The End,Rock,0.99,1.0,0.99
431,2019-09-21,8,Daan                                              ,Peeters                                           ,Belgium,Brussels,3256,Give Peace a Chance,Pop,0.99,1.0,0.99
431,2019-09-21,8,Daan                                              ,Peeters                                           ,Belgium,Brussels,1011,Have It All,Alternative & Punk,0.99,1.0,0.99
431,2019-09-21,8,Daan                                              ,Peeters                                           ,Belgium,Brussels,160,Supernaut,Metal,0.99,1.0,0.99
431,2019-09-21,8,Daan                                              ,Peeters                                           ,Belgium,Brussels,1105,A Novidade,Latin,0.99,1.0,0.99
431,2019-09-21,8,Daan                                              ,Peeters                                           ,Belgium,Brussels,1000,What If I Do?,Rock,0.99,1.0,0.99
431,2019-09-21,8,Daan                                              ,Peeters                                           ,Belgium,Brussels,1472,Radio Song,Alternative & Punk,0.99,1.0,0.99
431,2019-09-21,8,Daan                                              ,Peeters                                           ,Belgium,Brussels,2292,Turn You Inside-Out,Alternative & Punk,0.99,1.0,0.99
431,2019-09-21,8,Daan                                              ,Peeters                                           ,Belgium,Brussels,2278,Sleep On The Sidewalk,Rock,0.99,1.0,0.99
431,2019-09-21,8,Daan                                              ,Peeters                                           ,Belgium,Brussels,822,A Twist In The Tail,Rock,0.99,1.0,0.99
431,2019-09-21,8,Daan                                              ,Peeters                                           ,Belgium,Brussels,1441,Blow Your Mind,Rock,0.99,1.0,0.99
432,2019-09-23,32,Aaron                                             ,Mitchell                                          ,Canada,Winnipeg,1469,Look What You've Done,Alternative & Punk,0.99,1.0,0.99
432,2019-09-23,32,Aaron                                             ,Mitchell                                          ,Canada,Winnipeg,94,Hypnotize,Rock,0.99,1.0,0.99
433,2019-09-24,33,Ellie                                             ,Sullivan                                          ,Canada,Yellowknife,27,Dude (Looks Like A Lady),Rock,0.99,1.0,0.99
433,2019-09-24,33,Ellie                                             ,Sullivan                                          ,Canada,Yellowknife,832,Heaven Is,Rock,0.99,1.0,0.99
433,2019-09-24,33,Ellie                                             ,Sullivan                                          ,Canada,Yellowknife,579,Wishing It Was,Rock,0.99,1.0,0.99
434,2019-09-27,26,Richard                                           ,Cunningham                                        ,USA,Fort Worth,1996,Heart-Shaped Box,Rock,0.99,1.0,0.99
434,2019-09-27,26,Richard                                           ,Cunningham                                        ,USA,Fort Worth,3369,Call Me a Dog,Alternative,0.99,1.0,0.99
434,2019-09-27,26,Richard                                           ,Cunningham                                        ,USA,Fort Worth,2646,I Looked At You,Rock,0.99,1.0,0.99
434,2019-09-27,26,Richard                                           ,Cunningham                                        ,USA,Fort Worth,2543,Sex Type Thing,Rock,0.99,1.0,0.99
434,2019-09-27,26,Richard                                           ,Cunningham                                        ,USA,Fort Worth,2298,New Test Leper,Rock,0.99,1.0,0.99
434,2019-09-27,26,Richard                                           ,Cunningham                                        ,USA,Fort Worth,3336,War Pigs,Alternative,0.99,1.0,0.99
434,2019-09-27,26,Richard                                           ,Cunningham                                        ,USA,Fort Worth,740,Socorro,Latin,0.99,1.0,0.99
434,2019-09-27,26,Richard                                           ,Cunningham                                        ,USA,Fort Worth,27,Dude (Looks Like A Lady),Rock,0.99,1.0,0.99
434,2019-09-27,26,Richard                                           ,Cunningham                                        ,USA,Fort Worth,1427,Get On The Good Foot,R&B/Soul,0.99,1.0,0.99
434,2019-09-27,26,Richard                                           ,Cunningham                                        ,USA,Fort Worth,3292,Still Loving You,Rock,0.99,1.0,0.99
435,2019-09-28,38,Niklas                                            ,Schröder                                          ,Germany,Berlin,3460,Love Is a Losing Game,R&B/Soul,0.99,1.0,0.99
435,2019-09-28,38,Niklas                                            ,Schröder                                          ,Germany,Berlin,529,Balada Do Louco,Alternative & Punk,0.99,1.0,0.99
435,2019-09-28,38,Niklas                                            ,Schröder                                          ,Germany,Berlin,426,Breakthru,Rock,0.99,1.0,0.99
435,2019-09-28,38,Niklas                                            ,Schröder                                          ,Germany,Berlin,784,Lazy,Rock,0.99,1.0,0.99
435,2019-09-28,38,Niklas                                            ,Schröder                                          ,Germany,Berlin,2231,Time,Rock,0.99,1.0,0.99
435,2019-09-28,38,Niklas                                            ,Schröder                                          ,Germany,Berlin,895,Crossroads,Blues,0.99,1.0,0.99
436,2019-10-02,17,Jack                                              ,Smith                                             ,USA,Redmond,1692,Que País É Este,Latin,0.99,1.0,0.99
436,2019-10-02,17,Jack                                              ,Smith                                             ,USA,Redmond,1041,For Once In My Life,Easy Listening,0.99,1.0,0.99
436,2019-10-02,17,Jack                                              ,Smith                                             ,USA,Redmond,1555,Freewheel Burning,Metal,0.99,1.0,0.99
436,2019-10-02,17,Jack                                              ,Smith                                             ,USA,Redmond,77,Enter Sandman,Metal,0.99,1.0,0.99
436,2019-10-02,17,Jack                                              ,Smith                                             ,USA,Redmond,2008,Polly,Rock,0.99,1.0,0.99
436,2019-10-02,17,Jack                                              ,Smith                                             ,USA,Redmond,2392,Parallel Universe,Rock,0.99,1.0,0.99
437,2019-10-02,54,Steve                                             ,Murray                                            ,United Kingdom,Edinburgh ,301,A Sombra Da Maldade,Reggae,0.99,1.0,0.99
437,2019-10-02,54,Steve                                             ,Murray                                            ,United Kingdom,Edinburgh ,1955,Please Don't Touch,Metal,0.99,1.0,0.99
437,2019-10-02,54,Steve                                             ,Murray                                            ,United Kingdom,Edinburgh ,2280,It's Late,Rock,0.99,1.0,0.99
437,2019-10-02,54,Steve                                             ,Murray                                            ,United Kingdom,Edinburgh ,1913,Blues For Pablo (Alternate Take),Jazz,0.99,1.0,0.99
437,2019-10-02,54,Steve                                             ,Murray                                            ,United Kingdom,Edinburgh ,2653,Walking on the Moon,Rock,0.99,1.0,0.99
437,2019-10-02,54,Steve                                             ,Murray                                            ,United Kingdom,Edinburgh ,3336,War Pigs,Alternative,0.99,1.0,0.99
437,2019-10-02,54,Steve                                             ,Murray                                            ,United Kingdom,Edinburgh ,1143,Wake Me Up When September Ends,Alternative & Punk,0.99,1.0,0.99
437,2019-10-02,54,Steve                                             ,Murray                                            ,United Kingdom,Edinburgh ,3452,"SCRIABIN: Prelude in B Major, Op. 11, No. 11",Classical,0.99,1.0,0.99
437,2019-10-02,54,Steve                                             ,Murray                                            ,United Kingdom,Edinburgh ,434,The Show Must Go On,Rock,0.99,1.0,0.99
437,2019-10-02,54,Steve                                             ,Murray                                            ,United Kingdom,Edinburgh ,1657,Royal Orleans,Rock,0.99,1.0,0.99
438,2019-10-04,23,John                                              ,Gordon                                            ,USA,Boston,1145,Whatsername,Alternative & Punk,0.99,1.0,0.99
438,2019-10-04,23,John                                              ,Gordon                                            ,USA,Boston,2736,Boris The Spider,Rock,0.99,1.0,0.99
438,2019-10-04,23,John                                              ,Gordon                                            ,USA,Boston,2605,This Is Radio Clash,Alternative & Punk,0.99,1.0,0.99
438,2019-10-04,23,John                                              ,Gordon                                            ,USA,Boston,3107,Illegal I Song,Rock,0.99,1.0,0.99
438,2019-10-04,23,John                                              ,Gordon                                            ,USA,Boston,1173,Coma,Rock,0.99,1.0,0.99
438,2019-10-04,23,John                                              ,Gordon                                            ,USA,Boston,3289,No One Like You,Rock,0.99,1.0,0.99
438,2019-10-04,23,John                                              ,Gordon                                            ,USA,Boston,2293,Hairshirt,Alternative & Punk,0.99,1.0,0.99
438,2019-10-04,23,John                                              ,Gordon                                            ,USA,Boston,151,Behind The Wall Of Sleep,Metal,0.99,1.0,0.99
438,2019-10-04,23,John                                              ,Gordon                                            ,USA,Boston,1652,Boogie With Stu,Rock,0.99,1.0,0.99
438,2019-10-04,23,John                                              ,Gordon                                            ,USA,Boston,421,Radio GA GA,Rock,0.99,1.0,0.99
438,2019-10-04,23,John                                              ,Gordon                                            ,USA,Boston,1849,Mama Said,Metal,0.99,1.0,0.99
439,2019-10-08,11,Alexandre                                         ,Rocha                                             ,Brazil,São Paulo,2515,The Day I Tried To Live,Rock,0.99,1.0,0.99
439,2019-10-08,11,Alexandre                                         ,Rocha                                             ,Brazil,São Paulo,2687,Thief In The Night,Rock,0.99,1.0,0.99
439,2019-10-08,11,Alexandre                                         ,Rocha                                             ,Brazil,São Paulo,2214,Leash,Rock,0.99,1.0,0.99
439,2019-10-08,11,Alexandre                                         ,Rocha                                             ,Brazil,São Paulo,1549,Hot Rockin',Metal,0.99,1.0,0.99
439,2019-10-08,11,Alexandre                                         ,Rocha                                             ,Brazil,São Paulo,2735,I'm A Boy,Rock,0.99,1.0,0.99
439,2019-10-08,11,Alexandre                                         ,Rocha                                             ,Brazil,São Paulo,423,I Want To Break Free,Rock,0.99,1.0,0.99
439,2019-10-08,11,Alexandre                                         ,Rocha                                             ,Brazil,São Paulo,1424,Hey America,R&B/Soul,0.99,1.0,0.99
440,2019-10-08,45,Ladislav                                          ,Kovács                                            ,Hungary,Budapest,88,What You Are,Rock,0.99,1.0,0.99
440,2019-10-08,45,Ladislav                                          ,Kovács                                            ,Hungary,Budapest,1886,Invisible Kid,Metal,0.99,1.0,0.99
440,2019-10-08,45,Ladislav                                          ,Kovács                                            ,Hungary,Budapest,2648,Take It As It Comes,Rock,0.99,1.0,0.99
441,2019-10-26,44,Terhi                                             ,Hämäläinen                                        ,Finland,Helsinki,2743,Baba O'Riley,Rock,0.99,1.0,0.99
441,2019-10-26,44,Terhi                                             ,Hämäläinen                                        ,Finland,Helsinki,2226,Pick Myself Up,Reggae,0.99,1.0,0.99
441,2019-10-26,44,Terhi                                             ,Hämäläinen                                        ,Finland,Helsinki,1725,O Descobridor Dos Sete Mares,Latin,0.99,1.0,0.99
441,2019-10-26,44,Terhi                                             ,Hämäläinen                                        ,Finland,Helsinki,3437,"Piano Sonata No. 14 in C Sharp Minor, Op. 27, No. 2, Moonlight: I. Adagio sostenuto",Classical,0.99,1.0,0.99
441,2019-10-26,44,Terhi                                             ,Hämäläinen                                        ,Finland,Helsinki,2653,Walking on the Moon,Rock,0.99,1.0,0.99
441,2019-10-26,44,Terhi                                             ,Hämäläinen                                        ,Finland,Helsinki,1079,Qui Nem Jiló,Soundtrack,0.99,1.0,0.99
441,2019-10-26,44,Terhi                                             ,Hämäläinen                                        ,Finland,Helsinki,3495,"24 Caprices, Op. 1, No. 24, for Solo Violin, in A Minor",Classical,0.99,1.0,0.99
442,2019-11-05,1,Luís                                              ,Gonçalves                                         ,Brazil,São José dos Campos,572,Put Your Lights On,Rock,0.99,1.0,0.99
442,2019-11-05,1,Luís                                              ,Gonçalves                                         ,Brazil,São José dos Campos,2229,Speak To Me/Breathe,Rock,0.99,1.0,0.99
442,2019-11-05,1,Luís                                              ,Gonçalves                                         ,Brazil,São José dos Campos,2365,The Righteous & The Wicked,Alternative & Punk,0.99,1.0,0.99
442,2019-11-05,1,Luís                                              ,Gonçalves                                         ,Brazil,São José dos Campos,2113,Shining In The Light,Rock,0.99,1.0,0.99
443,2019-11-07,20,Dan                                               ,Miller                                            ,USA,Mountain View,2004,In Bloom,Rock,0.99,1.0,0.99
443,2019-11-07,20,Dan                                               ,Miller                                            ,USA,Mountain View,433,Friends Will Be Friends,Rock,0.99,1.0,0.99
443,2019-11-07,20,Dan                                               ,Miller                                            ,USA,Mountain View,3006,With Or Without You,Rock,0.99,1.0,0.99
443,2019-11-07,20,Dan                                               ,Miller                                            ,USA,Mountain View,676,I Put A Spell On You,Rock,0.99,1.0,0.99
443,2019-11-07,20,Dan                                               ,Miller                                            ,USA,Mountain View,3085,I'm The One,Rock,0.99,1.0,0.99
443,2019-11-07,20,Dan                                               ,Miller                                            ,USA,Mountain View,13,Night Of The Long Knives,Rock,0.99,1.0,0.99
443,2019-11-07,20,Dan                                               ,Miller                                            ,USA,Mountain View,2395,Get On Top,Rock,0.99,1.0,0.99
443,2019-11-07,20,Dan                                               ,Miller                                            ,USA,Mountain View,2664,Time Is On My Side,Rock,0.99,1.0,0.99
444,2019-11-08,52,Emma                                              ,Jones                                             ,United Kingdom,London,2229,Speak To Me/Breathe,Rock,0.99,1.0,0.99
444,2019-11-08,52,Emma                                              ,Jones                                             ,United Kingdom,London,2230,On The Run,Rock,0.99,1.0,0.99
444,2019-11-08,52,Emma                                              ,Jones                                             ,United Kingdom,London,2231,Time,Rock,0.99,1.0,0.99
444,2019-11-08,52,Emma                                              ,Jones                                             ,United Kingdom,London,2232,The Great Gig In The Sky,Rock,0.99,1.0,0.99
444,2019-11-08,52,Emma                                              ,Jones                                             ,United Kingdom,London,2233,Money,Rock,0.99,1.0,0.99
444,2019-11-08,52,Emma                                              ,Jones                                             ,United Kingdom,London,2234,Us And Them,Rock,0.99,1.0,0.99
444,2019-11-08,52,Emma                                              ,Jones                                             ,United Kingdom,London,2235,Any Colour You Like,Rock,0.99,1.0,0.99
444,2019-11-08,52,Emma                                              ,Jones                                             ,United Kingdom,London,2236,Brain Damage,Rock,0.99,1.0,0.99
444,2019-11-08,52,Emma                                              ,Jones                                             ,United Kingdom,London,2237,Eclipse,Rock,0.99,1.0,0.99
445,2019-11-11,40,Dominique                                         ,Lefebvre                                          ,France,Paris,2220,Nothing But Love,Reggae,0.99,1.0,0.99
445,2019-11-11,40,Dominique                                         ,Lefebvre                                          ,France,Paris,411,Turn The Page,Metal,0.99,1.0,0.99
445,2019-11-11,40,Dominique                                         ,Lefebvre                                          ,France,Paris,3478,Slowness,Alternative,0.99,1.0,0.99
445,2019-11-11,40,Dominique                                         ,Lefebvre                                          ,France,Paris,2108,Children Of The Grave,Metal,0.99,1.0,0.99
446,2019-11-19,49,Stanisław                                         ,Wójcik                                            ,Poland,Warsaw,1,For Those About To Rock (We Salute You),Rock,0.99,1.0,0.99
446,2019-11-19,49,Stanisław                                         ,Wójcik                                            ,Poland,Warsaw,7,Let's Get It Up,Rock,0.99,1.0,0.99
446,2019-11-19,49,Stanisław                                         ,Wójcik                                            ,Poland,Warsaw,8,Inject The Venom,Rock,0.99,1.0,0.99
446,2019-11-19,49,Stanisław                                         ,Wójcik                                            ,Poland,Warsaw,9,Snowballed,Rock,0.99,1.0,0.99
446,2019-11-19,49,Stanisław                                         ,Wójcik                                            ,Poland,Warsaw,10,Evil Walks,Rock,0.99,1.0,0.99
446,2019-11-19,49,Stanisław                                         ,Wójcik                                            ,Poland,Warsaw,11,C.O.D.,Rock,0.99,1.0,0.99
446,2019-11-19,49,Stanisław                                         ,Wójcik                                            ,Poland,Warsaw,12,Breaking The Rules,Rock,0.99,1.0,0.99
446,2019-11-19,49,Stanisław                                         ,Wójcik                                            ,Poland,Warsaw,13,Night Of The Long Knives,Rock,0.99,1.0,0.99
446,2019-11-19,49,Stanisław                                         ,Wójcik                                            ,Poland,Warsaw,14,Spellbound,Rock,0.99,1.0,0.99
447,2019-11-23,12,Roberto                                           ,Almeida                                           ,Brazil,Rio de Janeiro,2285,Pop Song 89,Alternative & Punk,0.99,1.0,0.99
447,2019-11-23,12,Roberto                                           ,Almeida                                           ,Brazil,Rio de Janeiro,2286,Get Up,Alternative & Punk,0.99,1.0,0.99
447,2019-11-23,12,Roberto                                           ,Almeida                                           ,Brazil,Rio de Janeiro,2287,You Are The Everything,Alternative & Punk,0.99,1.0,0.99
447,2019-11-23,12,Roberto                                           ,Almeida                                           ,Brazil,Rio de Janeiro,2288,Stand,Alternative & Punk,0.99,1.0,0.99
447,2019-11-23,12,Roberto                                           ,Almeida                                           ,Brazil,Rio de Janeiro,2289,World Leader Pretend,Alternative & Punk,0.99,1.0,0.99
447,2019-11-23,12,Roberto                                           ,Almeida                                           ,Brazil,Rio de Janeiro,2290,The Wrong Child,Alternative & Punk,0.99,1.0,0.99
447,2019-11-23,12,Roberto                                           ,Almeida                                           ,Brazil,Rio de Janeiro,2291,Orange Crush,Alternative & Punk,0.99,1.0,0.99
447,2019-11-23,12,Roberto                                           ,Almeida                                           ,Brazil,Rio de Janeiro,2292,Turn You Inside-Out,Alternative & Punk,0.99,1.0,0.99
447,2019-11-23,12,Roberto                                           ,Almeida                                           ,Brazil,Rio de Janeiro,2293,Hairshirt,Alternative & Punk,0.99,1.0,0.99
447,2019-11-23,12,Roberto                                           ,Almeida                                           ,Brazil,Rio de Janeiro,2294,I Remember California,Alternative & Punk,0.99,1.0,0.99
447,2019-11-23,12,Roberto                                           ,Almeida                                           ,Brazil,Rio de Janeiro,2295,Untitled,Alternative & Punk,0.99,1.0,0.99
448,2019-11-27,18,Michelle                                          ,Brooks                                            ,USA,New York,2152,Daughter,Rock,0.99,1.0,0.99
448,2019-11-27,18,Michelle                                          ,Brooks                                            ,USA,New York,2413,Anthem,Rock,0.99,1.0,0.99
448,2019-11-27,18,Michelle                                          ,Brooks                                            ,USA,New York,917,Walkin' Blues,Blues,0.99,1.0,0.99
448,2019-11-27,18,Michelle                                          ,Brooks                                            ,USA,New York,2444,Your Mirror,Rock,0.99,1.0,0.99
448,2019-11-27,18,Michelle                                          ,Brooks                                            ,USA,New York,1554,Turbo Lover,Metal,0.99,1.0,0.99
448,2019-11-27,18,Michelle                                          ,Brooks                                            ,USA,New York,3470,I Heard Love Is Blind,Pop,0.99,1.0,0.99
448,2019-11-27,18,Michelle                                          ,Brooks                                            ,USA,New York,186,Killing Floor,Metal,0.99,1.0,0.99
448,2019-11-27,18,Michelle                                          ,Brooks                                            ,USA,New York,1556,Some Heads Are Gonna Roll,Metal,0.99,1.0,0.99
448,2019-11-27,18,Michelle                                          ,Brooks                                            ,USA,New York,2215,Indifference,Rock,0.99,1.0,0.99
448,2019-11-27,18,Michelle                                          ,Brooks                                            ,USA,New York,2554,Soldier Side - Intro,Metal,0.99,1.0,0.99
449,2019-11-27,34,João                                              ,Fernandes                                         ,Portugal,Lisbon,1479,Foxy Lady,Rock,0.99,1.0,0.99
449,2019-11-27,34,João                                              ,Fernandes                                         ,Portugal,Lisbon,1480,Manic Depression,Rock,0.99,1.0,0.99
449,2019-11-27,34,João                                              ,Fernandes                                         ,Portugal,Lisbon,1481,Red House,Rock,0.99,1.0,0.99
449,2019-11-27,34,João                                              ,Fernandes                                         ,Portugal,Lisbon,1482,Can You See Me,Rock,0.99,1.0,0.99
449,2019-11-27,34,João                                              ,Fernandes                                         ,Portugal,Lisbon,1483,Love Or Confusion,Rock,0.99,1.0,0.99
449,2019-11-27,34,João                                              ,Fernandes                                         ,Portugal,Lisbon,1484,I Don't Live Today,Rock,0.99,1.0,0.99
449,2019-11-27,34,João                                              ,Fernandes                                         ,Portugal,Lisbon,1485,May This Be Love,Rock,0.99,1.0,0.99
449,2019-11-27,34,João                                              ,Fernandes                                         ,Portugal,Lisbon,1486,Fire,Rock,0.99,1.0,0.99
449,2019-11-27,34,João                                              ,Fernandes                                         ,Portugal,Lisbon,1487,Third Stone From The Sun,Rock,0.99,1.0,0.99
449,2019-11-27,34,João                                              ,Fernandes                                         ,Portugal,Lisbon,1488,Remember,Rock,0.99,1.0,0.99
449,2019-11-27,34,João                                              ,Fernandes                                         ,Portugal,Lisbon,1489,Are You Experienced?,Rock,0.99,1.0,0.99
449,2019-11-27,34,João                                              ,Fernandes                                         ,Portugal,Lisbon,1490,Hey Joe,Rock,0.99,1.0,0.99
449,2019-11-27,34,João                                              ,Fernandes                                         ,Portugal,Lisbon,1491,Stone Free,Rock,0.99,1.0,0.99
449,2019-11-27,34,João                                              ,Fernandes                                         ,Portugal,Lisbon,1492,Purple Haze,Rock,0.99,1.0,0.99
449,2019-11-27,34,João                                              ,Fernandes                                         ,Portugal,Lisbon,1493,51st Anniversary,Rock,0.99,1.0,0.99
449,2019-11-27,34,João                                              ,Fernandes                                         ,Portugal,Lisbon,1494,The Wind Cries Mary,Rock,0.99,1.0,0.99
449,2019-11-27,34,João                                              ,Fernandes                                         ,Portugal,Lisbon,1495,Highway Chile,Rock,0.99,1.0,0.99
450,2019-12-04,55,Mark                                              ,Taylor                                            ,Australia,Sidney,3009,Bad,Rock,0.99,1.0,0.99
450,2019-12-04,55,Mark                                              ,Taylor                                            ,Australia,Sidney,1984,Looks That Kill,Metal,0.99,1.0,0.99
450,2019-12-04,55,Mark                                              ,Taylor                                            ,Australia,Sidney,2744,Won't Get Fooled Again (Full Length Version),Rock,0.99,1.0,0.99
450,2019-12-04,55,Mark                                              ,Taylor                                            ,Australia,Sidney,424,Innuendo,Rock,0.99,1.0,0.99
450,2019-12-04,55,Mark                                              ,Taylor                                            ,Australia,Sidney,3495,"24 Caprices, Op. 1, No. 24, for Solo Violin, in A Minor",Classical,0.99,1.0,0.99
450,2019-12-04,55,Mark                                              ,Taylor                                            ,Australia,Sidney,894,Sunshine Of Your Love,Blues,0.99,1.0,0.99
450,2019-12-04,55,Mark                                              ,Taylor                                            ,Australia,Sidney,573,Africa Bamba,Rock,0.99,1.0,0.99
451,2019-12-13,46,Hugh                                              ,O'Reilly                                          ,Ireland,Dublin,3044,Wear You To The Ball,Reggae,0.99,1.0,0.99
452,2019-12-18,47,Lucas                                             ,Mancini                                           ,Italy,Rome,921,Old Love,Blues,0.99,1.0,0.99
452,2019-12-18,47,Lucas                                             ,Mancini                                           ,Italy,Rome,1130,I Am,Metal,0.99,1.0,0.99
452,2019-12-18,47,Lucas                                             ,Mancini                                           ,Italy,Rome,2685,Live With Me,Rock,0.99,1.0,0.99
452,2019-12-18,47,Lucas                                             ,Mancini                                           ,Italy,Rome,572,Put Your Lights On,Rock,0.99,1.0,0.99
452,2019-12-18,47,Lucas                                             ,Mancini                                           ,Italy,Rome,2603,Hitsville UK,Alternative & Punk,0.99,1.0,0.99
452,2019-12-18,47,Lucas                                             ,Mancini                                           ,Italy,Rome,1615,Four Sticks,Rock,0.99,1.0,0.99
452,2019-12-18,47,Lucas                                             ,Mancini                                           ,Italy,Rome,3336,War Pigs,Alternative,0.99,1.0,0.99
452,2019-12-18,47,Lucas                                             ,Mancini                                           ,Italy,Rome,2645,Back Door Man,Rock,0.99,1.0,0.99
453,2019-12-19,31,Martha                                            ,Silk                                              ,Canada,Halifax,3461,Tears Dry On Their Own,R&B/Soul,0.99,1.0,0.99
453,2019-12-19,31,Martha                                            ,Silk                                              ,Canada,Halifax,1168,The Garden,Rock,0.99,1.0,0.99
453,2019-12-19,31,Martha                                            ,Silk                                              ,Canada,Halifax,431,The Invisible Man,Rock,0.99,1.0,0.99
453,2019-12-19,31,Martha                                            ,Silk                                              ,Canada,Halifax,9,Snowballed,Rock,0.99,1.0,0.99
453,2019-12-19,31,Martha                                            ,Silk                                              ,Canada,Halifax,911,Hey Hey,Blues,0.99,1.0,0.99
454,2019-12-21,46,Hugh                                              ,O'Reilly                                          ,Ireland,Dublin,1986,Intro,Rock,0.99,1.0,0.99
454,2019-12-21,46,Hugh                                              ,O'Reilly                                          ,Ireland,Dublin,1987,School,Rock,0.99,1.0,0.99
454,2019-12-21,46,Hugh                                              ,O'Reilly                                          ,Ireland,Dublin,1988,Drain You,Rock,0.99,1.0,0.99
454,2019-12-21,46,Hugh                                              ,O'Reilly                                          ,Ireland,Dublin,1989,Aneurysm,Rock,0.99,1.0,0.99
454,2019-12-21,46,Hugh                                              ,O'Reilly                                          ,Ireland,Dublin,1990,Smells Like Teen Spirit,Rock,0.99,1.0,0.99
454,2019-12-21,46,Hugh                                              ,O'Reilly                                          ,Ireland,Dublin,1991,Been A Son,Rock,0.99,1.0,0.99
454,2019-12-21,46,Hugh                                              ,O'Reilly                                          ,Ireland,Dublin,1992,Lithium,Rock,0.99,1.0,0.99
454,2019-12-21,46,Hugh                                              ,O'Reilly                                          ,Ireland,Dublin,1994,Spank Thru,Rock,0.99,1.0,0.99
454,2019-12-21,46,Hugh                                              ,O'Reilly                                          ,Ireland,Dublin,1995,Scentless Apprentice,Rock,0.99,1.0,0.99
454,2019-12-21,46,Hugh                                              ,O'Reilly                                          ,Ireland,Dublin,1996,Heart-Shaped Box,Rock,0.99,1.0,0.99
454,2019-12-21,46,Hugh                                              ,O'Reilly                                          ,Ireland,Dublin,1998,Negative Creep,Rock,0.99,1.0,0.99
454,2019-12-21,46,Hugh                                              ,O'Reilly                                          ,Ireland,Dublin,1999,Polly,Rock,0.99,1.0,0.99
454,2019-12-21,46,Hugh                                              ,O'Reilly                                          ,Ireland,Dublin,2000,Breed,Rock,0.99,1.0,0.99
454,2019-12-21,46,Hugh                                              ,O'Reilly                                          ,Ireland,Dublin,2001,Tourette's,Rock,0.99,1.0,0.99
454,2019-12-21,46,Hugh                                              ,O'Reilly                                          ,Ireland,Dublin,2002,Blew,Rock,0.99,1.0,0.99
455,2019-12-24,28,Julia                                             ,Barnett                                           ,USA,Salt Lake City,2740,Magic Bus,Rock,0.99,1.0,0.99
455,2019-12-24,28,Julia                                             ,Barnett                                           ,USA,Salt Lake City,2327,Driver 8,Alternative & Punk,0.99,1.0,0.99
455,2019-12-24,28,Julia                                             ,Barnett                                           ,USA,Salt Lake City,2401,This Velvet Glove,Rock,0.99,1.0,0.99
455,2019-12-24,28,Julia                                             ,Barnett                                           ,USA,Salt Lake City,836,Make Love Like A Man,Rock,0.99,1.0,0.99
455,2019-12-24,28,Julia                                             ,Barnett                                           ,USA,Salt Lake City,1622,Your Time Is Gonna Come,Rock,0.99,1.0,0.99
456,2019-12-24,13,Fernanda                                          ,Ramos                                             ,Brazil,Brasília,711,Molina,Rock,0.99,1.0,0.99
456,2019-12-24,13,Fernanda                                          ,Ramos                                             ,Brazil,Brasília,2005,Come As You Are,Rock,0.99,1.0,0.99
456,2019-12-24,13,Fernanda                                          ,Ramos                                             ,Brazil,Brasília,6,Put The Finger On You,Rock,0.99,1.0,0.99
456,2019-12-24,13,Fernanda                                          ,Ramos                                             ,Brazil,Brasília,1552,Electric Eye,Metal,0.99,1.0,0.99
456,2019-12-24,13,Fernanda                                          ,Ramos                                             ,Brazil,Brasília,2292,Turn You Inside-Out,Alternative & Punk,0.99,1.0,0.99
456,2019-12-24,13,Fernanda                                          ,Ramos                                             ,Brazil,Brasília,900,I Shot The Sheriff,Blues,0.99,1.0,0.99
456,2019-12-24,13,Fernanda                                          ,Ramos                                             ,Brazil,Brasília,3495,"24 Caprices, Op. 1, No. 24, for Solo Violin, in A Minor",Classical,0.99,1.0,0.99
456,2019-12-24,13,Fernanda                                          ,Ramos                                             ,Brazil,Brasília,1810,The God That Failed,Metal,0.99,1.0,0.99
456,2019-12-24,13,Fernanda                                          ,Ramos                                             ,Brazil,Brasília,2943,In A Little While,Rock,0.99,1.0,0.99
456,2019-12-24,13,Fernanda                                          ,Ramos                                             ,Brazil,Brasília,3495,"24 Caprices, Op. 1, No. 24, for Solo Violin, in A Minor",Classical,0.99,1.0,0.99
457,2019-12-25,37,Fynn                                              ,Zimmermann                                        ,Germany,Frankfurt,1562,Comin' Home,Rock,0.99,1.0,0.99
457,2019-12-25,37,Fynn                                              ,Zimmermann                                        ,Germany,Frankfurt,1563,Plaster Caster,Rock,0.99,1.0,0.99
457,2019-12-25,37,Fynn                                              ,Zimmermann                                        ,Germany,Frankfurt,1564,Goin' Blind,Rock,0.99,1.0,0.99
457,2019-12-25,37,Fynn                                              ,Zimmermann                                        ,Germany,Frankfurt,1565,Do You Love Me,Rock,0.99,1.0,0.99
457,2019-12-25,37,Fynn                                              ,Zimmermann                                        ,Germany,Frankfurt,1566,Domino,Rock,0.99,1.0,0.99
457,2019-12-25,37,Fynn                                              ,Zimmermann                                        ,Germany,Frankfurt,1567,Sure Know Something,Rock,0.99,1.0,0.99
457,2019-12-25,37,Fynn                                              ,Zimmermann                                        ,Germany,Frankfurt,1568,A World Without Heroes,Rock,0.99,1.0,0.99
457,2019-12-25,37,Fynn                                              ,Zimmermann                                        ,Germany,Frankfurt,1569,Rock Bottom,Rock,0.99,1.0,0.99
457,2019-12-25,37,Fynn                                              ,Zimmermann                                        ,Germany,Frankfurt,1570,See You Tonight,Rock,0.99,1.0,0.99
457,2019-12-25,37,Fynn                                              ,Zimmermann                                        ,Germany,Frankfurt,1571,I Still Love You,Rock,0.99,1.0,0.99
457,2019-12-25,37,Fynn                                              ,Zimmermann                                        ,Germany,Frankfurt,1572,Every Time I Look At You,Rock,0.99,1.0,0.99
457,2019-12-25,37,Fynn                                              ,Zimmermann                                        ,Germany,Frankfurt,1573,"2,000 Man",Rock,0.99,1.0,0.99
457,2019-12-25,37,Fynn                                              ,Zimmermann                                        ,Germany,Frankfurt,1574,Beth,Rock,0.99,1.0,0.99
457,2019-12-25,37,Fynn                                              ,Zimmermann                                        ,Germany,Frankfurt,1575,Nothin' To Lose,Rock,0.99,1.0,0.99
457,2019-12-25,37,Fynn                                              ,Zimmermann                                        ,Germany,Frankfurt,1576,Rock And Roll All Nite,Rock,0.99,1.0,0.99
458,2019-12-26,42,Wyatt                                             ,Girard                                            ,France,Bordeaux,3473,Take the Box,Pop,0.99,1.0,0.99
459,2019-12-26,50,Enrique                                           ,Muñoz                                             ,Spain,Madrid,226,Carolina,Latin,0.99,1.0,0.99
459,2019-12-26,50,Enrique                                           ,Muñoz                                             ,Spain,Madrid,2001,Tourette's,Rock,0.99,1.0,0.99
460,2019-12-28,20,Dan                                               ,Miller                                            ,USA,Mountain View,78,Master Of Puppets,Metal,0.99,1.0,0.99
460,2019-12-28,20,Dan                                               ,Miller                                            ,USA,Mountain View,1439,Emergency On Planet Earth,Rock,0.99,1.0,0.99
460,2019-12-28,20,Dan                                               ,Miller                                            ,USA,Mountain View,2702,Baby Break It Down,Rock,0.99,1.0,0.99
460,2019-12-28,20,Dan                                               ,Miller                                            ,USA,Mountain View,1457,Half The Man,Electronica/Dance,0.99,1.0,0.99
460,2019-12-28,20,Dan                                               ,Miller                                            ,USA,Mountain View,2688,The Last Time,Rock,0.99,1.0,0.99
460,2019-12-28,20,Dan                                               ,Miller                                            ,USA,Mountain View,3071,Panama,Rock,0.99,1.0,0.99
460,2019-12-28,20,Dan                                               ,Miller                                            ,USA,Mountain View,701,Night Time Is The Right Time,Rock,0.99,1.0,0.99
460,2019-12-28,20,Dan                                               ,Miller                                            ,USA,Mountain View,51,We Die Young,Rock,0.99,1.0,0.99
460,2019-12-28,20,Dan                                               ,Miller                                            ,USA,Mountain View,530,Ando Meio Desligado,Alternative & Punk,0.99,1.0,0.99
460,2019-12-28,20,Dan                                               ,Miller                                            ,USA,Mountain View,2417,La Villa Strangiato,Rock,0.99,1.0,0.99
460,2019-12-28,20,Dan                                               ,Miller                                            ,USA,Mountain View,2437,It's Only Love,Rock,0.99,1.0,0.99
461,2019-12-29,11,Alexandre                                         ,Rocha                                             ,Brazil,São Paulo,2666,Play With Fire,Rock,0.99,1.0,0.99
461,2019-12-29,11,Alexandre                                         ,Rocha                                             ,Brazil,São Paulo,2325,Green Grow The Rushes,Alternative & Punk,0.99,1.0,0.99
461,2019-12-29,11,Alexandre                                         ,Rocha                                             ,Brazil,São Paulo,237,Minha Historia,Latin,0.99,1.0,0.99
461,2019-12-29,11,Alexandre                                         ,Rocha                                             ,Brazil,São Paulo,160,Supernaut,Metal,0.99,1.0,0.99
461,2019-12-29,11,Alexandre                                         ,Rocha                                             ,Brazil,São Paulo,419,A Kind Of Magic,Rock,0.99,1.0,0.99
461,2019-12-29,11,Alexandre                                         ,Rocha                                             ,Brazil,São Paulo,2561,Question!,Metal,0.99,1.0,0.99
461,2019-12-29,11,Alexandre                                         ,Rocha                                             ,Brazil,São Paulo,1942,Ace Of Spades,Metal,0.99,1.0,0.99
461,2019-12-29,11,Alexandre                                         ,Rocha                                             ,Brazil,São Paulo,3049,Reggae Music,Reggae,0.99,1.0,0.99
462,2019-12-29,7,Astrid                                            ,Gruber                                            ,Austria,Vienne,2645,Back Door Man,Rock,0.99,1.0,0.99
462,2019-12-29,7,Astrid                                            ,Gruber                                            ,Austria,Vienne,1493,51st Anniversary,Rock,0.99,1.0,0.99
462,2019-12-29,7,Astrid                                            ,Gruber                                            ,Austria,Vienne,3478,Slowness,Alternative,0.99,1.0,0.99
462,2019-12-29,7,Astrid                                            ,Gruber                                            ,Austria,Vienne,2340,Esporrei Na Manivela,Alternative & Punk,0.99,1.0,0.99
462,2019-12-29,7,Astrid                                            ,Gruber                                            ,Austria,Vienne,147,Blood In The Wall,Metal,0.99,1.0,0.99
462,2019-12-29,7,Astrid                                            ,Gruber                                            ,Austria,Vienne,3374,All Night Thing,Alternative,0.99,1.0,0.99
462,2019-12-29,7,Astrid                                            ,Gruber                                            ,Austria,Vienne,6,Put The Finger On You,Rock,0.99,1.0,0.99
462,2019-12-29,7,Astrid                                            ,Gruber                                            ,Austria,Vienne,615,Little Church (Live),Jazz,0.99,1.0,0.99
462,2019-12-29,7,Astrid                                            ,Gruber                                            ,Austria,Vienne,446,I Was Made For Loving You,Rock,0.99,1.0,0.99
463,2019-12-30,34,João                                              ,Fernandes                                         ,Portugal,Lisbon,38,All I Really Want,Rock,0.99,1.0,0.99
463,2019-12-30,34,João                                              ,Fernandes                                         ,Portugal,Lisbon,39,You Oughta Know,Rock,0.99,1.0,0.99
463,2019-12-30,34,João                                              ,Fernandes                                         ,Portugal,Lisbon,40,Perfect,Rock,0.99,1.0,0.99
463,2019-12-30,34,João                                              ,Fernandes                                         ,Portugal,Lisbon,41,Hand In My Pocket,Rock,0.99,1.0,0.99
463,2019-12-30,34,João                                              ,Fernandes                                         ,Portugal,Lisbon,42,Right Through You,Rock,0.99,1.0,0.99
463,2019-12-30,34,João                                              ,Fernandes                                         ,Portugal,Lisbon,44,You Learn,Rock,0.99,1.0,0.99
463,2019-12-30,34,João                                              ,Fernandes                                         ,Portugal,Lisbon,45,Head Over Feet,Rock,0.99,1.0,0.99
463,2019-12-30,34,João                                              ,Fernandes                                         ,Portugal,Lisbon,46,Mary Jane,Rock,0.99,1.0,0.99
463,2019-12-30,34,João                                              ,Fernandes                                         ,Portugal,Lisbon,47,Ironic,Rock,0.99,1.0,0.99
463,2019-12-30,34,João                                              ,Fernandes                                         ,Portugal,Lisbon,48,Not The Doctor,Rock,0.99,1.0,0.99
463,2019-12-30,34,João                                              ,Fernandes                                         ,Portugal,Lisbon,49,Wake Up,Rock,0.99,1.0,0.99
463,2019-12-30,34,João                                              ,Fernandes                                         ,Portugal,Lisbon,50,You Oughta Know (Alternate),Rock,0.99,1.0,0.99
464,2019-12-31,1,Luís                                              ,Gonçalves                                         ,Brazil,São José dos Campos,3003,All I Want Is You,Rock,0.99,1.0,0.99
464,2019-12-31,1,Luís                                              ,Gonçalves                                         ,Brazil,São José dos Campos,3087,Atomic Punk,Rock,0.99,1.0,0.99
464,2019-12-31,1,Luís                                              ,Gonçalves                                         ,Brazil,São José dos Campos,2558,Radio/Video,Metal,0.99,1.0,0.99
464,2019-12-31,1,Luís                                              ,Gonçalves                                         ,Brazil,São José dos Campos,38,All I Really Want,Rock,0.99,1.0,0.99
465,2020-01-12,21,Kathy                                             ,Chase                                             ,USA,Reno,149,Black Sabbath,Metal,0.99,1.0,0.99
465,2020-01-12,21,Kathy                                             ,Chase                                             ,USA,Reno,150,The Wizard,Metal,0.99,1.0,0.99
465,2020-01-12,21,Kathy                                             ,Chase                                             ,USA,Reno,151,Behind The Wall Of Sleep,Metal,0.99,1.0,0.99
465,2020-01-12,21,Kathy                                             ,Chase                                             ,USA,Reno,152,N.I.B.,Metal,0.99,1.0,0.99
465,2020-01-12,21,Kathy                                             ,Chase                                             ,USA,Reno,153,Evil Woman,Metal,0.99,1.0,0.99
465,2020-01-12,21,Kathy                                             ,Chase                                             ,USA,Reno,154,Sleeping Village,Metal,0.99,1.0,0.99
465,2020-01-12,21,Kathy                                             ,Chase                                             ,USA,Reno,155,Warning,Metal,0.99,1.0,0.99
466,2020-01-19,30,Edward                                            ,Francis                                           ,Canada,Ottawa,428,Headlong,Rock,0.99,1.0,0.99
466,2020-01-19,30,Edward                                            ,Francis                                           ,Canada,Ottawa,2379,Don't Forget Me,Rock,0.99,1.0,0.99
466,2020-01-19,30,Edward                                            ,Francis                                           ,Canada,Ottawa,73,Corcovado (Quiet Nights Of Quiet Stars),Jazz,0.99,1.0,0.99
466,2020-01-19,30,Edward                                            ,Francis                                           ,Canada,Ottawa,2634,Go West,Rock,0.99,1.0,0.99
467,2020-01-20,5,R                                                 ,Madhav                                            ,Czech Republic,Prague,3424,"Turandot, Act III, Nessun dorma!",Classical,0.99,1.0,0.99
467,2020-01-20,5,R                                                 ,Madhav                                            ,Czech Republic,Prague,1789,Praise,R&B/Soul,0.99,1.0,0.99
467,2020-01-20,5,R                                                 ,Madhav                                            ,Czech Republic,Prague,2262,Crazy Little Thing Called Love,Rock,0.99,1.0,0.99
467,2020-01-20,5,R                                                 ,Madhav                                            ,Czech Republic,Prague,1802,Sad But True,Metal,0.99,1.0,0.99
467,2020-01-20,5,R                                                 ,Madhav                                            ,Czech Republic,Prague,2012,Stay Away,Rock,0.99,1.0,0.99
467,2020-01-20,5,R                                                 ,Madhav                                            ,Czech Republic,Prague,154,Sleeping Village,Metal,0.99,1.0,0.99
467,2020-01-20,5,R                                                 ,Madhav                                            ,Czech Republic,Prague,1956,Emergency,Metal,0.99,1.0,0.99
467,2020-01-20,5,R                                                 ,Madhav                                            ,Czech Republic,Prague,3128,Samba Do Jato,Latin,0.99,1.0,0.99
467,2020-01-20,5,R                                                 ,Madhav                                            ,Czech Republic,Prague,207,Meditação,Latin,0.99,1.0,0.99
467,2020-01-20,5,R                                                 ,Madhav                                            ,Czech Republic,Prague,477,Brain Stew,Alternative & Punk,0.99,1.0,0.99
468,2020-01-22,25,Victor                                            ,Stevens                                           ,USA,Madison,2149,Corduroy,Rock,0.99,1.0,0.99
468,2020-01-22,25,Victor                                            ,Stevens                                           ,USA,Madison,2150,Given To Fly,Rock,0.99,1.0,0.99
468,2020-01-22,25,Victor                                            ,Stevens                                           ,USA,Madison,2151,"Hail, Hail",Rock,0.99,1.0,0.99
468,2020-01-22,25,Victor                                            ,Stevens                                           ,USA,Madison,2152,Daughter,Rock,0.99,1.0,0.99
468,2020-01-22,25,Victor                                            ,Stevens                                           ,USA,Madison,2153,Elderly Woman Behind The Counter In A Small Town,Rock,0.99,1.0,0.99
468,2020-01-22,25,Victor                                            ,Stevens                                           ,USA,Madison,2154,Untitled,Rock,0.99,1.0,0.99
468,2020-01-22,25,Victor                                            ,Stevens                                           ,USA,Madison,2155,MFC,Rock,0.99,1.0,0.99
468,2020-01-22,25,Victor                                            ,Stevens                                           ,USA,Madison,2156,Go,Rock,0.99,1.0,0.99
468,2020-01-22,25,Victor                                            ,Stevens                                           ,USA,Madison,2157,Red Mosquito,Rock,0.99,1.0,0.99
468,2020-01-22,25,Victor                                            ,Stevens                                           ,USA,Madison,2158,Even Flow,Rock,0.99,1.0,0.99
468,2020-01-22,25,Victor                                            ,Stevens                                           ,USA,Madison,2159,Off He Goes,Rock,0.99,1.0,0.99
468,2020-01-22,25,Victor                                            ,Stevens                                           ,USA,Madison,2160,Nothingman,Rock,0.99,1.0,0.99
468,2020-01-22,25,Victor                                            ,Stevens                                           ,USA,Madison,2161,Do The Evolution,Rock,0.99,1.0,0.99
468,2020-01-22,25,Victor                                            ,Stevens                                           ,USA,Madison,2162,Better Man,Rock,0.99,1.0,0.99
468,2020-01-22,25,Victor                                            ,Stevens                                           ,USA,Madison,2163,Black,Rock,0.99,1.0,0.99
468,2020-01-22,25,Victor                                            ,Stevens                                           ,USA,Madison,2164,F*Ckin' Up,Rock,0.99,1.0,0.99
469,2020-01-28,14,Mark                                              ,Philips                                           ,Canada,Edmonton,2232,The Great Gig In The Sky,Rock,0.99,1.0,0.99
470,2020-01-29,9,Kara                                              ,Nielsen                                           ,Denmark,Copenhagen,2303,Bittersweet Me,Rock,0.99,1.0,0.99
470,2020-01-29,9,Kara                                              ,Nielsen                                           ,Denmark,Copenhagen,94,Hypnotize,Rock,0.99,1.0,0.99
471,2020-01-30,35,Madalena                                          ,Sampaio                                           ,Portugal,Porto,2368,Under The Bridge,Alternative & Punk,0.99,1.0,0.99
472,2020-01-31,7,Astrid                                            ,Gruber                                            ,Austria,Vienne,697,Born On The Bayou,Rock,0.99,1.0,0.99
472,2020-01-31,7,Astrid                                            ,Gruber                                            ,Austria,Vienne,3465,You Know I'm No Good (feat. Ghostface Killah),R&B/Soul,0.99,1.0,0.99
472,2020-01-31,7,Astrid                                            ,Gruber                                            ,Austria,Vienne,2649,The End,Rock,0.99,1.0,0.99
473,2020-02-02,58,Manoj                                             ,Pareek                                            ,India,Delhi,3115,Dirty Little Thing,Rock,0.99,1.0,0.99
473,2020-02-02,58,Manoj                                             ,Pareek                                            ,India,Delhi,3113,You Got No Right,Rock,0.99,1.0,0.99
473,2020-02-02,58,Manoj                                             ,Pareek                                            ,India,Delhi,3293,Big City Nights,Rock,0.99,1.0,0.99
473,2020-02-02,58,Manoj                                             ,Pareek                                            ,India,Delhi,2690,Love Is Strong,Rock,0.99,1.0,0.99
474,2020-02-04,4,Bjørn                                             ,Hansen                                            ,Norway,Oslo,479,Walking Contradiction,Alternative & Punk,0.99,1.0,0.99
474,2020-02-04,4,Bjørn                                             ,Hansen                                            ,Norway,Oslo,1138,St. Jimmy,Alternative & Punk,0.99,1.0,0.99
474,2020-02-04,4,Bjørn                                             ,Hansen                                            ,Norway,Oslo,2373,Sir Psycho Sexy,Alternative & Punk,0.99,1.0,0.99
474,2020-02-04,4,Bjørn                                             ,Hansen                                            ,Norway,Oslo,2558,Radio/Video,Metal,0.99,1.0,0.99
474,2020-02-04,4,Bjørn                                             ,Hansen                                            ,Norway,Oslo,2151,"Hail, Hail",Rock,0.99,1.0,0.99
474,2020-02-04,4,Bjørn                                             ,Hansen                                            ,Norway,Oslo,1015,Halo,Alternative & Punk,0.99,1.0,0.99
474,2020-02-04,4,Bjørn                                             ,Hansen                                            ,Norway,Oslo,831,Animal,Rock,0.99,1.0,0.99
475,2020-02-06,11,Alexandre                                         ,Rocha                                             ,Brazil,São Paulo,1162,Perfect Crime,Rock,0.99,1.0,0.99
475,2020-02-06,11,Alexandre                                         ,Rocha                                             ,Brazil,São Paulo,1646,In The Light,Rock,0.99,1.0,0.99
475,2020-02-06,11,Alexandre                                         ,Rocha                                             ,Brazil,São Paulo,2407,The Trees,Rock,0.99,1.0,0.99
475,2020-02-06,11,Alexandre                                         ,Rocha                                             ,Brazil,São Paulo,3027,40,Rock,0.99,1.0,0.99
475,2020-02-06,11,Alexandre                                         ,Rocha                                             ,Brazil,São Paulo,32,Deuces Are Wild,Rock,0.99,1.0,0.99
475,2020-02-06,11,Alexandre                                         ,Rocha                                             ,Brazil,São Paulo,1512,Os Alquimistas Estão Chegando,Latin,0.99,1.0,0.99
475,2020-02-06,11,Alexandre                                         ,Rocha                                             ,Brazil,São Paulo,1143,Wake Me Up When September Ends,Alternative & Punk,0.99,1.0,0.99
475,2020-02-06,11,Alexandre                                         ,Rocha                                             ,Brazil,São Paulo,2237,Eclipse,Rock,0.99,1.0,0.99
476,2020-02-11,6,Helena                                            ,Holý                                              ,Czech Republic,Prague,39,You Oughta Know,Rock,0.99,1.0,0.99
476,2020-02-11,6,Helena                                            ,Holý                                              ,Czech Republic,Prague,2426,Fried Neckbones And Home Fries,Rock,0.99,1.0,0.99
476,2020-02-11,6,Helena                                            ,Holý                                              ,Czech Republic,Prague,32,Deuces Are Wild,Rock,0.99,1.0,0.99
476,2020-02-11,6,Helena                                            ,Holý                                              ,Czech Republic,Prague,3106,Big Machine,Rock,0.99,1.0,0.99
476,2020-02-11,6,Helena                                            ,Holý                                              ,Czech Republic,Prague,12,Breaking The Rules,Rock,0.99,1.0,0.99
476,2020-02-11,6,Helena                                            ,Holý                                              ,Czech Republic,Prague,2701,Blinded By Rainbows,Rock,0.99,1.0,0.99
476,2020-02-11,6,Helena                                            ,Holý                                              ,Czech Republic,Prague,19,Problem Child,Rock,0.99,1.0,0.99
476,2020-02-11,6,Helena                                            ,Holý                                              ,Czech Republic,Prague,2207,Glorified G,Rock,0.99,1.0,0.99
476,2020-02-11,6,Helena                                            ,Holý                                              ,Czech Republic,Prague,3034,Some Days Are Better Than Others,Rock,0.99,1.0,0.99
476,2020-02-11,6,Helena                                            ,Holý                                              ,Czech Republic,Prague,1435,Too Young To Die,Rock,0.99,1.0,0.99
476,2020-02-11,6,Helena                                            ,Holý                                              ,Czech Republic,Prague,810,Hold On,Rock,0.99,1.0,0.99
477,2020-02-15,5,R                                                 ,Madhav                                            ,Czech Republic,Prague,3051,Until My Dying Day,Reggae,0.99,1.0,0.99
477,2020-02-15,5,R                                                 ,Madhav                                            ,Czech Republic,Prague,346,Somethin' Else,Rock,0.99,1.0,0.99
477,2020-02-15,5,R                                                 ,Madhav                                            ,Czech Republic,Prague,1946,Fast And Loose,Metal,0.99,1.0,0.99
477,2020-02-15,5,R                                                 ,Madhav                                            ,Czech Republic,Prague,1489,Are You Experienced?,Rock,0.99,1.0,0.99
477,2020-02-15,5,R                                                 ,Madhav                                            ,Czech Republic,Prague,2554,Soldier Side - Intro,Metal,0.99,1.0,0.99
477,2020-02-15,5,R                                                 ,Madhav                                            ,Czech Republic,Prague,528,"Alegria, Alegria",Latin,0.99,1.0,0.99
477,2020-02-15,5,R                                                 ,Madhav                                            ,Czech Republic,Prague,682,Down On The Corner,Rock,0.99,1.0,0.99
478,2020-02-21,28,Julia                                             ,Barnett                                           ,USA,Salt Lake City,1479,Foxy Lady,Rock,0.99,1.0,0.99
478,2020-02-21,28,Julia                                             ,Barnett                                           ,USA,Salt Lake City,1480,Manic Depression,Rock,0.99,1.0,0.99
478,2020-02-21,28,Julia                                             ,Barnett                                           ,USA,Salt Lake City,1481,Red House,Rock,0.99,1.0,0.99
478,2020-02-21,28,Julia                                             ,Barnett                                           ,USA,Salt Lake City,1482,Can You See Me,Rock,0.99,1.0,0.99
478,2020-02-21,28,Julia                                             ,Barnett                                           ,USA,Salt Lake City,1483,Love Or Confusion,Rock,0.99,1.0,0.99
478,2020-02-21,28,Julia                                             ,Barnett                                           ,USA,Salt Lake City,1484,I Don't Live Today,Rock,0.99,1.0,0.99
478,2020-02-21,28,Julia                                             ,Barnett                                           ,USA,Salt Lake City,1485,May This Be Love,Rock,0.99,1.0,0.99
478,2020-02-21,28,Julia                                             ,Barnett                                           ,USA,Salt Lake City,1486,Fire,Rock,0.99,1.0,0.99
478,2020-02-21,28,Julia                                             ,Barnett                                           ,USA,Salt Lake City,1487,Third Stone From The Sun,Rock,0.99,1.0,0.99
478,2020-02-21,28,Julia                                             ,Barnett                                           ,USA,Salt Lake City,1488,Remember,Rock,0.99,1.0,0.99
478,2020-02-21,28,Julia                                             ,Barnett                                           ,USA,Salt Lake City,1489,Are You Experienced?,Rock,0.99,1.0,0.99
478,2020-02-21,28,Julia                                             ,Barnett                                           ,USA,Salt Lake City,1490,Hey Joe,Rock,0.99,1.0,0.99
478,2020-02-21,28,Julia                                             ,Barnett                                           ,USA,Salt Lake City,1491,Stone Free,Rock,0.99,1.0,0.99
478,2020-02-21,28,Julia                                             ,Barnett                                           ,USA,Salt Lake City,1492,Purple Haze,Rock,0.99,1.0,0.99
478,2020-02-21,28,Julia                                             ,Barnett                                           ,USA,Salt Lake City,1493,51st Anniversary,Rock,0.99,1.0,0.99
478,2020-02-21,28,Julia                                             ,Barnett                                           ,USA,Salt Lake City,1494,The Wind Cries Mary,Rock,0.99,1.0,0.99
478,2020-02-21,28,Julia                                             ,Barnett                                           ,USA,Salt Lake City,1495,Highway Chile,Rock,0.99,1.0,0.99
479,2020-02-21,46,Hugh                                              ,O'Reilly                                          ,Ireland,Dublin,419,A Kind Of Magic,Rock,0.99,1.0,0.99
479,2020-02-21,46,Hugh                                              ,O'Reilly                                          ,Ireland,Dublin,420,Under Pressure,Rock,0.99,1.0,0.99
479,2020-02-21,46,Hugh                                              ,O'Reilly                                          ,Ireland,Dublin,421,Radio GA GA,Rock,0.99,1.0,0.99
479,2020-02-21,46,Hugh                                              ,O'Reilly                                          ,Ireland,Dublin,422,I Want It All,Rock,0.99,1.0,0.99
479,2020-02-21,46,Hugh                                              ,O'Reilly                                          ,Ireland,Dublin,423,I Want To Break Free,Rock,0.99,1.0,0.99
479,2020-02-21,46,Hugh                                              ,O'Reilly                                          ,Ireland,Dublin,424,Innuendo,Rock,0.99,1.0,0.99
479,2020-02-21,46,Hugh                                              ,O'Reilly                                          ,Ireland,Dublin,425,It's A Hard Life,Rock,0.99,1.0,0.99
479,2020-02-21,46,Hugh                                              ,O'Reilly                                          ,Ireland,Dublin,426,Breakthru,Rock,0.99,1.0,0.99
479,2020-02-21,46,Hugh                                              ,O'Reilly                                          ,Ireland,Dublin,427,Who Wants To Live Forever,Rock,0.99,1.0,0.99
479,2020-02-21,46,Hugh                                              ,O'Reilly                                          ,Ireland,Dublin,428,Headlong,Rock,0.99,1.0,0.99
479,2020-02-21,46,Hugh                                              ,O'Reilly                                          ,Ireland,Dublin,429,The Miracle,Rock,0.99,1.0,0.99
479,2020-02-21,46,Hugh                                              ,O'Reilly                                          ,Ireland,Dublin,430,I'm Going Slightly Mad,Rock,0.99,1.0,0.99
479,2020-02-21,46,Hugh                                              ,O'Reilly                                          ,Ireland,Dublin,431,The Invisible Man,Rock,0.99,1.0,0.99
479,2020-02-21,46,Hugh                                              ,O'Reilly                                          ,Ireland,Dublin,432,Hammer To Fall,Rock,0.99,1.0,0.99
479,2020-02-21,46,Hugh                                              ,O'Reilly                                          ,Ireland,Dublin,433,Friends Will Be Friends,Rock,0.99,1.0,0.99
479,2020-02-21,46,Hugh                                              ,O'Reilly                                          ,Ireland,Dublin,434,The Show Must Go On,Rock,0.99,1.0,0.99
479,2020-02-21,46,Hugh                                              ,O'Reilly                                          ,Ireland,Dublin,435,One Vision,Rock,0.99,1.0,0.99
480,2020-02-22,44,Terhi                                             ,Hämäläinen                                        ,Finland,Helsinki,2659,Every Breath You Take,Rock,0.99,1.0,0.99
480,2020-02-22,44,Terhi                                             ,Hämäläinen                                        ,Finland,Helsinki,2433,The Way You Do To Mer,Rock,0.99,1.0,0.99
480,2020-02-22,44,Terhi                                             ,Hämäläinen                                        ,Finland,Helsinki,1623,Black Mountain Side,Rock,0.99,1.0,0.99
480,2020-02-22,44,Terhi                                             ,Hämäläinen                                        ,Finland,Helsinki,1033,My Way,Easy Listening,0.99,1.0,0.99
480,2020-02-22,44,Terhi                                             ,Hämäläinen                                        ,Finland,Helsinki,1558,Ram It Down,Metal,0.99,1.0,0.99
480,2020-02-22,44,Terhi                                             ,Hämäläinen                                        ,Finland,Helsinki,1949,Jailbait,Metal,0.99,1.0,0.99
480,2020-02-22,44,Terhi                                             ,Hämäläinen                                        ,Finland,Helsinki,1487,Third Stone From The Sun,Rock,0.99,1.0,0.99
480,2020-02-22,44,Terhi                                             ,Hämäläinen                                        ,Finland,Helsinki,1128,Releasing The Demons,Metal,0.99,1.0,0.99
480,2020-02-22,44,Terhi                                             ,Hämäläinen                                        ,Finland,Helsinki,3288,Rock You Like a Hurricane,Rock,0.99,1.0,0.99
480,2020-02-22,44,Terhi                                             ,Hämäläinen                                        ,Finland,Helsinki,2264,Now I'm Here,Rock,0.99,1.0,0.99
481,2020-02-25,43,Isabelle                                          ,Mercier                                           ,France,Dijon,1164,Bad Obsession,Rock,0.99,1.0,0.99
481,2020-02-25,43,Isabelle                                          ,Mercier                                           ,France,Dijon,475,J.A.R. (Jason Andrew Relva),Alternative & Punk,0.99,1.0,0.99
481,2020-02-25,43,Isabelle                                          ,Mercier                                           ,France,Dijon,1602,The Ocean,Rock,0.99,1.0,0.99
481,2020-02-25,43,Isabelle                                          ,Mercier                                           ,France,Dijon,778,Space Trucking,Rock,0.99,1.0,0.99
482,2020-02-26,10,Eduardo                                           ,Martins                                           ,Brazil,São Paulo,2648,Take It As It Comes,Rock,0.99,1.0,0.99
482,2020-02-26,10,Eduardo                                           ,Martins                                           ,Brazil,São Paulo,1268,01 - Prowler,Blues,0.99,1.0,0.99
482,2020-02-26,10,Eduardo                                           ,Martins                                           ,Brazil,São Paulo,3060,Little Guitars,Rock,0.99,1.0,0.99
482,2020-02-26,10,Eduardo                                           ,Martins                                           ,Brazil,São Paulo,480,Stuck With Me,Alternative & Punk,0.99,1.0,0.99
482,2020-02-26,10,Eduardo                                           ,Martins                                           ,Brazil,São Paulo,27,Dude (Looks Like A Lady),Rock,0.99,1.0,0.99
482,2020-02-26,10,Eduardo                                           ,Martins                                           ,Brazil,São Paulo,1158,Right Next Door to Hell,Rock,0.99,1.0,0.99
482,2020-02-26,10,Eduardo                                           ,Martins                                           ,Brazil,São Paulo,1292,Flight Of Icarus,Metal,0.99,1.0,0.99
482,2020-02-26,10,Eduardo                                           ,Martins                                           ,Brazil,São Paulo,2651,Can't Stand Losing You,Rock,0.99,1.0,0.99
483,2020-02-29,15,Jennifer                                          ,Peterson                                          ,Canada,Vancouver,21,Hell Ain't A Bad Place To Be,Rock,0.99,1.0,0.99
483,2020-02-29,15,Jennifer                                          ,Peterson                                          ,Canada,Vancouver,52,Man In The Box,Rock,0.99,1.0,0.99
483,2020-02-29,15,Jennifer                                          ,Peterson                                          ,Canada,Vancouver,138,Bored To Tears,Metal,0.99,1.0,0.99
483,2020-02-29,15,Jennifer                                          ,Peterson                                          ,Canada,Vancouver,2693,The Worst,Rock,0.99,1.0,0.99
483,2020-02-29,15,Jennifer                                          ,Peterson                                          ,Canada,Vancouver,3387,Disappearing Act,Alternative,0.99,1.0,0.99
484,2020-03-02,47,Lucas                                             ,Mancini                                           ,Italy,Rome,1424,Hey America,R&B/Soul,0.99,1.0,0.99
484,2020-03-02,47,Lucas                                             ,Mancini                                           ,Italy,Rome,1466,Last Chance,Alternative & Punk,0.99,1.0,0.99
484,2020-03-02,47,Lucas                                             ,Mancini                                           ,Italy,Rome,2292,Turn You Inside-Out,Alternative & Punk,0.99,1.0,0.99
485,2020-03-05,37,Fynn                                              ,Zimmermann                                        ,Germany,Frankfurt,1434,When You Gonna Learn (Digeridoo),Rock,0.99,1.0,0.99
485,2020-03-05,37,Fynn                                              ,Zimmermann                                        ,Germany,Frankfurt,1435,Too Young To Die,Rock,0.99,1.0,0.99
485,2020-03-05,37,Fynn                                              ,Zimmermann                                        ,Germany,Frankfurt,1436,Hooked Up,Rock,0.99,1.0,0.99
485,2020-03-05,37,Fynn                                              ,Zimmermann                                        ,Germany,Frankfurt,1437,"If I Like It, I Do It",Rock,0.99,1.0,0.99
485,2020-03-05,37,Fynn                                              ,Zimmermann                                        ,Germany,Frankfurt,1438,Music Of The Wind,Rock,0.99,1.0,0.99
485,2020-03-05,37,Fynn                                              ,Zimmermann                                        ,Germany,Frankfurt,1439,Emergency On Planet Earth,Rock,0.99,1.0,0.99
485,2020-03-05,37,Fynn                                              ,Zimmermann                                        ,Germany,Frankfurt,1440,"Whatever It Is, I Just Can't Stop",Rock,0.99,1.0,0.99
485,2020-03-05,37,Fynn                                              ,Zimmermann                                        ,Germany,Frankfurt,1441,Blow Your Mind,Rock,0.99,1.0,0.99
485,2020-03-05,37,Fynn                                              ,Zimmermann                                        ,Germany,Frankfurt,1442,Revolution 1993,Rock,0.99,1.0,0.99
485,2020-03-05,37,Fynn                                              ,Zimmermann                                        ,Germany,Frankfurt,1443,Didgin' Out,Rock,0.99,1.0,0.99
486,2020-03-05,18,Michelle                                          ,Brooks                                            ,USA,New York,3104,Sucker Train Blues,Rock,0.99,1.0,0.99
486,2020-03-05,18,Michelle                                          ,Brooks                                            ,USA,New York,2236,Brain Damage,Rock,0.99,1.0,0.99
486,2020-03-05,18,Michelle                                          ,Brooks                                            ,USA,New York,82,Creeping Death,Metal,0.99,1.0,0.99
486,2020-03-05,18,Michelle                                          ,Brooks                                            ,USA,New York,2994,Silver And Gold,Rock,0.99,1.0,0.99
486,2020-03-05,18,Michelle                                          ,Brooks                                            ,USA,New York,2347,O Segredo Do Universo,Rock,0.99,1.0,0.99
486,2020-03-05,18,Michelle                                          ,Brooks                                            ,USA,New York,3094,One I Want,Rock,0.99,1.0,0.99
486,2020-03-05,18,Michelle                                          ,Brooks                                            ,USA,New York,1419,I Got You (I Feel Good),R&B/Soul,0.99,1.0,0.99
486,2020-03-05,18,Michelle                                          ,Brooks                                            ,USA,New York,3115,Dirty Little Thing,Rock,0.99,1.0,0.99
486,2020-03-05,18,Michelle                                          ,Brooks                                            ,USA,New York,3409,"Suite for Solo Cello No. 1 in G Major, BWV 1007: I. Prélude",Classical,0.99,1.0,0.99
487,2020-03-11,27,Patrick                                           ,Gray                                              ,USA,Tucson,3089,Little Dreamer,Rock,0.99,1.0,0.99
487,2020-03-11,27,Patrick                                           ,Gray                                              ,USA,Tucson,3102,Ballot or the Bullet,Rock,0.99,1.0,0.99
487,2020-03-11,27,Patrick                                           ,Gray                                              ,USA,Tucson,2431,Just Ain't Good Enough,Rock,0.99,1.0,0.99
487,2020-03-11,27,Patrick                                           ,Gray                                              ,USA,Tucson,1187,My World,Metal,0.99,1.0,0.99
487,2020-03-11,27,Patrick                                           ,Gray                                              ,USA,Tucson,1789,Praise,R&B/Soul,0.99,1.0,0.99
487,2020-03-11,27,Patrick                                           ,Gray                                              ,USA,Tucson,1169,Garden of Eden,Rock,0.99,1.0,0.99
487,2020-03-11,27,Patrick                                           ,Gray                                              ,USA,Tucson,16,Dog Eat Dog,Rock,0.99,1.0,0.99
487,2020-03-11,27,Patrick                                           ,Gray                                              ,USA,Tucson,2269,We Will Rock You,Rock,0.99,1.0,0.99
487,2020-03-11,27,Patrick                                           ,Gray                                              ,USA,Tucson,2424,As The Years Go by,Rock,0.99,1.0,0.99
487,2020-03-11,27,Patrick                                           ,Gray                                              ,USA,Tucson,1978,Afraid,Metal,0.99,1.0,0.99
488,2020-03-13,7,Astrid                                            ,Gruber                                            ,Austria,Vienne,1902,Springsville,Jazz,0.99,1.0,0.99
488,2020-03-13,7,Astrid                                            ,Gruber                                            ,Austria,Vienne,1903,The Maids Of Cadiz,Jazz,0.99,1.0,0.99
488,2020-03-13,7,Astrid                                            ,Gruber                                            ,Austria,Vienne,1904,The Duke,Jazz,0.99,1.0,0.99
488,2020-03-13,7,Astrid                                            ,Gruber                                            ,Austria,Vienne,1905,My Ship,Jazz,0.99,1.0,0.99
488,2020-03-13,7,Astrid                                            ,Gruber                                            ,Austria,Vienne,1906,Miles Ahead,Jazz,0.99,1.0,0.99
488,2020-03-13,7,Astrid                                            ,Gruber                                            ,Austria,Vienne,1907,Blues For Pablo,Jazz,0.99,1.0,0.99
488,2020-03-13,7,Astrid                                            ,Gruber                                            ,Austria,Vienne,1908,New Rhumba,Jazz,0.99,1.0,0.99
488,2020-03-13,7,Astrid                                            ,Gruber                                            ,Austria,Vienne,1909,The Meaning Of The Blues,Jazz,0.99,1.0,0.99
488,2020-03-13,7,Astrid                                            ,Gruber                                            ,Austria,Vienne,1910,Lament,Jazz,0.99,1.0,0.99
488,2020-03-13,7,Astrid                                            ,Gruber                                            ,Austria,Vienne,1911,I Don't Wanna Be Kissed (By Anyone But You),Jazz,0.99,1.0,0.99
488,2020-03-13,7,Astrid                                            ,Gruber                                            ,Austria,Vienne,1912,Springsville (Alternate Take),Jazz,0.99,1.0,0.99
488,2020-03-13,7,Astrid                                            ,Gruber                                            ,Austria,Vienne,1913,Blues For Pablo (Alternate Take),Jazz,0.99,1.0,0.99
488,2020-03-13,7,Astrid                                            ,Gruber                                            ,Austria,Vienne,1914,The Meaning Of The Blues/Lament (Alternate Take),Jazz,0.99,1.0,0.99
488,2020-03-13,7,Astrid                                            ,Gruber                                            ,Austria,Vienne,1915,I Don't Wanna Be Kissed (By Anyone But You) (Alternate Take),Jazz,0.99,1.0,0.99
489,2020-03-14,43,Isabelle                                          ,Mercier                                           ,France,Dijon,1865,Better Than You,Metal,0.99,1.0,0.99
489,2020-03-14,43,Isabelle                                          ,Mercier                                           ,France,Dijon,2674,Ruby Tuesday,Rock,0.99,1.0,0.99
489,2020-03-14,43,Isabelle                                          ,Mercier                                           ,France,Dijon,2395,Get On Top,Rock,0.99,1.0,0.99
490,2020-03-14,19,Tim                                               ,Goyer                                             ,USA,Cupertino,1994,Spank Thru,Rock,0.99,1.0,0.99
490,2020-03-14,19,Tim                                               ,Goyer                                             ,USA,Cupertino,1139,Give Me Novacaine,Alternative & Punk,0.99,1.0,0.99
490,2020-03-14,19,Tim                                               ,Goyer                                             ,USA,Cupertino,2742,The Seeker,Rock,0.99,1.0,0.99
490,2020-03-14,19,Tim                                               ,Goyer                                             ,USA,Cupertino,2775,Canário Do Reino,Latin,0.99,1.0,0.99
490,2020-03-14,19,Tim                                               ,Goyer                                             ,USA,Cupertino,1800,No Sign of Yesterday,Rock,0.99,1.0,0.99
490,2020-03-14,19,Tim                                               ,Goyer                                             ,USA,Cupertino,905,Wonderful Tonight,Blues,0.99,1.0,0.99
490,2020-03-14,19,Tim                                               ,Goyer                                             ,USA,Cupertino,794,A Touch Away,Rock,0.99,1.0,0.99
490,2020-03-14,19,Tim                                               ,Goyer                                             ,USA,Cupertino,3399,Nothing Left to Say But Goodbye,Alternative,0.99,1.0,0.99
490,2020-03-14,19,Tim                                               ,Goyer                                             ,USA,Cupertino,1442,Revolution 1993,Rock,0.99,1.0,0.99
491,2020-03-24,51,Joakim                                            ,Johansson                                         ,Sweden,Stockholm,2558,Radio/Video,Metal,0.99,1.0,0.99
491,2020-03-24,51,Joakim                                            ,Johansson                                         ,Sweden,Stockholm,3050,Superstition,Reggae,0.99,1.0,0.99
492,2020-03-25,54,Steve                                             ,Murray                                            ,United Kingdom,Edinburgh ,2555,B.Y.O.B.,Metal,0.99,1.0,0.99
492,2020-03-25,54,Steve                                             ,Murray                                            ,United Kingdom,Edinburgh ,1250,Gates Of Tomorrow,Heavy Metal,0.99,1.0,0.99
492,2020-03-25,54,Steve                                             ,Murray                                            ,United Kingdom,Edinburgh ,1492,Purple Haze,Rock,0.99,1.0,0.99
492,2020-03-25,54,Steve                                             ,Murray                                            ,United Kingdom,Edinburgh ,1794,Everything I Need,Rock,0.99,1.0,0.99
492,2020-03-25,54,Steve                                             ,Murray                                            ,United Kingdom,Edinburgh ,532,Baby,Alternative & Punk,0.99,1.0,0.99
493,2020-03-26,41,Marc                                              ,Dubois                                            ,France,Lyon,3081,Runnin' With The Devil,Rock,0.99,1.0,0.99
493,2020-03-26,41,Marc                                              ,Dubois                                            ,France,Lyon,1854,Master Of Puppets,Metal,0.99,1.0,0.99
493,2020-03-26,41,Marc                                              ,Dubois                                            ,France,Lyon,536,Vida De Cachorro,Alternative & Punk,0.99,1.0,0.99
493,2020-03-26,41,Marc                                              ,Dubois                                            ,France,Lyon,836,Make Love Like A Man,Rock,0.99,1.0,0.99
494,2020-03-31,26,Richard                                           ,Cunningham                                        ,USA,Fort Worth,3288,Rock You Like a Hurricane,Rock,0.99,1.0,0.99
494,2020-03-31,26,Richard                                           ,Cunningham                                        ,USA,Fort Worth,3289,No One Like You,Rock,0.99,1.0,0.99
494,2020-03-31,26,Richard                                           ,Cunningham                                        ,USA,Fort Worth,3290,The Zoo,Rock,0.99,1.0,0.99
494,2020-03-31,26,Richard                                           ,Cunningham                                        ,USA,Fort Worth,3291,Loving You Sunday Morning,Rock,0.99,1.0,0.99
494,2020-03-31,26,Richard                                           ,Cunningham                                        ,USA,Fort Worth,3293,Big City Nights,Rock,0.99,1.0,0.99
494,2020-03-31,26,Richard                                           ,Cunningham                                        ,USA,Fort Worth,3294,Believe in Love,Rock,0.99,1.0,0.99
494,2020-03-31,26,Richard                                           ,Cunningham                                        ,USA,Fort Worth,3295,Rhythm of Love,Rock,0.99,1.0,0.99
494,2020-03-31,26,Richard                                           ,Cunningham                                        ,USA,Fort Worth,3296,I Can't Explain,Rock,0.99,1.0,0.99
494,2020-03-31,26,Richard                                           ,Cunningham                                        ,USA,Fort Worth,3297,Tease Me Please Me,Rock,0.99,1.0,0.99
494,2020-03-31,26,Richard                                           ,Cunningham                                        ,USA,Fort Worth,3299,Send Me an Angel,Rock,0.99,1.0,0.99
495,2020-04-01,10,Eduardo                                           ,Martins                                           ,Brazil,São Paulo,1019,Come Back,Alternative & Punk,0.99,1.0,0.99
496,2020-04-01,21,Kathy                                             ,Chase                                             ,USA,Reno,1,For Those About To Rock (We Salute You),Rock,0.99,1.0,0.99
496,2020-04-01,21,Kathy                                             ,Chase                                             ,USA,Reno,6,Put The Finger On You,Rock,0.99,1.0,0.99
496,2020-04-01,21,Kathy                                             ,Chase                                             ,USA,Reno,8,Inject The Venom,Rock,0.99,1.0,0.99
496,2020-04-01,21,Kathy                                             ,Chase                                             ,USA,Reno,9,Snowballed,Rock,0.99,1.0,0.99
496,2020-04-01,21,Kathy                                             ,Chase                                             ,USA,Reno,10,Evil Walks,Rock,0.99,1.0,0.99
496,2020-04-01,21,Kathy                                             ,Chase                                             ,USA,Reno,11,C.O.D.,Rock,0.99,1.0,0.99
496,2020-04-01,21,Kathy                                             ,Chase                                             ,USA,Reno,12,Breaking The Rules,Rock,0.99,1.0,0.99
496,2020-04-01,21,Kathy                                             ,Chase                                             ,USA,Reno,14,Spellbound,Rock,0.99,1.0,0.99
497,2020-04-01,34,João                                              ,Fernandes                                         ,Portugal,Lisbon,2553,Where The River Goes,Rock,0.99,1.0,0.99
497,2020-04-01,34,João                                              ,Fernandes                                         ,Portugal,Lisbon,2651,Can't Stand Losing You,Rock,0.99,1.0,0.99
497,2020-04-01,34,João                                              ,Fernandes                                         ,Portugal,Lisbon,2639,Break on Through,Rock,0.99,1.0,0.99
497,2020-04-01,34,João                                              ,Fernandes                                         ,Portugal,Lisbon,2689,Out Of Control,Rock,0.99,1.0,0.99
497,2020-04-01,34,João                                              ,Fernandes                                         ,Portugal,Lisbon,2738,Pictures Of Lily,Rock,0.99,1.0,0.99
497,2020-04-01,34,João                                              ,Fernandes                                         ,Portugal,Lisbon,3302,Put Your Head Out,Hip Hop/Rap,0.99,1.0,0.99
497,2020-04-01,34,João                                              ,Fernandes                                         ,Portugal,Lisbon,1141,Extraordinary Girl,Alternative & Punk,0.99,1.0,0.99
498,2020-04-02,13,Fernanda                                          ,Ramos                                             ,Brazil,Brasília,2297,The Wake-Up Bomb,Rock,0.99,1.0,0.99
498,2020-04-02,13,Fernanda                                          ,Ramos                                             ,Brazil,Brasília,2562,Sad Statue,Metal,0.99,1.0,0.99
498,2020-04-02,13,Fernanda                                          ,Ramos                                             ,Brazil,Brasília,2746,5.15,Rock,0.99,1.0,0.99
498,2020-04-02,13,Fernanda                                          ,Ramos                                             ,Brazil,Brasília,1780,It's A Bitter Pill To Swallow,R&B/Soul,0.99,1.0,0.99
499,2020-04-03,17,Jack                                              ,Smith                                             ,USA,Redmond,1009,All My Life,Alternative & Punk,0.99,1.0,0.99
499,2020-04-03,17,Jack                                              ,Smith                                             ,USA,Redmond,1010,Low,Alternative & Punk,0.99,1.0,0.99
499,2020-04-03,17,Jack                                              ,Smith                                             ,USA,Redmond,1011,Have It All,Alternative & Punk,0.99,1.0,0.99
499,2020-04-03,17,Jack                                              ,Smith                                             ,USA,Redmond,1012,Times Like These,Alternative & Punk,0.99,1.0,0.99
499,2020-04-03,17,Jack                                              ,Smith                                             ,USA,Redmond,1013,Disenchanted Lullaby,Alternative & Punk,0.99,1.0,0.99
499,2020-04-03,17,Jack                                              ,Smith                                             ,USA,Redmond,1014,Tired Of You,Alternative & Punk,0.99,1.0,0.99
499,2020-04-03,17,Jack                                              ,Smith                                             ,USA,Redmond,1015,Halo,Alternative & Punk,0.99,1.0,0.99
499,2020-04-03,17,Jack                                              ,Smith                                             ,USA,Redmond,1016,Lonely As You,Alternative & Punk,0.99,1.0,0.99
499,2020-04-03,17,Jack                                              ,Smith                                             ,USA,Redmond,1018,Burn Away,Alternative & Punk,0.99,1.0,0.99
499,2020-04-03,17,Jack                                              ,Smith                                             ,USA,Redmond,1019,Come Back,Alternative & Punk,0.99,1.0,0.99
500,2020-04-07,36,Hannah                                            ,Schneider                                         ,Germany,Berlin,2662,Don't Stand So Close to Me '86,Rock,0.99,1.0,0.99
500,2020-04-07,36,Hannah                                            ,Schneider                                         ,Germany,Berlin,1617,When The Levee Breaks,Rock,0.99,1.0,0.99
500,2020-04-07,36,Hannah                                            ,Schneider                                         ,Germany,Berlin,2949,The Three Sunrises,Rock,0.99,1.0,0.99
500,2020-04-07,36,Hannah                                            ,Schneider                                         ,Germany,Berlin,1120,Sítio Do Pica-Pau Amarelo,Latin,0.99,1.0,0.99
500,2020-04-07,36,Hannah                                            ,Schneider                                         ,Germany,Berlin,163,Laguna Sunrise,Metal,0.99,1.0,0.99
500,2020-04-07,36,Hannah                                            ,Schneider                                         ,Germany,Berlin,46,Mary Jane,Rock,0.99,1.0,0.99
500,2020-04-07,36,Hannah                                            ,Schneider                                         ,Germany,Berlin,1876,For Whom The Bell Tolls,Metal,0.99,1.0,0.99
500,2020-04-07,36,Hannah                                            ,Schneider                                         ,Germany,Berlin,1669,Moby Dick,Rock,0.99,1.0,0.99
500,2020-04-07,36,Hannah                                            ,Schneider                                         ,Germany,Berlin,487,Waiting,Alternative & Punk,0.99,1.0,0.99
501,2020-04-09,11,Alexandre                                         ,Rocha                                             ,Brazil,São Paulo,1466,Last Chance,Alternative & Punk,0.99,1.0,0.99
501,2020-04-09,11,Alexandre                                         ,Rocha                                             ,Brazil,São Paulo,1467,Are You Gonna Be My Girl,Alternative & Punk,0.99,1.0,0.99
501,2020-04-09,11,Alexandre                                         ,Rocha                                             ,Brazil,São Paulo,1468,Rollover D.J.,Alternative & Punk,0.99,1.0,0.99
501,2020-04-09,11,Alexandre                                         ,Rocha                                             ,Brazil,São Paulo,1469,Look What You've Done,Alternative & Punk,0.99,1.0,0.99
501,2020-04-09,11,Alexandre                                         ,Rocha                                             ,Brazil,São Paulo,1470,Get What You Need,Alternative & Punk,0.99,1.0,0.99
501,2020-04-09,11,Alexandre                                         ,Rocha                                             ,Brazil,São Paulo,1471,Move On,Alternative & Punk,0.99,1.0,0.99
501,2020-04-09,11,Alexandre                                         ,Rocha                                             ,Brazil,São Paulo,1472,Radio Song,Alternative & Punk,0.99,1.0,0.99
501,2020-04-09,11,Alexandre                                         ,Rocha                                             ,Brazil,São Paulo,1473,Get Me Outta Here,Alternative & Punk,0.99,1.0,0.99
501,2020-04-09,11,Alexandre                                         ,Rocha                                             ,Brazil,São Paulo,1474,Cold Hard Bitch,Alternative & Punk,0.99,1.0,0.99
501,2020-04-09,11,Alexandre                                         ,Rocha                                             ,Brazil,São Paulo,1475,Come Around Again,Alternative & Punk,0.99,1.0,0.99
501,2020-04-09,11,Alexandre                                         ,Rocha                                             ,Brazil,São Paulo,1476,Take It Or Leave It,Alternative & Punk,0.99,1.0,0.99
501,2020-04-09,11,Alexandre                                         ,Rocha                                             ,Brazil,São Paulo,1477,Lazy Gun,Alternative & Punk,0.99,1.0,0.99
501,2020-04-09,11,Alexandre                                         ,Rocha                                             ,Brazil,São Paulo,1478,Timothy,Alternative & Punk,0.99,1.0,0.99
502,2020-04-10,53,Phil                                              ,Hughes                                            ,United Kingdom,London,2741,Pinball Wizard,Rock,0.99,1.0,0.99
502,2020-04-10,53,Phil                                              ,Hughes                                            ,United Kingdom,London,158,Changes,Metal,0.99,1.0,0.99
502,2020-04-10,53,Phil                                              ,Hughes                                            ,United Kingdom,London,1167,November Rain,Rock,0.99,1.0,0.99
502,2020-04-10,53,Phil                                              ,Hughes                                            ,United Kingdom,London,2235,Any Colour You Like,Rock,0.99,1.0,0.99
503,2020-04-11,39,Camille                                           ,Bernard                                           ,France,Paris,409,It's Electric,Metal,0.99,1.0,0.99
503,2020-04-11,39,Camille                                           ,Bernard                                           ,France,Paris,1480,Manic Depression,Rock,0.99,1.0,0.99
503,2020-04-11,39,Camille                                           ,Bernard                                           ,France,Paris,2296,How The West Was Won And Where It Got Us,Rock,0.99,1.0,0.99
503,2020-04-11,39,Camille                                           ,Bernard                                           ,France,Paris,1054,Mack The Knife,Easy Listening,0.99,1.0,0.99
503,2020-04-11,39,Camille                                           ,Bernard                                           ,France,Paris,2679,Flip The Switch,Rock,0.99,1.0,0.99
503,2020-04-11,39,Camille                                           ,Bernard                                           ,France,Paris,2369,Naked In The Rain,Alternative & Punk,0.99,1.0,0.99
503,2020-04-11,39,Camille                                           ,Bernard                                           ,France,Paris,1130,I Am,Metal,0.99,1.0,0.99
503,2020-04-11,39,Camille                                           ,Bernard                                           ,France,Paris,1951,Bite The Bullet,Metal,0.99,1.0,0.99
503,2020-04-11,39,Camille                                           ,Bernard                                           ,France,Paris,2662,Don't Stand So Close to Me '86,Rock,0.99,1.0,0.99
503,2020-04-11,39,Camille                                           ,Bernard                                           ,France,Paris,459,Midnight,Jazz,0.99,1.0,0.99
504,2020-04-12,6,Helena                                            ,Holý                                              ,Czech Republic,Prague,2467,Os Exilados,Rock,0.99,1.0,0.99
504,2020-04-12,6,Helena                                            ,Holý                                              ,Czech Republic,Prague,3069,Unchained,Rock,0.99,1.0,0.99
504,2020-04-12,6,Helena                                            ,Holý                                              ,Czech Republic,Prague,1223,Hallowed Be Thy Name,Metal,0.99,1.0,0.99
504,2020-04-12,6,Helena                                            ,Holý                                              ,Czech Republic,Prague,1744,O Último Romântico (Ao Vivo),Latin,0.99,1.0,0.99
504,2020-04-12,6,Helena                                            ,Holý                                              ,Czech Republic,Prague,188,Gates Of Urizen,Metal,0.99,1.0,0.99
504,2020-04-12,6,Helena                                            ,Holý                                              ,Czech Republic,Prague,4,Restless and Wild,Rock,0.99,1.0,0.99
504,2020-04-12,6,Helena                                            ,Holý                                              ,Czech Republic,Prague,1580,Black Dog,Rock,0.99,1.0,0.99
504,2020-04-12,6,Helena                                            ,Holý                                              ,Czech Republic,Prague,2652,Message in a Bottle,Rock,0.99,1.0,0.99
504,2020-04-12,6,Helena                                            ,Holý                                              ,Czech Republic,Prague,2376,Universally Speaking,Rock,0.99,1.0,0.99
504,2020-04-12,6,Helena                                            ,Holý                                              ,Czech Republic,Prague,1344,Aces High,Metal,0.99,1.0,0.99
504,2020-04-12,6,Helena                                            ,Holý                                              ,Czech Republic,Prague,3333,Chega no Suingue,Electronica/Dance,0.99,1.0,0.99
505,2020-04-14,19,Tim                                               ,Goyer                                             ,USA,Cupertino,3424,"Turandot, Act III, Nessun dorma!",Classical,0.99,1.0,0.99
506,2020-04-14,58,Manoj                                             ,Pareek                                            ,India,Delhi,1479,Foxy Lady,Rock,0.99,1.0,0.99
506,2020-04-14,58,Manoj                                             ,Pareek                                            ,India,Delhi,1480,Manic Depression,Rock,0.99,1.0,0.99
506,2020-04-14,58,Manoj                                             ,Pareek                                            ,India,Delhi,1481,Red House,Rock,0.99,1.0,0.99
506,2020-04-14,58,Manoj                                             ,Pareek                                            ,India,Delhi,1482,Can You See Me,Rock,0.99,1.0,0.99
506,2020-04-14,58,Manoj                                             ,Pareek                                            ,India,Delhi,1483,Love Or Confusion,Rock,0.99,1.0,0.99
506,2020-04-14,58,Manoj                                             ,Pareek                                            ,India,Delhi,1484,I Don't Live Today,Rock,0.99,1.0,0.99
506,2020-04-14,58,Manoj                                             ,Pareek                                            ,India,Delhi,1485,May This Be Love,Rock,0.99,1.0,0.99
506,2020-04-14,58,Manoj                                             ,Pareek                                            ,India,Delhi,1486,Fire,Rock,0.99,1.0,0.99
506,2020-04-14,58,Manoj                                             ,Pareek                                            ,India,Delhi,1487,Third Stone From The Sun,Rock,0.99,1.0,0.99
506,2020-04-14,58,Manoj                                             ,Pareek                                            ,India,Delhi,1488,Remember,Rock,0.99,1.0,0.99
506,2020-04-14,58,Manoj                                             ,Pareek                                            ,India,Delhi,1489,Are You Experienced?,Rock,0.99,1.0,0.99
506,2020-04-14,58,Manoj                                             ,Pareek                                            ,India,Delhi,1490,Hey Joe,Rock,0.99,1.0,0.99
506,2020-04-14,58,Manoj                                             ,Pareek                                            ,India,Delhi,1491,Stone Free,Rock,0.99,1.0,0.99
506,2020-04-14,58,Manoj                                             ,Pareek                                            ,India,Delhi,1492,Purple Haze,Rock,0.99,1.0,0.99
506,2020-04-14,58,Manoj                                             ,Pareek                                            ,India,Delhi,1494,The Wind Cries Mary,Rock,0.99,1.0,0.99
506,2020-04-14,58,Manoj                                             ,Pareek                                            ,India,Delhi,1495,Highway Chile,Rock,0.99,1.0,0.99
507,2020-04-20,2,Leonie                                            ,Köhler                                            ,Germany,Stuttgart,82,Creeping Death,Metal,0.99,1.0,0.99
508,2020-04-22,38,Niklas                                            ,Schröder                                          ,Germany,Berlin,152,N.I.B.,Metal,0.99,1.0,0.99
508,2020-04-22,38,Niklas                                            ,Schröder                                          ,Germany,Berlin,1778,You're What's Happening (In The World Today),R&B/Soul,0.99,1.0,0.99
508,2020-04-22,38,Niklas                                            ,Schröder                                          ,Germany,Berlin,917,Walkin' Blues,Blues,0.99,1.0,0.99
508,2020-04-22,38,Niklas                                            ,Schröder                                          ,Germany,Berlin,2234,Us And Them,Rock,0.99,1.0,0.99
508,2020-04-22,38,Niklas                                            ,Schröder                                          ,Germany,Berlin,2381,Can't Stop,Rock,0.99,1.0,0.99
508,2020-04-22,38,Niklas                                            ,Schröder                                          ,Germany,Berlin,1950,Dance,Metal,0.99,1.0,0.99
508,2020-04-22,38,Niklas                                            ,Schröder                                          ,Germany,Berlin,3275,Real Love,Pop,0.99,1.0,0.99
508,2020-04-22,38,Niklas                                            ,Schröder                                          ,Germany,Berlin,207,Meditação,Latin,0.99,1.0,0.99
508,2020-04-22,38,Niklas                                            ,Schröder                                          ,Germany,Berlin,3473,Take the Box,Pop,0.99,1.0,0.99
509,2020-04-27,48,Johannes                                          ,Van der Berg                                      ,Netherlands,Amsterdam,204,Talkin' 'Bout Women Obviously,Blues,0.99,1.0,0.99
509,2020-04-27,48,Johannes                                          ,Van der Berg                                      ,Netherlands,Amsterdam,2429,We've Got To Get Together/Jingo,Rock,0.99,1.0,0.99
509,2020-04-27,48,Johannes                                          ,Van der Berg                                      ,Netherlands,Amsterdam,26,What It Takes,Rock,0.99,1.0,0.99
509,2020-04-27,48,Johannes                                          ,Van der Berg                                      ,Netherlands,Amsterdam,199,Leave My Girl Alone,Blues,0.99,1.0,0.99
509,2020-04-27,48,Johannes                                          ,Van der Berg                                      ,Netherlands,Amsterdam,1956,Emergency,Metal,0.99,1.0,0.99
509,2020-04-27,48,Johannes                                          ,Van der Berg                                      ,Netherlands,Amsterdam,3336,War Pigs,Alternative,0.99,1.0,0.99
509,2020-04-27,48,Johannes                                          ,Van der Berg                                      ,Netherlands,Amsterdam,2515,The Day I Tried To Live,Rock,0.99,1.0,0.99
510,2020-04-28,25,Victor                                            ,Stevens                                           ,USA,Madison,2285,Pop Song 89,Alternative & Punk,0.99,1.0,0.99
510,2020-04-28,25,Victor                                            ,Stevens                                           ,USA,Madison,2286,Get Up,Alternative & Punk,0.99,1.0,0.99
510,2020-04-28,25,Victor                                            ,Stevens                                           ,USA,Madison,2287,You Are The Everything,Alternative & Punk,0.99,1.0,0.99
510,2020-04-28,25,Victor                                            ,Stevens                                           ,USA,Madison,2288,Stand,Alternative & Punk,0.99,1.0,0.99
510,2020-04-28,25,Victor                                            ,Stevens                                           ,USA,Madison,2289,World Leader Pretend,Alternative & Punk,0.99,1.0,0.99
510,2020-04-28,25,Victor                                            ,Stevens                                           ,USA,Madison,2290,The Wrong Child,Alternative & Punk,0.99,1.0,0.99
510,2020-04-28,25,Victor                                            ,Stevens                                           ,USA,Madison,2291,Orange Crush,Alternative & Punk,0.99,1.0,0.99
510,2020-04-28,25,Victor                                            ,Stevens                                           ,USA,Madison,2293,Hairshirt,Alternative & Punk,0.99,1.0,0.99
510,2020-04-28,25,Victor                                            ,Stevens                                           ,USA,Madison,2294,I Remember California,Alternative & Punk,0.99,1.0,0.99
510,2020-04-28,25,Victor                                            ,Stevens                                           ,USA,Madison,2295,Untitled,Alternative & Punk,0.99,1.0,0.99
511,2020-05-01,24,Frank                                             ,Ralston                                           ,USA,Chicago,149,Black Sabbath,Metal,0.99,1.0,0.99
511,2020-05-01,24,Frank                                             ,Ralston                                           ,USA,Chicago,150,The Wizard,Metal,0.99,1.0,0.99
511,2020-05-01,24,Frank                                             ,Ralston                                           ,USA,Chicago,151,Behind The Wall Of Sleep,Metal,0.99,1.0,0.99
511,2020-05-01,24,Frank                                             ,Ralston                                           ,USA,Chicago,152,N.I.B.,Metal,0.99,1.0,0.99
511,2020-05-01,24,Frank                                             ,Ralston                                           ,USA,Chicago,153,Evil Woman,Metal,0.99,1.0,0.99
511,2020-05-01,24,Frank                                             ,Ralston                                           ,USA,Chicago,154,Sleeping Village,Metal,0.99,1.0,0.99
511,2020-05-01,24,Frank                                             ,Ralston                                           ,USA,Chicago,155,Warning,Metal,0.99,1.0,0.99
512,2020-05-02,43,Isabelle                                          ,Mercier                                           ,France,Dijon,807,Stormbringer,Rock,0.99,1.0,0.99
512,2020-05-02,43,Isabelle                                          ,Mercier                                           ,France,Dijon,808,Love Don't Mean a Thing,Rock,0.99,1.0,0.99
512,2020-05-02,43,Isabelle                                          ,Mercier                                           ,France,Dijon,809,Holy Man,Rock,0.99,1.0,0.99
512,2020-05-02,43,Isabelle                                          ,Mercier                                           ,France,Dijon,810,Hold On,Rock,0.99,1.0,0.99
512,2020-05-02,43,Isabelle                                          ,Mercier                                           ,France,Dijon,811,Lady Double Dealer,Rock,0.99,1.0,0.99
512,2020-05-02,43,Isabelle                                          ,Mercier                                           ,France,Dijon,812,You Can't Do it Right (With the One You Love),Rock,0.99,1.0,0.99
512,2020-05-02,43,Isabelle                                          ,Mercier                                           ,France,Dijon,813,High Ball Shooter,Rock,0.99,1.0,0.99
512,2020-05-02,43,Isabelle                                          ,Mercier                                           ,France,Dijon,814,The Gypsy,Rock,0.99,1.0,0.99
512,2020-05-02,43,Isabelle                                          ,Mercier                                           ,France,Dijon,815,Soldier Of Fortune,Rock,0.99,1.0,0.99
513,2020-05-03,41,Marc                                              ,Dubois                                            ,France,Lyon,2546,Sin,Rock,0.99,1.0,0.99
513,2020-05-03,41,Marc                                              ,Dubois                                            ,France,Lyon,2234,Us And Them,Rock,0.99,1.0,0.99
513,2020-05-03,41,Marc                                              ,Dubois                                            ,France,Lyon,2220,Nothing But Love,Reggae,0.99,1.0,0.99
513,2020-05-03,41,Marc                                              ,Dubois                                            ,France,Lyon,937,Midlife Crisis,Alternative & Punk,0.99,1.0,0.99
513,2020-05-03,41,Marc                                              ,Dubois                                            ,France,Lyon,2332,The Finest Worksong,Alternative & Punk,0.99,1.0,0.99
513,2020-05-03,41,Marc                                              ,Dubois                                            ,France,Lyon,1459,Manifest Destiny,Electronica/Dance,0.99,1.0,0.99
513,2020-05-03,41,Marc                                              ,Dubois                                            ,France,Lyon,2675,Let's Spend The Night Together,Rock,0.99,1.0,0.99
513,2020-05-03,41,Marc                                              ,Dubois                                            ,France,Lyon,93,Exploder,Rock,0.99,1.0,0.99
513,2020-05-03,41,Marc                                              ,Dubois                                            ,France,Lyon,697,Born On The Bayou,Rock,0.99,1.0,0.99
513,2020-05-03,41,Marc                                              ,Dubois                                            ,France,Lyon,3017,All I Want Is You,Rock,0.99,1.0,0.99
513,2020-05-03,41,Marc                                              ,Dubois                                            ,France,Lyon,1040,Summer Love,Easy Listening,0.99,1.0,0.99
514,2020-05-14,25,Victor                                            ,Stevens                                           ,USA,Madison,3103,How Many Say I,Rock,0.99,1.0,0.99
514,2020-05-14,25,Victor                                            ,Stevens                                           ,USA,Madison,1591,Ozone Baby,Rock,0.99,1.0,0.99
514,2020-05-14,25,Victor                                            ,Stevens                                           ,USA,Madison,1176,Yesterdays,Metal,0.99,1.0,0.99
515,2020-05-15,23,John                                              ,Gordon                                            ,USA,Boston,2731,I Can't Explain,Rock,0.99,1.0,0.99
515,2020-05-15,23,John                                              ,Gordon                                            ,USA,Boston,3393,Original Fire,Alternative,0.99,1.0,0.99
515,2020-05-15,23,John                                              ,Gordon                                            ,USA,Boston,2696,Out Of Tears,Rock,0.99,1.0,0.99
516,2020-05-16,23,John                                              ,Gordon                                            ,USA,Boston,2735,I'm A Boy,Rock,0.99,1.0,0.99
516,2020-05-16,23,John                                              ,Gordon                                            ,USA,Boston,1039,What Now My Love,Easy Listening,0.99,1.0,0.99
517,2020-05-16,3,François                                          ,Tremblay                                          ,Canada,Montréal,2573,Sting Me,Blues,0.99,1.0,0.99
517,2020-05-16,3,François                                          ,Tremblay                                          ,Canada,Montréal,1111,A Paz,Latin,0.99,1.0,0.99
517,2020-05-16,3,François                                          ,Tremblay                                          ,Canada,Montréal,62,Real Thing,Rock,0.99,1.0,0.99
517,2020-05-16,3,François                                          ,Tremblay                                          ,Canada,Montréal,3495,"24 Caprices, Op. 1, No. 24, for Solo Violin, in A Minor",Classical,0.99,1.0,0.99
517,2020-05-16,3,François                                          ,Tremblay                                          ,Canada,Montréal,915,Layla,Blues,0.99,1.0,0.99
517,2020-05-16,3,François                                          ,Tremblay                                          ,Canada,Montréal,2573,Sting Me,Blues,0.99,1.0,0.99
517,2020-05-16,3,François                                          ,Tremblay                                          ,Canada,Montréal,1988,Drain You,Rock,0.99,1.0,0.99
517,2020-05-16,3,François                                          ,Tremblay                                          ,Canada,Montréal,36,Angel,Rock,0.99,1.0,0.99
517,2020-05-16,3,François                                          ,Tremblay                                          ,Canada,Montréal,445,She,Rock,0.99,1.0,0.99
518,2020-05-22,22,Heather                                           ,Leacock                                           ,USA,Orlando,3465,You Know I'm No Good (feat. Ghostface Killah),R&B/Soul,0.99,1.0,0.99
518,2020-05-22,22,Heather                                           ,Leacock                                           ,USA,Orlando,1551,The Hellion,Metal,0.99,1.0,0.99
519,2020-05-22,32,Aaron                                             ,Mitchell                                          ,Canada,Winnipeg,1800,No Sign of Yesterday,Rock,0.99,1.0,0.99
519,2020-05-22,32,Aaron                                             ,Mitchell                                          ,Canada,Winnipeg,612,Nefertiti,Jazz,0.99,1.0,0.99
519,2020-05-22,32,Aaron                                             ,Mitchell                                          ,Canada,Winnipeg,1528,A Tarde,Latin,0.99,1.0,0.99
519,2020-05-22,32,Aaron                                             ,Mitchell                                          ,Canada,Winnipeg,477,Brain Stew,Alternative & Punk,0.99,1.0,0.99
519,2020-05-22,32,Aaron                                             ,Mitchell                                          ,Canada,Winnipeg,3461,Tears Dry On Their Own,R&B/Soul,0.99,1.0,0.99
519,2020-05-22,32,Aaron                                             ,Mitchell                                          ,Canada,Winnipeg,1563,Plaster Caster,Rock,0.99,1.0,0.99
519,2020-05-22,32,Aaron                                             ,Mitchell                                          ,Canada,Winnipeg,834,When Love & Hate Collide,Rock,0.99,1.0,0.99
520,2020-05-26,5,R                                                 ,Madhav                                            ,Czech Republic,Prague,3308,"Danny Boy, Danny Boy",Hip Hop/Rap,0.99,1.0,0.99
520,2020-05-26,5,R                                                 ,Madhav                                            ,Czech Republic,Prague,142,No More Tears,Metal,0.99,1.0,0.99
520,2020-05-26,5,R                                                 ,Madhav                                            ,Czech Republic,Prague,2607,Rock The Casbah,Alternative & Punk,0.99,1.0,0.99
520,2020-05-26,5,R                                                 ,Madhav                                            ,Czech Republic,Prague,1988,Drain You,Rock,0.99,1.0,0.99
520,2020-05-26,5,R                                                 ,Madhav                                            ,Czech Republic,Prague,2658,Spirit's in the Material World,Rock,0.99,1.0,0.99
520,2020-05-26,5,R                                                 ,Madhav                                            ,Czech Republic,Prague,2001,Tourette's,Rock,0.99,1.0,0.99
520,2020-05-26,5,R                                                 ,Madhav                                            ,Czech Republic,Prague,428,Headlong,Rock,0.99,1.0,0.99
520,2020-05-26,5,R                                                 ,Madhav                                            ,Czech Republic,Prague,2663,Message in a Bottle (new classic rock mix),Rock,0.99,1.0,0.99
520,2020-05-26,5,R                                                 ,Madhav                                            ,Czech Republic,Prague,421,Radio GA GA,Rock,0.99,1.0,0.99
520,2020-05-26,5,R                                                 ,Madhav                                            ,Czech Republic,Prague,16,Dog Eat Dog,Rock,0.99,1.0,0.99
521,2020-05-27,13,Fernanda                                          ,Ramos                                             ,Brazil,Brasília,3000,God Part II,Rock,0.99,1.0,0.99
521,2020-05-27,13,Fernanda                                          ,Ramos                                             ,Brazil,Brasília,2649,The End,Rock,0.99,1.0,0.99
521,2020-05-27,13,Fernanda                                          ,Ramos                                             ,Brazil,Brasília,2732,"Anyway, Anyhow, Anywhere",Rock,0.99,1.0,0.99
521,2020-05-27,13,Fernanda                                          ,Ramos                                             ,Brazil,Brasília,992,DOA,Rock,0.99,1.0,0.99
522,2020-05-27,22,Heather                                           ,Leacock                                           ,USA,Orlando,3048,C'est La Vie,Reggae,0.99,1.0,0.99
522,2020-05-27,22,Heather                                           ,Leacock                                           ,USA,Orlando,800,Fire In The Basement,Rock,0.99,1.0,0.99
522,2020-05-27,22,Heather                                           ,Leacock                                           ,USA,Orlando,2236,Brain Damage,Rock,0.99,1.0,0.99
522,2020-05-27,22,Heather                                           ,Leacock                                           ,USA,Orlando,2554,Soldier Side - Intro,Metal,0.99,1.0,0.99
522,2020-05-27,22,Heather                                           ,Leacock                                           ,USA,Orlando,2646,I Looked At You,Rock,0.99,1.0,0.99
522,2020-05-27,22,Heather                                           ,Leacock                                           ,USA,Orlando,1180,Breakdown,Metal,0.99,1.0,0.99
522,2020-05-27,22,Heather                                           ,Leacock                                           ,USA,Orlando,950,Ricochet,Rock,0.99,1.0,0.99
522,2020-05-27,22,Heather                                           ,Leacock                                           ,USA,Orlando,3112,Set Me Free,Rock,0.99,1.0,0.99
523,2020-05-29,50,Enrique                                           ,Muñoz                                             ,Spain,Madrid,3355,Love Comes,Rock,0.99,1.0,0.99
523,2020-05-29,50,Enrique                                           ,Muñoz                                             ,Spain,Madrid,1048,It Was A Very Good Year,Easy Listening,0.99,1.0,0.99
523,2020-05-29,50,Enrique                                           ,Muñoz                                             ,Spain,Madrid,1030,Everlong,Rock,0.99,1.0,0.99
523,2020-05-29,50,Enrique                                           ,Muñoz                                             ,Spain,Madrid,79,Harvester Of Sorrow,Metal,0.99,1.0,0.99
523,2020-05-29,50,Enrique                                           ,Muñoz                                             ,Spain,Madrid,1023,My Poor Brain,Rock,0.99,1.0,0.99
523,2020-05-29,50,Enrique                                           ,Muñoz                                             ,Spain,Madrid,1489,Are You Experienced?,Rock,0.99,1.0,0.99
523,2020-05-29,50,Enrique                                           ,Muñoz                                             ,Spain,Madrid,2303,Bittersweet Me,Rock,0.99,1.0,0.99
523,2020-05-29,50,Enrique                                           ,Muñoz                                             ,Spain,Madrid,3458,Just Friends,R&B/Soul,0.99,1.0,0.99
524,2020-06-01,41,Marc                                              ,Dubois                                            ,France,Lyon,2690,Love Is Strong,Rock,0.99,1.0,0.99
524,2020-06-01,41,Marc                                              ,Dubois                                            ,France,Lyon,2268,Seven Seas Of Rhye,Rock,0.99,1.0,0.99
524,2020-06-01,41,Marc                                              ,Dubois                                            ,France,Lyon,1623,Black Mountain Side,Rock,0.99,1.0,0.99
524,2020-06-01,41,Marc                                              ,Dubois                                            ,France,Lyon,444,Do You Love Me,Rock,0.99,1.0,0.99
524,2020-06-01,41,Marc                                              ,Dubois                                            ,France,Lyon,920,Malted Milk,Blues,0.99,1.0,0.99
525,2020-06-02,30,Edward                                            ,Francis                                           ,Canada,Ottawa,2683,Wainting On A Friend,Rock,0.99,1.0,0.99
525,2020-06-02,30,Edward                                            ,Francis                                           ,Canada,Ottawa,1109,Esotérico,Latin,0.99,1.0,0.99
525,2020-06-02,30,Edward                                            ,Francis                                           ,Canada,Ottawa,23,Walk On Water,Rock,0.99,1.0,0.99
525,2020-06-02,30,Edward                                            ,Francis                                           ,Canada,Ottawa,990,No Way Back,Rock,0.99,1.0,0.99
525,2020-06-02,30,Edward                                            ,Francis                                           ,Canada,Ottawa,1950,Dance,Metal,0.99,1.0,0.99
525,2020-06-02,30,Edward                                            ,Francis                                           ,Canada,Ottawa,3067,Dance the Night Away,Rock,0.99,1.0,0.99
525,2020-06-02,30,Edward                                            ,Francis                                           ,Canada,Ottawa,26,What It Takes,Rock,0.99,1.0,0.99
525,2020-06-02,30,Edward                                            ,Francis                                           ,Canada,Ottawa,6,Put The Finger On You,Rock,0.99,1.0,0.99
525,2020-06-02,30,Edward                                            ,Francis                                           ,Canada,Ottawa,165,Under The Sun/Every Day Comes and Goes,Metal,0.99,1.0,0.99
525,2020-06-02,30,Edward                                            ,Francis                                           ,Canada,Ottawa,2229,Speak To Me/Breathe,Rock,0.99,1.0,0.99
526,2020-06-08,5,R                                                 ,Madhav                                            ,Czech Republic,Prague,436,Detroit Rock City,Rock,0.99,1.0,0.99
526,2020-06-08,5,R                                                 ,Madhav                                            ,Czech Republic,Prague,437,Black Diamond,Rock,0.99,1.0,0.99
526,2020-06-08,5,R                                                 ,Madhav                                            ,Czech Republic,Prague,438,Hard Luck Woman,Rock,0.99,1.0,0.99
526,2020-06-08,5,R                                                 ,Madhav                                            ,Czech Republic,Prague,439,Sure Know Something,Rock,0.99,1.0,0.99
526,2020-06-08,5,R                                                 ,Madhav                                            ,Czech Republic,Prague,440,Love Gun,Rock,0.99,1.0,0.99
526,2020-06-08,5,R                                                 ,Madhav                                            ,Czech Republic,Prague,441,Deuce,Rock,0.99,1.0,0.99
526,2020-06-08,5,R                                                 ,Madhav                                            ,Czech Republic,Prague,442,Goin' Blind,Rock,0.99,1.0,0.99
526,2020-06-08,5,R                                                 ,Madhav                                            ,Czech Republic,Prague,443,Shock Me,Rock,0.99,1.0,0.99
526,2020-06-08,5,R                                                 ,Madhav                                            ,Czech Republic,Prague,444,Do You Love Me,Rock,0.99,1.0,0.99
526,2020-06-08,5,R                                                 ,Madhav                                            ,Czech Republic,Prague,445,She,Rock,0.99,1.0,0.99
526,2020-06-08,5,R                                                 ,Madhav                                            ,Czech Republic,Prague,446,I Was Made For Loving You,Rock,0.99,1.0,0.99
526,2020-06-08,5,R                                                 ,Madhav                                            ,Czech Republic,Prague,447,Shout It Out Loud,Rock,0.99,1.0,0.99
526,2020-06-08,5,R                                                 ,Madhav                                            ,Czech Republic,Prague,448,God Of Thunder,Rock,0.99,1.0,0.99
526,2020-06-08,5,R                                                 ,Madhav                                            ,Czech Republic,Prague,449,Calling Dr. Love,Rock,0.99,1.0,0.99
526,2020-06-08,5,R                                                 ,Madhav                                            ,Czech Republic,Prague,450,Beth,Rock,0.99,1.0,0.99
526,2020-06-08,5,R                                                 ,Madhav                                            ,Czech Republic,Prague,451,Strutter,Rock,0.99,1.0,0.99
526,2020-06-08,5,R                                                 ,Madhav                                            ,Czech Republic,Prague,452,Rock And Roll All Nite,Rock,0.99,1.0,0.99
526,2020-06-08,5,R                                                 ,Madhav                                            ,Czech Republic,Prague,453,Cold Gin,Rock,0.99,1.0,0.99
526,2020-06-08,5,R                                                 ,Madhav                                            ,Czech Republic,Prague,454,Plaster Caster,Rock,0.99,1.0,0.99
526,2020-06-08,5,R                                                 ,Madhav                                            ,Czech Republic,Prague,455,God Gave Rock 'n' Roll To You,Rock,0.99,1.0,0.99
527,2020-06-09,57,Luis                                              ,Rojas                                             ,Chile,Santiago,482,Good Riddance (Time Of Your Life),Alternative & Punk,0.99,1.0,0.99
527,2020-06-09,57,Luis                                              ,Rojas                                             ,Chile,Santiago,2647,End Of The Night,Rock,0.99,1.0,0.99
527,2020-06-09,57,Luis                                              ,Rojas                                             ,Chile,Santiago,36,Angel,Rock,0.99,1.0,0.99
527,2020-06-09,57,Luis                                              ,Rojas                                             ,Chile,Santiago,3293,Big City Nights,Rock,0.99,1.0,0.99
527,2020-06-09,57,Luis                                              ,Rojas                                             ,Chile,Santiago,1905,My Ship,Jazz,0.99,1.0,0.99
527,2020-06-09,57,Luis                                              ,Rojas                                             ,Chile,Santiago,1426,I'm A Greedy Man Pt.1,R&B/Soul,0.99,1.0,0.99
527,2020-06-09,57,Luis                                              ,Rojas                                             ,Chile,Santiago,1129,Dead And Broken,Metal,0.99,1.0,0.99
527,2020-06-09,57,Luis                                              ,Rojas                                             ,Chile,Santiago,1115,Tempo Rei,Latin,0.99,1.0,0.99
527,2020-06-09,57,Luis                                              ,Rojas                                             ,Chile,Santiago,2680,Memory Motel,Rock,0.99,1.0,0.99
527,2020-06-09,57,Luis                                              ,Rojas                                             ,Chile,Santiago,3478,Slowness,Alternative,0.99,1.0,0.99
527,2020-06-09,57,Luis                                              ,Rojas                                             ,Chile,Santiago,219,Odara,Latin,0.99,1.0,0.99
528,2020-06-10,50,Enrique                                           ,Muñoz                                             ,Spain,Madrid,1479,Foxy Lady,Rock,0.99,1.0,0.99
528,2020-06-10,50,Enrique                                           ,Muñoz                                             ,Spain,Madrid,1480,Manic Depression,Rock,0.99,1.0,0.99
528,2020-06-10,50,Enrique                                           ,Muñoz                                             ,Spain,Madrid,1481,Red House,Rock,0.99,1.0,0.99
528,2020-06-10,50,Enrique                                           ,Muñoz                                             ,Spain,Madrid,1482,Can You See Me,Rock,0.99,1.0,0.99
528,2020-06-10,50,Enrique                                           ,Muñoz                                             ,Spain,Madrid,1483,Love Or Confusion,Rock,0.99,1.0,0.99
528,2020-06-10,50,Enrique                                           ,Muñoz                                             ,Spain,Madrid,1484,I Don't Live Today,Rock,0.99,1.0,0.99
528,2020-06-10,50,Enrique                                           ,Muñoz                                             ,Spain,Madrid,1485,May This Be Love,Rock,0.99,1.0,0.99
528,2020-06-10,50,Enrique                                           ,Muñoz                                             ,Spain,Madrid,1486,Fire,Rock,0.99,1.0,0.99
528,2020-06-10,50,Enrique                                           ,Muñoz                                             ,Spain,Madrid,1487,Third Stone From The Sun,Rock,0.99,1.0,0.99
528,2020-06-10,50,Enrique                                           ,Muñoz                                             ,Spain,Madrid,1488,Remember,Rock,0.99,1.0,0.99
528,2020-06-10,50,Enrique                                           ,Muñoz                                             ,Spain,Madrid,1490,Hey Joe,Rock,0.99,1.0,0.99
528,2020-06-10,50,Enrique                                           ,Muñoz                                             ,Spain,Madrid,1491,Stone Free,Rock,0.99,1.0,0.99
528,2020-06-10,50,Enrique                                           ,Muñoz                                             ,Spain,Madrid,1492,Purple Haze,Rock,0.99,1.0,0.99
528,2020-06-10,50,Enrique                                           ,Muñoz                                             ,Spain,Madrid,1493,51st Anniversary,Rock,0.99,1.0,0.99
528,2020-06-10,50,Enrique                                           ,Muñoz                                             ,Spain,Madrid,1494,The Wind Cries Mary,Rock,0.99,1.0,0.99
528,2020-06-10,50,Enrique                                           ,Muñoz                                             ,Spain,Madrid,1495,Highway Chile,Rock,0.99,1.0,0.99
529,2020-06-12,24,Frank                                             ,Ralston                                           ,USA,Chicago,3375,No Such Thing,Alternative,0.99,1.0,0.99
529,2020-06-12,24,Frank                                             ,Ralston                                           ,USA,Chicago,3376,Poison Eye,Alternative,0.99,1.0,0.99
529,2020-06-12,24,Frank                                             ,Ralston                                           ,USA,Chicago,3377,Arms Around Your Love,Alternative,0.99,1.0,0.99
529,2020-06-12,24,Frank                                             ,Ralston                                           ,USA,Chicago,3378,Safe and Sound,Alternative,0.99,1.0,0.99
529,2020-06-12,24,Frank                                             ,Ralston                                           ,USA,Chicago,3379,She'll Never Be Your Man,Alternative,0.99,1.0,0.99
529,2020-06-12,24,Frank                                             ,Ralston                                           ,USA,Chicago,3380,Ghosts,Alternative,0.99,1.0,0.99
529,2020-06-12,24,Frank                                             ,Ralston                                           ,USA,Chicago,3381,Killing Birds,Alternative,0.99,1.0,0.99
529,2020-06-12,24,Frank                                             ,Ralston                                           ,USA,Chicago,3382,Billie Jean,Alternative,0.99,1.0,0.99
529,2020-06-12,24,Frank                                             ,Ralston                                           ,USA,Chicago,3383,Scar On the Sky,Alternative,0.99,1.0,0.99
529,2020-06-12,24,Frank                                             ,Ralston                                           ,USA,Chicago,3384,Your Soul Today,Alternative,0.99,1.0,0.99
529,2020-06-12,24,Frank                                             ,Ralston                                           ,USA,Chicago,3385,Finally Forever,Alternative,0.99,1.0,0.99
529,2020-06-12,24,Frank                                             ,Ralston                                           ,USA,Chicago,3386,Silence the Voices,Alternative,0.99,1.0,0.99
529,2020-06-12,24,Frank                                             ,Ralston                                           ,USA,Chicago,3387,Disappearing Act,Alternative,0.99,1.0,0.99
529,2020-06-12,24,Frank                                             ,Ralston                                           ,USA,Chicago,3388,You Know My Name,Alternative,0.99,1.0,0.99
530,2020-06-22,14,Mark                                              ,Philips                                           ,Canada,Edmonton,2231,Time,Rock,0.99,1.0,0.99
531,2020-06-22,44,Terhi                                             ,Hämäläinen                                        ,Finland,Helsinki,2650,Roxanne,Rock,0.99,1.0,0.99
531,2020-06-22,44,Terhi                                             ,Hämäläinen                                        ,Finland,Helsinki,2651,Can't Stand Losing You,Rock,0.99,1.0,0.99
531,2020-06-22,44,Terhi                                             ,Hämäläinen                                        ,Finland,Helsinki,2652,Message in a Bottle,Rock,0.99,1.0,0.99
531,2020-06-22,44,Terhi                                             ,Hämäläinen                                        ,Finland,Helsinki,2654,Don't Stand so Close to Me,Rock,0.99,1.0,0.99
531,2020-06-22,44,Terhi                                             ,Hämäläinen                                        ,Finland,Helsinki,2655,"De Do Do Do, De Da Da Da",Rock,0.99,1.0,0.99
531,2020-06-22,44,Terhi                                             ,Hämäläinen                                        ,Finland,Helsinki,2656,Every Little Thing She Does is Magic,Rock,0.99,1.0,0.99
531,2020-06-22,44,Terhi                                             ,Hämäläinen                                        ,Finland,Helsinki,2657,Invisible Sun,Rock,0.99,1.0,0.99
531,2020-06-22,44,Terhi                                             ,Hämäläinen                                        ,Finland,Helsinki,2658,Spirit's in the Material World,Rock,0.99,1.0,0.99
531,2020-06-22,44,Terhi                                             ,Hämäläinen                                        ,Finland,Helsinki,2660,King Of Pain,Rock,0.99,1.0,0.99
531,2020-06-22,44,Terhi                                             ,Hämäläinen                                        ,Finland,Helsinki,2661,Wrapped Around Your Finger,Rock,0.99,1.0,0.99
531,2020-06-22,44,Terhi                                             ,Hämäläinen                                        ,Finland,Helsinki,2662,Don't Stand So Close to Me '86,Rock,0.99,1.0,0.99
531,2020-06-22,44,Terhi                                             ,Hämäläinen                                        ,Finland,Helsinki,2663,Message in a Bottle (new classic rock mix),Rock,0.99,1.0,0.99
532,2020-06-23,13,Fernanda                                          ,Ramos                                             ,Brazil,Brasília,63,Desafinado,Jazz,0.99,1.0,0.99
532,2020-06-23,13,Fernanda                                          ,Ramos                                             ,Brazil,Brasília,64,Garota De Ipanema,Jazz,0.99,1.0,0.99
532,2020-06-23,13,Fernanda                                          ,Ramos                                             ,Brazil,Brasília,65,Samba De Uma Nota Só (One Note Samba),Jazz,0.99,1.0,0.99
532,2020-06-23,13,Fernanda                                          ,Ramos                                             ,Brazil,Brasília,66,Por Causa De Você,Jazz,0.99,1.0,0.99
532,2020-06-23,13,Fernanda                                          ,Ramos                                             ,Brazil,Brasília,67,Ligia,Jazz,0.99,1.0,0.99
532,2020-06-23,13,Fernanda                                          ,Ramos                                             ,Brazil,Brasília,68,Fotografia,Jazz,0.99,1.0,0.99
532,2020-06-23,13,Fernanda                                          ,Ramos                                             ,Brazil,Brasília,69,Dindi (Dindi),Jazz,0.99,1.0,0.99
532,2020-06-23,13,Fernanda                                          ,Ramos                                             ,Brazil,Brasília,70,Se Todos Fossem Iguais A Você (Instrumental),Jazz,0.99,1.0,0.99
532,2020-06-23,13,Fernanda                                          ,Ramos                                             ,Brazil,Brasília,71,Falando De Amor,Jazz,0.99,1.0,0.99
532,2020-06-23,13,Fernanda                                          ,Ramos                                             ,Brazil,Brasília,72,Angela,Jazz,0.99,1.0,0.99
532,2020-06-23,13,Fernanda                                          ,Ramos                                             ,Brazil,Brasília,73,Corcovado (Quiet Nights Of Quiet Stars),Jazz,0.99,1.0,0.99
532,2020-06-23,13,Fernanda                                          ,Ramos                                             ,Brazil,Brasília,74,Outra Vez,Jazz,0.99,1.0,0.99
532,2020-06-23,13,Fernanda                                          ,Ramos                                             ,Brazil,Brasília,75,O Boto (Bôto),Jazz,0.99,1.0,0.99
532,2020-06-23,13,Fernanda                                          ,Ramos                                             ,Brazil,Brasília,76,"Canta, Canta Mais",Jazz,0.99,1.0,0.99
533,2020-06-24,11,Alexandre                                         ,Rocha                                             ,Brazil,São Paulo,2165,Life Wasted,Alternative & Punk,0.99,1.0,0.99
533,2020-06-24,11,Alexandre                                         ,Rocha                                             ,Brazil,São Paulo,2166,World Wide Suicide,Alternative & Punk,0.99,1.0,0.99
533,2020-06-24,11,Alexandre                                         ,Rocha                                             ,Brazil,São Paulo,2167,Comatose,Alternative & Punk,0.99,1.0,0.99
533,2020-06-24,11,Alexandre                                         ,Rocha                                             ,Brazil,São Paulo,2168,Severed Hand,Alternative & Punk,0.99,1.0,0.99
533,2020-06-24,11,Alexandre                                         ,Rocha                                             ,Brazil,São Paulo,2169,Marker In The Sand,Alternative & Punk,0.99,1.0,0.99
533,2020-06-24,11,Alexandre                                         ,Rocha                                             ,Brazil,São Paulo,2170,Parachutes,Alternative & Punk,0.99,1.0,0.99
533,2020-06-24,11,Alexandre                                         ,Rocha                                             ,Brazil,São Paulo,2171,Unemployable,Alternative & Punk,0.99,1.0,0.99
533,2020-06-24,11,Alexandre                                         ,Rocha                                             ,Brazil,São Paulo,2172,Big Wave,Alternative & Punk,0.99,1.0,0.99
533,2020-06-24,11,Alexandre                                         ,Rocha                                             ,Brazil,São Paulo,2173,Gone,Alternative & Punk,0.99,1.0,0.99
533,2020-06-24,11,Alexandre                                         ,Rocha                                             ,Brazil,São Paulo,2174,Wasted Reprise,Alternative & Punk,0.99,1.0,0.99
533,2020-06-24,11,Alexandre                                         ,Rocha                                             ,Brazil,São Paulo,2175,Army Reserve,Alternative & Punk,0.99,1.0,0.99
533,2020-06-24,11,Alexandre                                         ,Rocha                                             ,Brazil,São Paulo,2176,Come Back,Alternative & Punk,0.99,1.0,0.99
533,2020-06-24,11,Alexandre                                         ,Rocha                                             ,Brazil,São Paulo,2177,Inside Job,Alternative & Punk,0.99,1.0,0.99
534,2020-06-25,10,Eduardo                                           ,Martins                                           ,Brazil,São Paulo,1815,The Wait,Metal,0.99,1.0,0.99
534,2020-06-25,10,Eduardo                                           ,Martins                                           ,Brazil,São Paulo,157,Tomorrow's Dream,Metal,0.99,1.0,0.99
534,2020-06-25,10,Eduardo                                           ,Martins                                           ,Brazil,São Paulo,2172,Big Wave,Alternative & Punk,0.99,1.0,0.99
534,2020-06-25,10,Eduardo                                           ,Martins                                           ,Brazil,São Paulo,1018,Burn Away,Alternative & Punk,0.99,1.0,0.99
534,2020-06-25,10,Eduardo                                           ,Martins                                           ,Brazil,São Paulo,894,Sunshine Of Your Love,Blues,0.99,1.0,0.99
534,2020-06-25,10,Eduardo                                           ,Martins                                           ,Brazil,São Paulo,10,Evil Walks,Rock,0.99,1.0,0.99
535,2020-07-05,56,Diego                                             ,Gutiérrez                                         ,Argentina,Buenos Aires,1033,My Way,Easy Listening,0.99,1.0,0.99
536,2020-07-06,1,Luís                                              ,Gonçalves                                         ,Brazil,São José dos Campos,2733,My Generation,Rock,0.99,1.0,0.99
536,2020-07-06,1,Luís                                              ,Gonçalves                                         ,Brazil,São José dos Campos,2600,Train In Vain,Alternative & Punk,0.99,1.0,0.99
536,2020-07-06,1,Luís                                              ,Gonçalves                                         ,Brazil,São José dos Campos,1757,Chuva No Brejo,Latin,0.99,1.0,0.99
536,2020-07-06,1,Luís                                              ,Gonçalves                                         ,Brazil,São José dos Campos,419,A Kind Of Magic,Rock,0.99,1.0,0.99
536,2020-07-06,1,Luís                                              ,Gonçalves                                         ,Brazil,São José dos Campos,2307,"So Fast, So Numb",Rock,0.99,1.0,0.99
536,2020-07-06,1,Luís                                              ,Gonçalves                                         ,Brazil,São José dos Campos,2233,Money,Rock,0.99,1.0,0.99
537,2020-07-07,12,Roberto                                           ,Almeida                                           ,Brazil,Rio de Janeiro,1853,Battery,Metal,0.99,1.0,0.99
537,2020-07-07,12,Roberto                                           ,Almeida                                           ,Brazil,Rio de Janeiro,1854,Master Of Puppets,Metal,0.99,1.0,0.99
537,2020-07-07,12,Roberto                                           ,Almeida                                           ,Brazil,Rio de Janeiro,1855,The Thing That Should Not Be,Metal,0.99,1.0,0.99
537,2020-07-07,12,Roberto                                           ,Almeida                                           ,Brazil,Rio de Janeiro,1856,Welcome Home (Sanitarium),Metal,0.99,1.0,0.99
537,2020-07-07,12,Roberto                                           ,Almeida                                           ,Brazil,Rio de Janeiro,1857,Disposable Heroes,Metal,0.99,1.0,0.99
537,2020-07-07,12,Roberto                                           ,Almeida                                           ,Brazil,Rio de Janeiro,1858,Leper Messiah,Metal,0.99,1.0,0.99
537,2020-07-07,12,Roberto                                           ,Almeida                                           ,Brazil,Rio de Janeiro,1859,Orion,Metal,0.99,1.0,0.99
537,2020-07-07,12,Roberto                                           ,Almeida                                           ,Brazil,Rio de Janeiro,1860,Damage Inc.,Metal,0.99,1.0,0.99
538,2020-07-10,31,Martha                                            ,Silk                                              ,Canada,Halifax,2302,Departure,Rock,0.99,1.0,0.99
538,2020-07-10,31,Martha                                            ,Silk                                              ,Canada,Halifax,2382,I Could Die For You,Rock,0.99,1.0,0.99
538,2020-07-10,31,Martha                                            ,Silk                                              ,Canada,Halifax,991,Best Of You,Rock,0.99,1.0,0.99
538,2020-07-10,31,Martha                                            ,Silk                                              ,Canada,Halifax,1055,Loves Been Good To Me,Easy Listening,0.99,1.0,0.99
538,2020-07-10,31,Martha                                            ,Silk                                              ,Canada,Halifax,2655,"De Do Do Do, De Da Da Da",Rock,0.99,1.0,0.99
538,2020-07-10,31,Martha                                            ,Silk                                              ,Canada,Halifax,426,Breakthru,Rock,0.99,1.0,0.99
538,2020-07-10,31,Martha                                            ,Silk                                              ,Canada,Halifax,2261,Save Me,Rock,0.99,1.0,0.99
538,2020-07-10,31,Martha                                            ,Silk                                              ,Canada,Halifax,973,War Pigs,Alternative & Punk,0.99,1.0,0.99
538,2020-07-10,31,Martha                                            ,Silk                                              ,Canada,Halifax,2232,The Great Gig In The Sky,Rock,0.99,1.0,0.99
539,2020-07-12,46,Hugh                                              ,O'Reilly                                          ,Ireland,Dublin,3284,Never Say Die,Rock,0.99,1.0,0.99
540,2020-07-12,37,Fynn                                              ,Zimmermann                                        ,Germany,Frankfurt,3467,Intro / Stronger Than Me,Pop,0.99,1.0,0.99
540,2020-07-12,37,Fynn                                              ,Zimmermann                                        ,Germany,Frankfurt,3468,You Sent Me Flying / Cherry,Pop,0.99,1.0,0.99
540,2020-07-12,37,Fynn                                              ,Zimmermann                                        ,Germany,Frankfurt,3469,F**k Me Pumps,Pop,0.99,1.0,0.99
540,2020-07-12,37,Fynn                                              ,Zimmermann                                        ,Germany,Frankfurt,3470,I Heard Love Is Blind,Pop,0.99,1.0,0.99
540,2020-07-12,37,Fynn                                              ,Zimmermann                                        ,Germany,Frankfurt,3471,(There Is) No Greater Love (Teo Licks),Pop,0.99,1.0,0.99
540,2020-07-12,37,Fynn                                              ,Zimmermann                                        ,Germany,Frankfurt,3472,In My Bed,Pop,0.99,1.0,0.99
540,2020-07-12,37,Fynn                                              ,Zimmermann                                        ,Germany,Frankfurt,3473,Take the Box,Pop,0.99,1.0,0.99
540,2020-07-12,37,Fynn                                              ,Zimmermann                                        ,Germany,Frankfurt,3474,October Song,Pop,0.99,1.0,0.99
540,2020-07-12,37,Fynn                                              ,Zimmermann                                        ,Germany,Frankfurt,3475,What Is It About Men,Pop,0.99,1.0,0.99
540,2020-07-12,37,Fynn                                              ,Zimmermann                                        ,Germany,Frankfurt,3476,Help Yourself,Pop,0.99,1.0,0.99
540,2020-07-12,37,Fynn                                              ,Zimmermann                                        ,Germany,Frankfurt,3477,Amy Amy Amy (Outro),Pop,0.99,1.0,0.99
541,2020-07-15,58,Manoj                                             ,Pareek                                            ,India,Delhi,48,Not The Doctor,Rock,0.99,1.0,0.99
541,2020-07-15,58,Manoj                                             ,Pareek                                            ,India,Delhi,989,In Your Honor,Rock,0.99,1.0,0.99
541,2020-07-15,58,Manoj                                             ,Pareek                                            ,India,Delhi,427,Who Wants To Live Forever,Rock,0.99,1.0,0.99
542,2020-07-18,34,João                                              ,Fernandes                                         ,Portugal,Lisbon,1121,Straight Out Of Line,Metal,0.99,1.0,0.99
542,2020-07-18,34,João                                              ,Fernandes                                         ,Portugal,Lisbon,1122,Faceless,Metal,0.99,1.0,0.99
542,2020-07-18,34,João                                              ,Fernandes                                         ,Portugal,Lisbon,1123,Changes,Metal,0.99,1.0,0.99
542,2020-07-18,34,João                                              ,Fernandes                                         ,Portugal,Lisbon,1124,Make Me Believe,Metal,0.99,1.0,0.99
542,2020-07-18,34,João                                              ,Fernandes                                         ,Portugal,Lisbon,1125,I Stand Alone,Metal,0.99,1.0,0.99
542,2020-07-18,34,João                                              ,Fernandes                                         ,Portugal,Lisbon,1126,Re-Align,Metal,0.99,1.0,0.99
542,2020-07-18,34,João                                              ,Fernandes                                         ,Portugal,Lisbon,1127,I Fucking Hate You,Metal,0.99,1.0,0.99
542,2020-07-18,34,João                                              ,Fernandes                                         ,Portugal,Lisbon,1128,Releasing The Demons,Metal,0.99,1.0,0.99
542,2020-07-18,34,João                                              ,Fernandes                                         ,Portugal,Lisbon,1129,Dead And Broken,Metal,0.99,1.0,0.99
542,2020-07-18,34,João                                              ,Fernandes                                         ,Portugal,Lisbon,1130,I Am,Metal,0.99,1.0,0.99
542,2020-07-18,34,João                                              ,Fernandes                                         ,Portugal,Lisbon,1132,Serenity,Metal,0.99,1.0,0.99
543,2020-07-23,17,Jack                                              ,Smith                                             ,USA,Redmond,3253,Instant Karma,Pop,0.99,1.0,0.99
543,2020-07-23,17,Jack                                              ,Smith                                             ,USA,Redmond,1598,The Crunge,Rock,0.99,1.0,0.99
543,2020-07-23,17,Jack                                              ,Smith                                             ,USA,Redmond,707,My Baby Left Me,Rock,0.99,1.0,0.99
544,2020-07-24,1,Luís                                              ,Gonçalves                                         ,Brazil,São José dos Campos,1955,Please Don't Touch,Metal,0.99,1.0,0.99
544,2020-07-24,1,Luís                                              ,Gonçalves                                         ,Brazil,São José dos Campos,421,Radio GA GA,Rock,0.99,1.0,0.99
544,2020-07-24,1,Luís                                              ,Gonçalves                                         ,Brazil,São José dos Campos,2335,A Sua,Alternative & Punk,0.99,1.0,0.99
544,2020-07-24,1,Luís                                              ,Gonçalves                                         ,Brazil,São José dos Campos,1121,Straight Out Of Line,Metal,0.99,1.0,0.99
544,2020-07-24,1,Luís                                              ,Gonçalves                                         ,Brazil,São José dos Campos,3474,October Song,Pop,0.99,1.0,0.99
544,2020-07-24,1,Luís                                              ,Gonçalves                                         ,Brazil,São José dos Campos,597,Now's The Time,Jazz,0.99,1.0,0.99
544,2020-07-24,1,Luís                                              ,Gonçalves                                         ,Brazil,São José dos Campos,1205,The Longest Day,Rock,0.99,1.0,0.99
544,2020-07-24,1,Luís                                              ,Gonçalves                                         ,Brazil,São José dos Campos,2945,Peace On Earth,Rock,0.99,1.0,0.99
544,2020-07-24,1,Luís                                              ,Gonçalves                                         ,Brazil,São José dos Campos,2652,Message in a Bottle,Rock,0.99,1.0,0.99
545,2020-07-26,33,Ellie                                             ,Sullivan                                          ,Canada,Yellowknife,2118,Most High,Rock,0.99,1.0,0.99
545,2020-07-26,33,Ellie                                             ,Sullivan                                          ,Canada,Yellowknife,1005,On The Mend,Rock,0.99,1.0,0.99
545,2020-07-26,33,Ellie                                             ,Sullivan                                          ,Canada,Yellowknife,1471,Move On,Alternative & Punk,0.99,1.0,0.99
545,2020-07-26,33,Ellie                                             ,Sullivan                                          ,Canada,Yellowknife,2757,New Love,Latin,0.99,1.0,0.99
545,2020-07-26,33,Ellie                                             ,Sullivan                                          ,Canada,Yellowknife,695,Walking On The Water,Rock,0.99,1.0,0.99
545,2020-07-26,33,Ellie                                             ,Sullivan                                          ,Canada,Yellowknife,225,Sozinho (Caêdrum 'n' Bass),Latin,0.99,1.0,0.99
545,2020-07-26,33,Ellie                                             ,Sullivan                                          ,Canada,Yellowknife,2557,Cigaro,Metal,0.99,1.0,0.99
545,2020-07-26,33,Ellie                                             ,Sullivan                                          ,Canada,Yellowknife,1649,Ten Years Gone,Rock,0.99,1.0,0.99
546,2020-07-30,32,Aaron                                             ,Mitchell                                          ,Canada,Winnipeg,684,Travelin' Band,Rock,0.99,1.0,0.99
546,2020-07-30,32,Aaron                                             ,Mitchell                                          ,Canada,Winnipeg,150,The Wizard,Metal,0.99,1.0,0.99
546,2020-07-30,32,Aaron                                             ,Mitchell                                          ,Canada,Winnipeg,2668,As Tears Go By,Rock,0.99,1.0,0.99
546,2020-07-30,32,Aaron                                             ,Mitchell                                          ,Canada,Winnipeg,2233,Money,Rock,0.99,1.0,0.99
546,2020-07-30,32,Aaron                                             ,Mitchell                                          ,Canada,Winnipeg,2597,English Civil War,Alternative & Punk,0.99,1.0,0.99
546,2020-07-30,32,Aaron                                             ,Mitchell                                          ,Canada,Winnipeg,2177,Inside Job,Alternative & Punk,0.99,1.0,0.99
546,2020-07-30,32,Aaron                                             ,Mitchell                                          ,Canada,Winnipeg,1788,Ego Tripping Out,R&B/Soul,0.99,1.0,0.99
547,2020-08-01,41,Marc                                              ,Dubois                                            ,France,Lyon,2007,Lithium,Rock,0.99,1.0,0.99
547,2020-08-01,41,Marc                                              ,Dubois                                            ,France,Lyon,901,After Midnight,Blues,0.99,1.0,0.99
547,2020-08-01,41,Marc                                              ,Dubois                                            ,France,Lyon,1167,November Rain,Rock,0.99,1.0,0.99
547,2020-08-01,41,Marc                                              ,Dubois                                            ,France,Lyon,1420,It's A Man's Man's Man's World,R&B/Soul,0.99,1.0,0.99
547,2020-08-01,41,Marc                                              ,Dubois                                            ,France,Lyon,1490,Hey Joe,Rock,0.99,1.0,0.99
547,2020-08-01,41,Marc                                              ,Dubois                                            ,France,Lyon,2746,5.15,Rock,0.99,1.0,0.99
547,2020-08-01,41,Marc                                              ,Dubois                                            ,France,Lyon,1938,Paula E Bebeto,Latin,0.99,1.0,0.99
547,2020-08-01,41,Marc                                              ,Dubois                                            ,France,Lyon,1051,The Girl From Ipanema,Easy Listening,0.99,1.0,0.99
547,2020-08-01,41,Marc                                              ,Dubois                                            ,France,Lyon,1466,Last Chance,Alternative & Punk,0.99,1.0,0.99
547,2020-08-01,41,Marc                                              ,Dubois                                            ,France,Lyon,3469,F**k Me Pumps,Pop,0.99,1.0,0.99
548,2020-08-02,30,Edward                                            ,Francis                                           ,Canada,Ottawa,2097,"Mama, I'm Coming Home",Rock,0.99,1.0,0.99
548,2020-08-02,30,Edward                                            ,Francis                                           ,Canada,Ottawa,2384,Throw Away Your Television,Rock,0.99,1.0,0.99
548,2020-08-02,30,Edward                                            ,Francis                                           ,Canada,Ottawa,22,Whole Lotta Rosie,Rock,0.99,1.0,0.99
548,2020-08-02,30,Edward                                            ,Francis                                           ,Canada,Ottawa,1487,Third Stone From The Sun,Rock,0.99,1.0,0.99
548,2020-08-02,30,Edward                                            ,Francis                                           ,Canada,Ottawa,1567,Sure Know Something,Rock,0.99,1.0,0.99
548,2020-08-02,30,Edward                                            ,Francis                                           ,Canada,Ottawa,963,Absolute Zero,Rock,0.99,1.0,0.99
548,2020-08-02,30,Edward                                            ,Francis                                           ,Canada,Ottawa,4,Restless and Wild,Rock,0.99,1.0,0.99
548,2020-08-02,30,Edward                                            ,Francis                                           ,Canada,Ottawa,3478,Slowness,Alternative,0.99,1.0,0.99
548,2020-08-02,30,Edward                                            ,Francis                                           ,Canada,Ottawa,2225,Coming In Hot,Reggae,0.99,1.0,0.99
548,2020-08-02,30,Edward                                            ,Francis                                           ,Canada,Ottawa,1850,Thorn Within,Metal,0.99,1.0,0.99
548,2020-08-02,30,Edward                                            ,Francis                                           ,Canada,Ottawa,1457,Half The Man,Electronica/Dance,0.99,1.0,0.99
549,2020-08-10,2,Leonie                                            ,Köhler                                            ,Germany,Stuttgart,2554,Soldier Side - Intro,Metal,0.99,1.0,0.99
549,2020-08-10,2,Leonie                                            ,Köhler                                            ,Germany,Stuttgart,3375,No Such Thing,Alternative,0.99,1.0,0.99
549,2020-08-10,2,Leonie                                            ,Köhler                                            ,Germany,Stuttgart,3296,I Can't Explain,Rock,0.99,1.0,0.99
549,2020-08-10,2,Leonie                                            ,Köhler                                            ,Germany,Stuttgart,2376,Universally Speaking,Rock,0.99,1.0,0.99
549,2020-08-10,2,Leonie                                            ,Köhler                                            ,Germany,Stuttgart,2655,"De Do Do Do, De Da Da Da",Rock,0.99,1.0,0.99
549,2020-08-10,2,Leonie                                            ,Köhler                                            ,Germany,Stuttgart,61,I Know Somethin (Bout You),Rock,0.99,1.0,0.99
549,2020-08-10,2,Leonie                                            ,Köhler                                            ,Germany,Stuttgart,970,Underwater Love,Alternative & Punk,0.99,1.0,0.99
549,2020-08-10,2,Leonie                                            ,Köhler                                            ,Germany,Stuttgart,2161,Do The Evolution,Rock,0.99,1.0,0.99
549,2020-08-10,2,Leonie                                            ,Köhler                                            ,Germany,Stuttgart,1182,Locomotive,Metal,0.99,1.0,0.99
549,2020-08-10,2,Leonie                                            ,Köhler                                            ,Germany,Stuttgart,3081,Runnin' With The Devil,Rock,0.99,1.0,0.99
549,2020-08-10,2,Leonie                                            ,Köhler                                            ,Germany,Stuttgart,3303,Top O' The Morning To Ya,Hip Hop/Rap,0.99,1.0,0.99
550,2020-08-12,42,Wyatt                                             ,Girard                                            ,France,Bordeaux,1122,Faceless,Metal,0.99,1.0,0.99
550,2020-08-12,42,Wyatt                                             ,Girard                                            ,France,Bordeaux,1123,Changes,Metal,0.99,1.0,0.99
550,2020-08-12,42,Wyatt                                             ,Girard                                            ,France,Bordeaux,1124,Make Me Believe,Metal,0.99,1.0,0.99
550,2020-08-12,42,Wyatt                                             ,Girard                                            ,France,Bordeaux,1125,I Stand Alone,Metal,0.99,1.0,0.99
550,2020-08-12,42,Wyatt                                             ,Girard                                            ,France,Bordeaux,1126,Re-Align,Metal,0.99,1.0,0.99
550,2020-08-12,42,Wyatt                                             ,Girard                                            ,France,Bordeaux,1127,I Fucking Hate You,Metal,0.99,1.0,0.99
550,2020-08-12,42,Wyatt                                             ,Girard                                            ,France,Bordeaux,1128,Releasing The Demons,Metal,0.99,1.0,0.99
550,2020-08-12,42,Wyatt                                             ,Girard                                            ,France,Bordeaux,1129,Dead And Broken,Metal,0.99,1.0,0.99
550,2020-08-12,42,Wyatt                                             ,Girard                                            ,France,Bordeaux,1130,I Am,Metal,0.99,1.0,0.99
550,2020-08-12,42,Wyatt                                             ,Girard                                            ,France,Bordeaux,1131,The Awakening,Metal,0.99,1.0,0.99
551,2020-08-18,16,Frank                                             ,Harris                                            ,USA,Mountain View,1121,Straight Out Of Line,Metal,0.99,1.0,0.99
551,2020-08-18,16,Frank                                             ,Harris                                            ,USA,Mountain View,1122,Faceless,Metal,0.99,1.0,0.99
551,2020-08-18,16,Frank                                             ,Harris                                            ,USA,Mountain View,1123,Changes,Metal,0.99,1.0,0.99
551,2020-08-18,16,Frank                                             ,Harris                                            ,USA,Mountain View,1124,Make Me Believe,Metal,0.99,1.0,0.99
551,2020-08-18,16,Frank                                             ,Harris                                            ,USA,Mountain View,1125,I Stand Alone,Metal,0.99,1.0,0.99
551,2020-08-18,16,Frank                                             ,Harris                                            ,USA,Mountain View,1126,Re-Align,Metal,0.99,1.0,0.99
551,2020-08-18,16,Frank                                             ,Harris                                            ,USA,Mountain View,1127,I Fucking Hate You,Metal,0.99,1.0,0.99
551,2020-08-18,16,Frank                                             ,Harris                                            ,USA,Mountain View,1128,Releasing The Demons,Metal,0.99,1.0,0.99
551,2020-08-18,16,Frank                                             ,Harris                                            ,USA,Mountain View,1130,I Am,Metal,0.99,1.0,0.99
551,2020-08-18,16,Frank                                             ,Harris                                            ,USA,Mountain View,1131,The Awakening,Metal,0.99,1.0,0.99
551,2020-08-18,16,Frank                                             ,Harris                                            ,USA,Mountain View,1132,Serenity,Metal,0.99,1.0,0.99
552,2020-08-19,30,Edward                                            ,Francis                                           ,Canada,Ottawa,2265,Good Old-Fashioned Lover Boy,Rock,0.99,1.0,0.99
552,2020-08-19,30,Edward                                            ,Francis                                           ,Canada,Ottawa,1994,Spank Thru,Rock,0.99,1.0,0.99
552,2020-08-19,30,Edward                                            ,Francis                                           ,Canada,Ottawa,1009,All My Life,Alternative & Punk,0.99,1.0,0.99
552,2020-08-19,30,Edward                                            ,Francis                                           ,Canada,Ottawa,904,Knockin On Heavens Door,Blues,0.99,1.0,0.99
552,2020-08-19,30,Edward                                            ,Francis                                           ,Canada,Ottawa,2000,Breed,Rock,0.99,1.0,0.99
552,2020-08-19,30,Edward                                            ,Francis                                           ,Canada,Ottawa,2960,Silver And Gold,Rock,0.99,1.0,0.99
553,2020-08-26,7,Astrid                                            ,Gruber                                            ,Austria,Vienne,2749,Who Are You (Single Edit Version),Rock,0.99,1.0,0.99
553,2020-08-26,7,Astrid                                            ,Gruber                                            ,Austria,Vienne,2378,Dosed,Rock,0.99,1.0,0.99
553,2020-08-26,7,Astrid                                            ,Gruber                                            ,Austria,Vienne,2102,Mr. Crowley,Metal,0.99,1.0,0.99
553,2020-08-26,7,Astrid                                            ,Gruber                                            ,Austria,Vienne,2230,On The Run,Rock,0.99,1.0,0.99
553,2020-08-26,7,Astrid                                            ,Gruber                                            ,Austria,Vienne,2304,Be Mine,Rock,0.99,1.0,0.99
554,2020-08-27,30,Edward                                            ,Francis                                           ,Canada,Ottawa,619,Portia,Jazz,0.99,1.0,0.99
554,2020-08-27,30,Edward                                            ,Francis                                           ,Canada,Ottawa,517,Um Indio,Latin,0.99,1.0,0.99
554,2020-08-27,30,Edward                                            ,Francis                                           ,Canada,Ottawa,2235,Any Colour You Like,Rock,0.99,1.0,0.99
554,2020-08-27,30,Edward                                            ,Francis                                           ,Canada,Ottawa,1466,Last Chance,Alternative & Punk,0.99,1.0,0.99
554,2020-08-27,30,Edward                                            ,Francis                                           ,Canada,Ottawa,917,Walkin' Blues,Blues,0.99,1.0,0.99
554,2020-08-27,30,Edward                                            ,Francis                                           ,Canada,Ottawa,2418,Fly By Night,Rock,0.99,1.0,0.99
554,2020-08-27,30,Edward                                            ,Francis                                           ,Canada,Ottawa,1439,Emergency On Planet Earth,Rock,0.99,1.0,0.99
554,2020-08-27,30,Edward                                            ,Francis                                           ,Canada,Ottawa,898,Bell Bottom Blues,Blues,0.99,1.0,0.99
554,2020-08-27,30,Edward                                            ,Francis                                           ,Canada,Ottawa,968,Zombie Eaters,Alternative & Punk,0.99,1.0,0.99
555,2020-09-04,55,Mark                                              ,Taylor                                            ,Australia,Sidney,1415,Think,R&B/Soul,0.99,1.0,0.99
555,2020-09-04,55,Mark                                              ,Taylor                                            ,Australia,Sidney,2227,Crystal Ball,Reggae,0.99,1.0,0.99
556,2020-09-04,21,Kathy                                             ,Chase                                             ,USA,Reno,2461,É Uma Partida De Futebol,Rock,0.99,1.0,0.99
556,2020-09-04,21,Kathy                                             ,Chase                                             ,USA,Reno,2462,Eu Disse A Ela,Rock,0.99,1.0,0.99
556,2020-09-04,21,Kathy                                             ,Chase                                             ,USA,Reno,2463,Zé Trindade,Rock,0.99,1.0,0.99
556,2020-09-04,21,Kathy                                             ,Chase                                             ,USA,Reno,2464,Garota Nacional,Rock,0.99,1.0,0.99
556,2020-09-04,21,Kathy                                             ,Chase                                             ,USA,Reno,2465,Tão Seu,Rock,0.99,1.0,0.99
556,2020-09-04,21,Kathy                                             ,Chase                                             ,USA,Reno,2466,Sem Terra,Rock,0.99,1.0,0.99
556,2020-09-04,21,Kathy                                             ,Chase                                             ,USA,Reno,2467,Os Exilados,Rock,0.99,1.0,0.99
556,2020-09-04,21,Kathy                                             ,Chase                                             ,USA,Reno,2468,Um Dia Qualquer,Rock,0.99,1.0,0.99
556,2020-09-04,21,Kathy                                             ,Chase                                             ,USA,Reno,2469,Los Pretos,Rock,0.99,1.0,0.99
556,2020-09-04,21,Kathy                                             ,Chase                                             ,USA,Reno,2470,Sul Da América,Rock,0.99,1.0,0.99
556,2020-09-04,21,Kathy                                             ,Chase                                             ,USA,Reno,2471,Poconé,Rock,0.99,1.0,0.99
557,2020-09-08,2,Leonie                                            ,Köhler                                            ,Germany,Stuttgart,2561,Question!,Metal,0.99,1.0,0.99
557,2020-09-08,2,Leonie                                            ,Köhler                                            ,Germany,Stuttgart,2603,Hitsville UK,Alternative & Punk,0.99,1.0,0.99
557,2020-09-08,2,Leonie                                            ,Köhler                                            ,Germany,Stuttgart,3100,Year to the Day,Rock,0.99,1.0,0.99
557,2020-09-08,2,Leonie                                            ,Köhler                                            ,Germany,Stuttgart,925,Last Cup Of Sorrow,Alternative & Punk,0.99,1.0,0.99
557,2020-09-08,2,Leonie                                            ,Köhler                                            ,Germany,Stuttgart,608,The Pan Piper,Jazz,0.99,1.0,0.99
557,2020-09-08,2,Leonie                                            ,Köhler                                            ,Germany,Stuttgart,3327,O Misterio do Samba,Electronica/Dance,0.99,1.0,0.99
557,2020-09-08,2,Leonie                                            ,Köhler                                            ,Germany,Stuttgart,3268,Beautiful Boy,Pop,0.99,1.0,0.99
557,2020-09-08,2,Leonie                                            ,Köhler                                            ,Germany,Stuttgart,2302,Departure,Rock,0.99,1.0,0.99
557,2020-09-08,2,Leonie                                            ,Köhler                                            ,Germany,Stuttgart,2651,Can't Stand Losing You,Rock,0.99,1.0,0.99
557,2020-09-08,2,Leonie                                            ,Köhler                                            ,Germany,Stuttgart,922,Rollin' And Tumblin',Blues,0.99,1.0,0.99
558,2020-09-11,17,Jack                                              ,Smith                                             ,USA,Redmond,697,Born On The Bayou,Rock,0.99,1.0,0.99
558,2020-09-11,17,Jack                                              ,Smith                                             ,USA,Redmond,1284,Prodigal Son,Heavy Metal,0.99,1.0,0.99
558,2020-09-11,17,Jack                                              ,Smith                                             ,USA,Redmond,3368,Pushin Forward Back,Alternative,0.99,1.0,0.99
558,2020-09-11,17,Jack                                              ,Smith                                             ,USA,Redmond,1422,"Say It Loud, I'm Black And I'm Proud Pt.1",R&B/Soul,0.99,1.0,0.99
558,2020-09-11,17,Jack                                              ,Smith                                             ,USA,Redmond,474,She,Alternative & Punk,0.99,1.0,0.99
558,2020-09-11,17,Jack                                              ,Smith                                             ,USA,Redmond,1490,Hey Joe,Rock,0.99,1.0,0.99
558,2020-09-11,17,Jack                                              ,Smith                                             ,USA,Redmond,2400,I Like Dirt,Rock,0.99,1.0,0.99
558,2020-09-11,17,Jack                                              ,Smith                                             ,USA,Redmond,103,Drown Me Slowly,Alternative & Punk,0.99,1.0,0.99
558,2020-09-11,17,Jack                                              ,Smith                                             ,USA,Redmond,608,The Pan Piper,Jazz,0.99,1.0,0.99
558,2020-09-11,17,Jack                                              ,Smith                                             ,USA,Redmond,750,Drifter,Rock,0.99,1.0,0.99
558,2020-09-11,17,Jack                                              ,Smith                                             ,USA,Redmond,3458,Just Friends,R&B/Soul,0.99,1.0,0.99
559,2020-09-11,32,Aaron                                             ,Mitchell                                          ,Canada,Winnipeg,2976,Do You Feel Loved,Rock,0.99,1.0,0.99
559,2020-09-11,32,Aaron                                             ,Mitchell                                          ,Canada,Winnipeg,900,I Shot The Sheriff,Blues,0.99,1.0,0.99
559,2020-09-11,32,Aaron                                             ,Mitchell                                          ,Canada,Winnipeg,1995,Scentless Apprentice,Rock,0.99,1.0,0.99
559,2020-09-11,32,Aaron                                             ,Mitchell                                          ,Canada,Winnipeg,2961,Endless Deep,Rock,0.99,1.0,0.99
559,2020-09-11,32,Aaron                                             ,Mitchell                                          ,Canada,Winnipeg,3304,Commercial 1,Hip Hop/Rap,0.99,1.0,0.99
559,2020-09-11,32,Aaron                                             ,Mitchell                                          ,Canada,Winnipeg,2742,The Seeker,Rock,0.99,1.0,0.99
560,2020-09-11,5,R                                                 ,Madhav                                            ,Czech Republic,Prague,2414,Closer To The Heart,Rock,0.99,1.0,0.99
560,2020-09-11,5,R                                                 ,Madhav                                            ,Czech Republic,Prague,2515,The Day I Tried To Live,Rock,0.99,1.0,0.99
560,2020-09-11,5,R                                                 ,Madhav                                            ,Czech Republic,Prague,3078,Humans Being,Rock,0.99,1.0,0.99
560,2020-09-11,5,R                                                 ,Madhav                                            ,Czech Republic,Prague,1025,Up In Arms,Rock,0.99,1.0,0.99
560,2020-09-11,5,R                                                 ,Madhav                                            ,Czech Republic,Prague,3473,Take the Box,Pop,0.99,1.0,0.99
560,2020-09-11,5,R                                                 ,Madhav                                            ,Czech Republic,Prague,3379,She'll Never Be Your Man,Alternative,0.99,1.0,0.99
560,2020-09-11,5,R                                                 ,Madhav                                            ,Czech Republic,Prague,2563,Old School Hollywood,Metal,0.99,1.0,0.99
560,2020-09-11,5,R                                                 ,Madhav                                            ,Czech Republic,Prague,2260,Don't Stop Me Now,Rock,0.99,1.0,0.99
560,2020-09-11,5,R                                                 ,Madhav                                            ,Czech Republic,Prague,1475,Come Around Again,Alternative & Punk,0.99,1.0,0.99
561,2020-09-12,23,John                                              ,Gordon                                            ,USA,Boston,1036,I Get A Kick Out Of You,Easy Listening,0.99,1.0,0.99
561,2020-09-12,23,John                                              ,Gordon                                            ,USA,Boston,1172,Dead Horse,Rock,0.99,1.0,0.99
561,2020-09-12,23,John                                              ,Gordon                                            ,USA,Boston,739,Eleanor Rigby,Latin,0.99,1.0,0.99
561,2020-09-12,23,John                                              ,Gordon                                            ,USA,Boston,2296,How The West Was Won And Where It Got Us,Rock,0.99,1.0,0.99
561,2020-09-12,23,John                                              ,Gordon                                            ,USA,Boston,918,Alberta,Blues,0.99,1.0,0.99
561,2020-09-12,23,John                                              ,Gordon                                            ,USA,Boston,1501,Hill of the Skull,Rock,0.99,1.0,0.99
561,2020-09-12,23,John                                              ,Gordon                                            ,USA,Boston,1495,Highway Chile,Rock,0.99,1.0,0.99
562,2020-09-17,27,Patrick                                           ,Gray                                              ,USA,Tucson,2205,Animal,Rock,0.99,1.0,0.99
562,2020-09-17,27,Patrick                                           ,Gray                                              ,USA,Tucson,1051,The Girl From Ipanema,Easy Listening,0.99,1.0,0.99
562,2020-09-17,27,Patrick                                           ,Gray                                              ,USA,Tucson,1436,Hooked Up,Rock,0.99,1.0,0.99
562,2020-09-17,27,Patrick                                           ,Gray                                              ,USA,Tucson,3457,Me & Mr. Jones,R&B/Soul,0.99,1.0,0.99
562,2020-09-17,27,Patrick                                           ,Gray                                              ,USA,Tucson,44,You Learn,Rock,0.99,1.0,0.99
562,2020-09-17,27,Patrick                                           ,Gray                                              ,USA,Tucson,1797,It's a Mistake,Rock,0.99,1.0,0.99
562,2020-09-17,27,Patrick                                           ,Gray                                              ,USA,Tucson,3117,Pela Luz Dos Olhos Teus,Latin,0.99,1.0,0.99
562,2020-09-17,27,Patrick                                           ,Gray                                              ,USA,Tucson,2662,Don't Stand So Close to Me '86,Rock,0.99,1.0,0.99
562,2020-09-17,27,Patrick                                           ,Gray                                              ,USA,Tucson,80,The Unforgiven,Metal,0.99,1.0,0.99
563,2020-09-19,5,R                                                 ,Madhav                                            ,Czech Republic,Prague,1617,When The Levee Breaks,Rock,0.99,1.0,0.99
563,2020-09-19,5,R                                                 ,Madhav                                            ,Czech Republic,Prague,2981,Gone,Rock,0.99,1.0,0.99
564,2020-09-20,15,Jennifer                                          ,Peterson                                          ,Canada,Vancouver,1129,Dead And Broken,Metal,0.99,1.0,0.99
564,2020-09-20,15,Jennifer                                          ,Peterson                                          ,Canada,Vancouver,2270,We Are The Champions,Rock,0.99,1.0,0.99
564,2020-09-20,15,Jennifer                                          ,Peterson                                          ,Canada,Vancouver,2606,Know Your Rights,Alternative & Punk,0.99,1.0,0.99
564,2020-09-20,15,Jennifer                                          ,Peterson                                          ,Canada,Vancouver,3291,Loving You Sunday Morning,Rock,0.99,1.0,0.99
564,2020-09-20,15,Jennifer                                          ,Peterson                                          ,Canada,Vancouver,2420,Jingo,Rock,0.99,1.0,0.99
564,2020-09-20,15,Jennifer                                          ,Peterson                                          ,Canada,Vancouver,2759,Música No Ar,Latin,0.99,1.0,0.99
565,2020-09-23,53,Phil                                              ,Hughes                                            ,United Kingdom,London,21,Hell Ain't A Bad Place To Be,Rock,0.99,1.0,0.99
565,2020-09-23,53,Phil                                              ,Hughes                                            ,United Kingdom,London,228,Vai Passar,Latin,0.99,1.0,0.99
565,2020-09-23,53,Phil                                              ,Hughes                                            ,United Kingdom,London,2425,Soul Sacrifice,Rock,0.99,1.0,0.99
565,2020-09-23,53,Phil                                              ,Hughes                                            ,United Kingdom,London,1419,I Got You (I Feel Good),R&B/Soul,0.99,1.0,0.99
565,2020-09-23,53,Phil                                              ,Hughes                                            ,United Kingdom,London,3059,Little Guitars (Intro),Rock,0.99,1.0,0.99
565,2020-09-23,53,Phil                                              ,Hughes                                            ,United Kingdom,London,41,Hand In My Pocket,Rock,0.99,1.0,0.99
565,2020-09-23,53,Phil                                              ,Hughes                                            ,United Kingdom,London,2944,Wild Honey,Rock,0.99,1.0,0.99
565,2020-09-23,53,Phil                                              ,Hughes                                            ,United Kingdom,London,1032,New Way Home,Rock,0.99,1.0,0.99
565,2020-09-23,53,Phil                                              ,Hughes                                            ,United Kingdom,London,411,Turn The Page,Metal,0.99,1.0,0.99
565,2020-09-23,53,Phil                                              ,Hughes                                            ,United Kingdom,London,3439,"Das Lied Von Der Erde, Von Der Jugend",Classical,0.99,1.0,0.99
566,2020-09-27,37,Fynn                                              ,Zimmermann                                        ,Germany,Frankfurt,2657,Invisible Sun,Rock,0.99,1.0,0.99
566,2020-09-27,37,Fynn                                              ,Zimmermann                                        ,Germany,Frankfurt,1788,Ego Tripping Out,R&B/Soul,0.99,1.0,0.99
566,2020-09-27,37,Fynn                                              ,Zimmermann                                        ,Germany,Frankfurt,3271,Grow Old With Me,Pop,0.99,1.0,0.99
566,2020-09-27,37,Fynn                                              ,Zimmermann                                        ,Germany,Frankfurt,3031,Lemon,Rock,0.99,1.0,0.99
566,2020-09-27,37,Fynn                                              ,Zimmermann                                        ,Germany,Frankfurt,3358,One Step Beyond,Electronica/Dance,0.99,1.0,0.99
567,2020-09-27,15,Jennifer                                          ,Peterson                                          ,Canada,Vancouver,481,Hitchin' A Ride,Alternative & Punk,0.99,1.0,0.99
567,2020-09-27,15,Jennifer                                          ,Peterson                                          ,Canada,Vancouver,3109,Fall To Pieces,Rock,0.99,1.0,0.99
567,2020-09-27,15,Jennifer                                          ,Peterson                                          ,Canada,Vancouver,1977,Home Sweet Home,Metal,0.99,1.0,0.99
567,2020-09-27,15,Jennifer                                          ,Peterson                                          ,Canada,Vancouver,1240,Dream Of Mirrors,Rock,0.99,1.0,0.99
567,2020-09-27,15,Jennifer                                          ,Peterson                                          ,Canada,Vancouver,2643,Alabama Song,Rock,0.99,1.0,0.99
567,2020-09-27,15,Jennifer                                          ,Peterson                                          ,Canada,Vancouver,1668,Stairway To Heaven,Rock,0.99,1.0,0.99
567,2020-09-27,15,Jennifer                                          ,Peterson                                          ,Canada,Vancouver,3023,The Refugee,Rock,0.99,1.0,0.99
567,2020-09-27,15,Jennifer                                          ,Peterson                                          ,Canada,Vancouver,432,Hammer To Fall,Rock,0.99,1.0,0.99
568,2020-10-01,35,Madalena                                          ,Sampaio                                           ,Portugal,Porto,2086,Perplexo,Latin,0.99,1.0,0.99
568,2020-10-01,35,Madalena                                          ,Sampaio                                           ,Portugal,Porto,1531,Onibusfobia,Latin,0.99,1.0,0.99
568,2020-10-01,35,Madalena                                          ,Sampaio                                           ,Portugal,Porto,17,Let There Be Rock,Rock,0.99,1.0,0.99
568,2020-10-01,35,Madalena                                          ,Sampaio                                           ,Portugal,Porto,2281,My Melancholy Blues,Rock,0.99,1.0,0.99
568,2020-10-01,35,Madalena                                          ,Sampaio                                           ,Portugal,Porto,89,Like a Stone,Rock,0.99,1.0,0.99
568,2020-10-01,35,Madalena                                          ,Sampaio                                           ,Portugal,Porto,2650,Roxanne,Rock,0.99,1.0,0.99
568,2020-10-01,35,Madalena                                          ,Sampaio                                           ,Portugal,Porto,615,Little Church (Live),Jazz,0.99,1.0,0.99
569,2020-10-06,47,Lucas                                             ,Mancini                                           ,Italy,Rome,6,Put The Finger On You,Rock,0.99,1.0,0.99
570,2020-10-07,52,Emma                                              ,Jones                                             ,United Kingdom,London,1820,Breadfan,Metal,0.99,1.0,0.99
570,2020-10-07,52,Emma                                              ,Jones                                             ,United Kingdom,London,1521,As Dores do Mundo,Latin,0.99,1.0,0.99
570,2020-10-07,52,Emma                                              ,Jones                                             ,United Kingdom,London,1780,It's A Bitter Pill To Swallow,R&B/Soul,0.99,1.0,0.99
571,2020-10-09,51,Joakim                                            ,Johansson                                         ,Sweden,Stockholm,2952,Love Comes Tumbling,Rock,0.99,1.0,0.99
571,2020-10-09,51,Joakim                                            ,Johansson                                         ,Sweden,Stockholm,93,Exploder,Rock,0.99,1.0,0.99
571,2020-10-09,51,Joakim                                            ,Johansson                                         ,Sweden,Stockholm,2675,Let's Spend The Night Together,Rock,0.99,1.0,0.99
572,2020-10-13,34,João                                              ,Fernandes                                         ,Portugal,Lisbon,2169,Marker In The Sand,Alternative & Punk,0.99,1.0,0.99
572,2020-10-13,34,João                                              ,Fernandes                                         ,Portugal,Lisbon,1134,Jesus Of Suburbia / City Of The Damned / I Don't Care / Dearly Beloved / Tales Of Another Broken Home,Alternative & Punk,0.99,1.0,0.99
572,2020-10-13,34,João                                              ,Fernandes                                         ,Portugal,Lisbon,3289,No One Like You,Rock,0.99,1.0,0.99
572,2020-10-13,34,João                                              ,Fernandes                                         ,Portugal,Lisbon,1188,Colibri,Jazz,0.99,1.0,0.99
572,2020-10-13,34,João                                              ,Fernandes                                         ,Portugal,Lisbon,1797,It's a Mistake,Rock,0.99,1.0,0.99
573,2020-10-16,27,Patrick                                           ,Gray                                              ,USA,Tucson,2407,The Trees,Rock,0.99,1.0,0.99
573,2020-10-16,27,Patrick                                           ,Gray                                              ,USA,Tucson,1912,Springsville (Alternate Take),Jazz,0.99,1.0,0.99
573,2020-10-16,27,Patrick                                           ,Gray                                              ,USA,Tucson,1379,Caught Somewhere in Time,Metal,0.99,1.0,0.99
573,2020-10-16,27,Patrick                                           ,Gray                                              ,USA,Tucson,1601,No Quarter,Rock,0.99,1.0,0.99
573,2020-10-16,27,Patrick                                           ,Gray                                              ,USA,Tucson,3110,Headspace,Rock,0.99,1.0,0.99
573,2020-10-16,27,Patrick                                           ,Gray                                              ,USA,Tucson,1161,Don't Cry (Original),Rock,0.99,1.0,0.99
573,2020-10-16,27,Patrick                                           ,Gray                                              ,USA,Tucson,21,Hell Ain't A Bad Place To Be,Rock,0.99,1.0,0.99
573,2020-10-16,27,Patrick                                           ,Gray                                              ,USA,Tucson,2419,Finding My Way,Rock,0.99,1.0,0.99
573,2020-10-16,27,Patrick                                           ,Gray                                              ,USA,Tucson,802,Breakfast In Bed,Rock,0.99,1.0,0.99
573,2020-10-16,27,Patrick                                           ,Gray                                              ,USA,Tucson,1312,The Evil That Men Do,Rock,0.99,1.0,0.99
573,2020-10-16,27,Patrick                                           ,Gray                                              ,USA,Tucson,3108,Spectacle,Rock,0.99,1.0,0.99
574,2020-10-17,49,Stanisław                                         ,Wójcik                                            ,Poland,Warsaw,2391,Around The World,Rock,0.99,1.0,0.99
574,2020-10-17,49,Stanisław                                         ,Wójcik                                            ,Poland,Warsaw,2268,Seven Seas Of Rhye,Rock,0.99,1.0,0.99
574,2020-10-17,49,Stanisław                                         ,Wójcik                                            ,Poland,Warsaw,1306,The Number Of The Beast,Rock,0.99,1.0,0.99
574,2020-10-17,49,Stanisław                                         ,Wójcik                                            ,Poland,Warsaw,2563,Old School Hollywood,Metal,0.99,1.0,0.99
574,2020-10-17,49,Stanisław                                         ,Wójcik                                            ,Poland,Warsaw,85,Cochise,Rock,0.99,1.0,0.99
574,2020-10-17,49,Stanisław                                         ,Wójcik                                            ,Poland,Warsaw,160,Supernaut,Metal,0.99,1.0,0.99
574,2020-10-17,49,Stanisław                                         ,Wójcik                                            ,Poland,Warsaw,2584,Title Song,Blues,0.99,1.0,0.99
574,2020-10-17,49,Stanisław                                         ,Wójcik                                            ,Poland,Warsaw,1489,Are You Experienced?,Rock,0.99,1.0,0.99
574,2020-10-17,49,Stanisław                                         ,Wójcik                                            ,Poland,Warsaw,3377,Arms Around Your Love,Alternative,0.99,1.0,0.99
574,2020-10-17,49,Stanisław                                         ,Wójcik                                            ,Poland,Warsaw,2302,Departure,Rock,0.99,1.0,0.99
574,2020-10-17,49,Stanisław                                         ,Wójcik                                            ,Poland,Warsaw,2544,Wicked Garden,Rock,0.99,1.0,0.99
575,2020-10-19,15,Jennifer                                          ,Peterson                                          ,Canada,Vancouver,2352,Que Luz É Essa,Rock,0.99,1.0,0.99
575,2020-10-19,15,Jennifer                                          ,Peterson                                          ,Canada,Vancouver,897,White Room,Blues,0.99,1.0,0.99
575,2020-10-19,15,Jennifer                                          ,Peterson                                          ,Canada,Vancouver,3290,The Zoo,Rock,0.99,1.0,0.99
575,2020-10-19,15,Jennifer                                          ,Peterson                                          ,Canada,Vancouver,1620,You Shook Me,Rock,0.99,1.0,0.99
576,2020-10-19,45,Ladislav                                          ,Kovács                                            ,Hungary,Budapest,9,Snowballed,Rock,0.99,1.0,0.99
576,2020-10-19,45,Ladislav                                          ,Kovács                                            ,Hungary,Budapest,989,In Your Honor,Rock,0.99,1.0,0.99
576,2020-10-19,45,Ladislav                                          ,Kovács                                            ,Hungary,Budapest,2639,Break on Through,Rock,0.99,1.0,0.99
576,2020-10-19,45,Ladislav                                          ,Kovács                                            ,Hungary,Budapest,415,Astronomy,Metal,0.99,1.0,0.99
576,2020-10-19,45,Ladislav                                          ,Kovács                                            ,Hungary,Budapest,851,Pétala,Latin,0.99,1.0,0.99
576,2020-10-19,45,Ladislav                                          ,Kovács                                            ,Hungary,Budapest,548,Smoke On The Water,Rock,0.99,1.0,0.99
577,2020-10-20,28,Julia                                             ,Barnett                                           ,USA,Salt Lake City,604,New Rhumba,Jazz,0.99,1.0,0.99
577,2020-10-20,28,Julia                                             ,Barnett                                           ,USA,Salt Lake City,3310,Commercial 2,Hip Hop/Rap,0.99,1.0,0.99
577,2020-10-20,28,Julia                                             ,Barnett                                           ,USA,Salt Lake City,3465,You Know I'm No Good (feat. Ghostface Killah),R&B/Soul,0.99,1.0,0.99
577,2020-10-20,28,Julia                                             ,Barnett                                           ,USA,Salt Lake City,1602,The Ocean,Rock,0.99,1.0,0.99
577,2020-10-20,28,Julia                                             ,Barnett                                           ,USA,Salt Lake City,3336,War Pigs,Alternative,0.99,1.0,0.99
577,2020-10-20,28,Julia                                             ,Barnett                                           ,USA,Salt Lake City,1944,Shoot You In The Back,Metal,0.99,1.0,0.99
577,2020-10-20,28,Julia                                             ,Barnett                                           ,USA,Salt Lake City,23,Walk On Water,Rock,0.99,1.0,0.99
577,2020-10-20,28,Julia                                             ,Barnett                                           ,USA,Salt Lake City,1046,I've Got You Under My Skin,Easy Listening,0.99,1.0,0.99
577,2020-10-20,28,Julia                                             ,Barnett                                           ,USA,Salt Lake City,1004,Over And Out,Rock,0.99,1.0,0.99
578,2020-10-21,25,Victor                                            ,Stevens                                           ,USA,Madison,2664,Time Is On My Side,Rock,0.99,1.0,0.99
578,2020-10-21,25,Victor                                            ,Stevens                                           ,USA,Madison,2665,Heart Of Stone,Rock,0.99,1.0,0.99
578,2020-10-21,25,Victor                                            ,Stevens                                           ,USA,Madison,2666,Play With Fire,Rock,0.99,1.0,0.99
578,2020-10-21,25,Victor                                            ,Stevens                                           ,USA,Madison,2667,Satisfaction,Rock,0.99,1.0,0.99
578,2020-10-21,25,Victor                                            ,Stevens                                           ,USA,Madison,2668,As Tears Go By,Rock,0.99,1.0,0.99
578,2020-10-21,25,Victor                                            ,Stevens                                           ,USA,Madison,2669,Get Off Of My Cloud,Rock,0.99,1.0,0.99
578,2020-10-21,25,Victor                                            ,Stevens                                           ,USA,Madison,2670,Mother's Little Helper,Rock,0.99,1.0,0.99
578,2020-10-21,25,Victor                                            ,Stevens                                           ,USA,Madison,2671,19th Nervous Breakdown,Rock,0.99,1.0,0.99
578,2020-10-21,25,Victor                                            ,Stevens                                           ,USA,Madison,2672,Paint It Black,Rock,0.99,1.0,0.99
578,2020-10-21,25,Victor                                            ,Stevens                                           ,USA,Madison,2673,Under My Thumb,Rock,0.99,1.0,0.99
578,2020-10-21,25,Victor                                            ,Stevens                                           ,USA,Madison,2674,Ruby Tuesday,Rock,0.99,1.0,0.99
578,2020-10-21,25,Victor                                            ,Stevens                                           ,USA,Madison,2675,Let's Spend The Night Together,Rock,0.99,1.0,0.99
579,2020-10-23,6,Helena                                            ,Holý                                              ,Czech Republic,Prague,1135,Holiday,Alternative & Punk,0.99,1.0,0.99
579,2020-10-23,6,Helena                                            ,Holý                                              ,Czech Republic,Prague,3424,"Turandot, Act III, Nessun dorma!",Classical,0.99,1.0,0.99
579,2020-10-23,6,Helena                                            ,Holý                                              ,Czech Republic,Prague,1949,Jailbait,Metal,0.99,1.0,0.99
579,2020-10-23,6,Helena                                            ,Holý                                              ,Czech Republic,Prague,1431,I'm Real,R&B/Soul,0.99,1.0,0.99
579,2020-10-23,6,Helena                                            ,Holý                                              ,Czech Republic,Prague,1925,Um Gosto De Sol,Latin,0.99,1.0,0.99
579,2020-10-23,6,Helena                                            ,Holý                                              ,Czech Republic,Prague,2597,English Civil War,Alternative & Punk,0.99,1.0,0.99
579,2020-10-23,6,Helena                                            ,Holý                                              ,Czech Republic,Prague,2291,Orange Crush,Alternative & Punk,0.99,1.0,0.99
579,2020-10-23,6,Helena                                            ,Holý                                              ,Czech Republic,Prague,3023,The Refugee,Rock,0.99,1.0,0.99
579,2020-10-23,6,Helena                                            ,Holý                                              ,Czech Republic,Prague,3,Fast As a Shark,Rock,0.99,1.0,0.99
579,2020-10-23,6,Helena                                            ,Holý                                              ,Czech Republic,Prague,2385,Cabron,Rock,0.99,1.0,0.99
579,2020-10-23,6,Helena                                            ,Holý                                              ,Czech Republic,Prague,1040,Summer Love,Easy Listening,0.99,1.0,0.99
580,2020-10-25,24,Frank                                             ,Ralston                                           ,USA,Chicago,535,Chão De Estrelas,Alternative & Punk,0.99,1.0,0.99
580,2020-10-25,24,Frank                                             ,Ralston                                           ,USA,Chicago,2703,Thru And Thru,Rock,0.99,1.0,0.99
580,2020-10-25,24,Frank                                             ,Ralston                                           ,USA,Chicago,2298,New Test Leper,Rock,0.99,1.0,0.99
580,2020-10-25,24,Frank                                             ,Ralston                                           ,USA,Chicago,3138,Slide It In,Metal,0.99,1.0,0.99
580,2020-10-25,24,Frank                                             ,Ralston                                           ,USA,Chicago,79,Harvester Of Sorrow,Metal,0.99,1.0,0.99
580,2020-10-25,24,Frank                                             ,Ralston                                           ,USA,Chicago,488,Macy's Day Parade,Alternative & Punk,0.99,1.0,0.99
580,2020-10-25,24,Frank                                             ,Ralston                                           ,USA,Chicago,2514,Spoonman,Rock,0.99,1.0,0.99
580,2020-10-25,24,Frank                                             ,Ralston                                           ,USA,Chicago,1490,Hey Joe,Rock,0.99,1.0,0.99
580,2020-10-25,24,Frank                                             ,Ralston                                           ,USA,Chicago,3275,Real Love,Pop,0.99,1.0,0.99
580,2020-10-25,24,Frank                                             ,Ralston                                           ,USA,Chicago,427,Who Wants To Live Forever,Rock,0.99,1.0,0.99
581,2020-10-26,32,Aaron                                             ,Mitchell                                          ,Canada,Winnipeg,3375,No Such Thing,Alternative,0.99,1.0,0.99
581,2020-10-26,32,Aaron                                             ,Mitchell                                          ,Canada,Winnipeg,3376,Poison Eye,Alternative,0.99,1.0,0.99
581,2020-10-26,32,Aaron                                             ,Mitchell                                          ,Canada,Winnipeg,3377,Arms Around Your Love,Alternative,0.99,1.0,0.99
581,2020-10-26,32,Aaron                                             ,Mitchell                                          ,Canada,Winnipeg,3378,Safe and Sound,Alternative,0.99,1.0,0.99
581,2020-10-26,32,Aaron                                             ,Mitchell                                          ,Canada,Winnipeg,3379,She'll Never Be Your Man,Alternative,0.99,1.0,0.99
581,2020-10-26,32,Aaron                                             ,Mitchell                                          ,Canada,Winnipeg,3380,Ghosts,Alternative,0.99,1.0,0.99
581,2020-10-26,32,Aaron                                             ,Mitchell                                          ,Canada,Winnipeg,3381,Killing Birds,Alternative,0.99,1.0,0.99
581,2020-10-26,32,Aaron                                             ,Mitchell                                          ,Canada,Winnipeg,3382,Billie Jean,Alternative,0.99,1.0,0.99
581,2020-10-26,32,Aaron                                             ,Mitchell                                          ,Canada,Winnipeg,3383,Scar On the Sky,Alternative,0.99,1.0,0.99
581,2020-10-26,32,Aaron                                             ,Mitchell                                          ,Canada,Winnipeg,3384,Your Soul Today,Alternative,0.99,1.0,0.99
581,2020-10-26,32,Aaron                                             ,Mitchell                                          ,Canada,Winnipeg,3385,Finally Forever,Alternative,0.99,1.0,0.99
581,2020-10-26,32,Aaron                                             ,Mitchell                                          ,Canada,Winnipeg,3386,Silence the Voices,Alternative,0.99,1.0,0.99
581,2020-10-26,32,Aaron                                             ,Mitchell                                          ,Canada,Winnipeg,3387,Disappearing Act,Alternative,0.99,1.0,0.99
581,2020-10-26,32,Aaron                                             ,Mitchell                                          ,Canada,Winnipeg,3388,You Know My Name,Alternative,0.99,1.0,0.99
582,2020-10-30,5,R                                                 ,Madhav                                            ,Czech Republic,Prague,891,Layla,Blues,0.99,1.0,0.99
582,2020-10-30,5,R                                                 ,Madhav                                            ,Czech Republic,Prague,892,Badge,Blues,0.99,1.0,0.99
582,2020-10-30,5,R                                                 ,Madhav                                            ,Czech Republic,Prague,893,I Feel Free,Blues,0.99,1.0,0.99
582,2020-10-30,5,R                                                 ,Madhav                                            ,Czech Republic,Prague,894,Sunshine Of Your Love,Blues,0.99,1.0,0.99
582,2020-10-30,5,R                                                 ,Madhav                                            ,Czech Republic,Prague,895,Crossroads,Blues,0.99,1.0,0.99
582,2020-10-30,5,R                                                 ,Madhav                                            ,Czech Republic,Prague,896,Strange Brew,Blues,0.99,1.0,0.99
582,2020-10-30,5,R                                                 ,Madhav                                            ,Czech Republic,Prague,897,White Room,Blues,0.99,1.0,0.99
582,2020-10-30,5,R                                                 ,Madhav                                            ,Czech Republic,Prague,898,Bell Bottom Blues,Blues,0.99,1.0,0.99
582,2020-10-30,5,R                                                 ,Madhav                                            ,Czech Republic,Prague,899,Cocaine,Blues,0.99,1.0,0.99
582,2020-10-30,5,R                                                 ,Madhav                                            ,Czech Republic,Prague,900,I Shot The Sheriff,Blues,0.99,1.0,0.99
582,2020-10-30,5,R                                                 ,Madhav                                            ,Czech Republic,Prague,901,After Midnight,Blues,0.99,1.0,0.99
582,2020-10-30,5,R                                                 ,Madhav                                            ,Czech Republic,Prague,902,Swing Low Sweet Chariot,Blues,0.99,1.0,0.99
582,2020-10-30,5,R                                                 ,Madhav                                            ,Czech Republic,Prague,903,Lay Down Sally,Blues,0.99,1.0,0.99
582,2020-10-30,5,R                                                 ,Madhav                                            ,Czech Republic,Prague,904,Knockin On Heavens Door,Blues,0.99,1.0,0.99
582,2020-10-30,5,R                                                 ,Madhav                                            ,Czech Republic,Prague,905,Wonderful Tonight,Blues,0.99,1.0,0.99
582,2020-10-30,5,R                                                 ,Madhav                                            ,Czech Republic,Prague,906,Let It Grow,Blues,0.99,1.0,0.99
582,2020-10-30,5,R                                                 ,Madhav                                            ,Czech Republic,Prague,907,Promises,Blues,0.99,1.0,0.99
582,2020-10-30,5,R                                                 ,Madhav                                            ,Czech Republic,Prague,908,I Can't Stand It,Blues,0.99,1.0,0.99
583,2020-10-30,22,Heather                                           ,Leacock                                           ,USA,Orlando,3467,Intro / Stronger Than Me,Pop,0.99,1.0,0.99
583,2020-10-30,22,Heather                                           ,Leacock                                           ,USA,Orlando,3468,You Sent Me Flying / Cherry,Pop,0.99,1.0,0.99
583,2020-10-30,22,Heather                                           ,Leacock                                           ,USA,Orlando,3469,F**k Me Pumps,Pop,0.99,1.0,0.99
583,2020-10-30,22,Heather                                           ,Leacock                                           ,USA,Orlando,3470,I Heard Love Is Blind,Pop,0.99,1.0,0.99
583,2020-10-30,22,Heather                                           ,Leacock                                           ,USA,Orlando,3471,(There Is) No Greater Love (Teo Licks),Pop,0.99,1.0,0.99
583,2020-10-30,22,Heather                                           ,Leacock                                           ,USA,Orlando,3472,In My Bed,Pop,0.99,1.0,0.99
583,2020-10-30,22,Heather                                           ,Leacock                                           ,USA,Orlando,3473,Take the Box,Pop,0.99,1.0,0.99
583,2020-10-30,22,Heather                                           ,Leacock                                           ,USA,Orlando,3474,October Song,Pop,0.99,1.0,0.99
583,2020-10-30,22,Heather                                           ,Leacock                                           ,USA,Orlando,3475,What Is It About Men,Pop,0.99,1.0,0.99
583,2020-10-30,22,Heather                                           ,Leacock                                           ,USA,Orlando,3476,Help Yourself,Pop,0.99,1.0,0.99
583,2020-10-30,22,Heather                                           ,Leacock                                           ,USA,Orlando,3477,Amy Amy Amy (Outro),Pop,0.99,1.0,0.99
584,2020-10-31,30,Edward                                            ,Francis                                           ,Canada,Ottawa,2962,A Room At The Heartbreak Hotel,Rock,0.99,1.0,0.99
585,2020-10-31,40,Dominique                                         ,Lefebvre                                          ,France,Paris,1839,Ain't My Bitch,Metal,0.99,1.0,0.99
585,2020-10-31,40,Dominique                                         ,Lefebvre                                          ,France,Paris,892,Badge,Blues,0.99,1.0,0.99
585,2020-10-31,40,Dominique                                         ,Lefebvre                                          ,France,Paris,1380,Wasted Years,Metal,0.99,1.0,0.99
585,2020-10-31,40,Dominique                                         ,Lefebvre                                          ,France,Paris,2704,Mean Disposition,Rock,0.99,1.0,0.99
585,2020-10-31,40,Dominique                                         ,Lefebvre                                          ,France,Paris,49,Wake Up,Rock,0.99,1.0,0.99
585,2020-10-31,40,Dominique                                         ,Lefebvre                                          ,France,Paris,2228,Equal Rights Downpresser Man,Reggae,0.99,1.0,0.99
585,2020-10-31,40,Dominique                                         ,Lefebvre                                          ,France,Paris,675,Susie Q,Rock,0.99,1.0,0.99
585,2020-10-31,40,Dominique                                         ,Lefebvre                                          ,France,Paris,1341,Quest For Fire,Metal,0.99,1.0,0.99
585,2020-10-31,40,Dominique                                         ,Lefebvre                                          ,France,Paris,157,Tomorrow's Dream,Metal,0.99,1.0,0.99
586,2020-11-01,55,Mark                                              ,Taylor                                            ,Australia,Sidney,1997,Milk It,Rock,0.99,1.0,0.99
586,2020-11-01,55,Mark                                              ,Taylor                                            ,Australia,Sidney,78,Master Of Puppets,Metal,0.99,1.0,0.99
586,2020-11-01,55,Mark                                              ,Taylor                                            ,Australia,Sidney,2790,Palavras,Alternative & Punk,0.99,1.0,0.99
586,2020-11-01,55,Mark                                              ,Taylor                                            ,Australia,Sidney,3473,Take the Box,Pop,0.99,1.0,0.99
586,2020-11-01,55,Mark                                              ,Taylor                                            ,Australia,Sidney,3480,Sonata for Solo Violin: IV: Presto,Classical,0.99,1.0,0.99
586,2020-11-01,55,Mark                                              ,Taylor                                            ,Australia,Sidney,472,Basket Case,Alternative & Punk,0.99,1.0,0.99
586,2020-11-01,55,Mark                                              ,Taylor                                            ,Australia,Sidney,20,Overdose,Rock,0.99,1.0,0.99
586,2020-11-01,55,Mark                                              ,Taylor                                            ,Australia,Sidney,969,The Real Thing,Alternative & Punk,0.99,1.0,0.99
586,2020-11-01,55,Mark                                              ,Taylor                                            ,Australia,Sidney,2194,Evenflow,Rock,0.99,1.0,0.99
586,2020-11-01,55,Mark                                              ,Taylor                                            ,Australia,Sidney,587,Um Jantar Pra Dois,Latin,0.99,1.0,0.99
586,2020-11-01,55,Mark                                              ,Taylor                                            ,Australia,Sidney,771,Nobody's Home,Rock,0.99,1.0,0.99
587,2020-11-07,12,Roberto                                           ,Almeida                                           ,Brazil,Rio de Janeiro,2734,Substitute,Rock,0.99,1.0,0.99
587,2020-11-07,12,Roberto                                           ,Almeida                                           ,Brazil,Rio de Janeiro,94,Hypnotize,Rock,0.99,1.0,0.99
588,2020-11-12,5,R                                                 ,Madhav                                            ,Czech Republic,Prague,18,Bad Boy Boogie,Rock,0.99,1.0,0.99
589,2020-11-12,41,Marc                                              ,Dubois                                            ,France,Lyon,2271,We Will Rock You,Rock,0.99,1.0,0.99
589,2020-11-12,41,Marc                                              ,Dubois                                            ,France,Lyon,2272,We Are The Champions,Rock,0.99,1.0,0.99
589,2020-11-12,41,Marc                                              ,Dubois                                            ,France,Lyon,2273,Sheer Heart Attack,Rock,0.99,1.0,0.99
589,2020-11-12,41,Marc                                              ,Dubois                                            ,France,Lyon,2274,"All Dead, All Dead",Rock,0.99,1.0,0.99
589,2020-11-12,41,Marc                                              ,Dubois                                            ,France,Lyon,2275,Spread Your Wings,Rock,0.99,1.0,0.99
589,2020-11-12,41,Marc                                              ,Dubois                                            ,France,Lyon,2276,Fight From The Inside,Rock,0.99,1.0,0.99
589,2020-11-12,41,Marc                                              ,Dubois                                            ,France,Lyon,2277,"Get Down, Make Love",Rock,0.99,1.0,0.99
589,2020-11-12,41,Marc                                              ,Dubois                                            ,France,Lyon,2278,Sleep On The Sidewalk,Rock,0.99,1.0,0.99
589,2020-11-12,41,Marc                                              ,Dubois                                            ,France,Lyon,2279,Who Needs You,Rock,0.99,1.0,0.99
589,2020-11-12,41,Marc                                              ,Dubois                                            ,France,Lyon,2280,It's Late,Rock,0.99,1.0,0.99
589,2020-11-12,41,Marc                                              ,Dubois                                            ,France,Lyon,2281,My Melancholy Blues,Rock,0.99,1.0,0.99
590,2020-11-17,51,Joakim                                            ,Johansson                                         ,Sweden,Stockholm,1362,Dream Of Mirrors,Rock,0.99,1.0,0.99
590,2020-11-17,51,Joakim                                            ,Johansson                                         ,Sweden,Stockholm,1363,The Clansman,Rock,0.99,1.0,0.99
590,2020-11-17,51,Joakim                                            ,Johansson                                         ,Sweden,Stockholm,1364,The Evil That Men Do,Metal,0.99,1.0,0.99
590,2020-11-17,51,Joakim                                            ,Johansson                                         ,Sweden,Stockholm,1365,Fear Of The Dark,Rock,0.99,1.0,0.99
590,2020-11-17,51,Joakim                                            ,Johansson                                         ,Sweden,Stockholm,1366,Iron Maiden,Rock,0.99,1.0,0.99
590,2020-11-17,51,Joakim                                            ,Johansson                                         ,Sweden,Stockholm,1367,The Number Of The Beast,Rock,0.99,1.0,0.99
590,2020-11-17,51,Joakim                                            ,Johansson                                         ,Sweden,Stockholm,1368,Hallowed Be Thy Name,Rock,0.99,1.0,0.99
590,2020-11-17,51,Joakim                                            ,Johansson                                         ,Sweden,Stockholm,1369,Sanctuary,Rock,0.99,1.0,0.99
590,2020-11-17,51,Joakim                                            ,Johansson                                         ,Sweden,Stockholm,1370,Run To The Hills,Rock,0.99,1.0,0.99
591,2020-11-20,16,Frank                                             ,Harris                                            ,USA,Mountain View,2591,White Riot,Alternative & Punk,0.99,1.0,0.99
591,2020-11-20,16,Frank                                             ,Harris                                            ,USA,Mountain View,1135,Holiday,Alternative & Punk,0.99,1.0,0.99
591,2020-11-20,16,Frank                                             ,Harris                                            ,USA,Mountain View,162,Cornucopia,Metal,0.99,1.0,0.99
591,2020-11-20,16,Frank                                             ,Harris                                            ,USA,Mountain View,2556,Revenga,Metal,0.99,1.0,0.99
591,2020-11-20,16,Frank                                             ,Harris                                            ,USA,Mountain View,827,Photograph,Rock,0.99,1.0,0.99
591,2020-11-20,16,Frank                                             ,Harris                                            ,USA,Mountain View,1184,Estranged,Metal,0.99,1.0,0.99
591,2020-11-20,16,Frank                                             ,Harris                                            ,USA,Mountain View,540,"Posso Perder Minha Mulher, Minha Mãe, Desde Que Eu Tenha O Rock And Roll",Alternative & Punk,0.99,1.0,0.99
592,2020-11-21,2,Leonie                                            ,Köhler                                            ,Germany,Stuttgart,1937,Leila (Venha Ser Feliz),Latin,0.99,1.0,0.99
592,2020-11-21,2,Leonie                                            ,Köhler                                            ,Germany,Stuttgart,474,She,Alternative & Punk,0.99,1.0,0.99
592,2020-11-21,2,Leonie                                            ,Köhler                                            ,Germany,Stuttgart,1786,Save The Children,R&B/Soul,0.99,1.0,0.99
592,2020-11-21,2,Leonie                                            ,Köhler                                            ,Germany,Stuttgart,2564,Lost in Hollywood,Metal,0.99,1.0,0.99
592,2020-11-21,2,Leonie                                            ,Köhler                                            ,Germany,Stuttgart,3051,Until My Dying Day,Reggae,0.99,1.0,0.99
592,2020-11-21,2,Leonie                                            ,Köhler                                            ,Germany,Stuttgart,2742,The Seeker,Rock,0.99,1.0,0.99
592,2020-11-21,2,Leonie                                            ,Köhler                                            ,Germany,Stuttgart,1132,Serenity,Metal,0.99,1.0,0.99
592,2020-11-21,2,Leonie                                            ,Köhler                                            ,Germany,Stuttgart,465,When Evening Falls,Jazz,0.99,1.0,0.99
593,2020-11-23,12,Roberto                                           ,Almeida                                           ,Brazil,Rio de Janeiro,2933,Mysterious Ways,Rock,0.99,1.0,0.99
593,2020-11-23,12,Roberto                                           ,Almeida                                           ,Brazil,Rio de Janeiro,1042,Love And Marriage,Easy Listening,0.99,1.0,0.99
593,2020-11-23,12,Roberto                                           ,Almeida                                           ,Brazil,Rio de Janeiro,1445,Planet Home,R&B/Soul,0.99,1.0,0.99
593,2020-11-23,12,Roberto                                           ,Almeida                                           ,Brazil,Rio de Janeiro,57,It Ain't Like That,Rock,0.99,1.0,0.99
593,2020-11-23,12,Roberto                                           ,Almeida                                           ,Brazil,Rio de Janeiro,2229,Speak To Me/Breathe,Rock,0.99,1.0,0.99
593,2020-11-23,12,Roberto                                           ,Almeida                                           ,Brazil,Rio de Janeiro,80,The Unforgiven,Metal,0.99,1.0,0.99
593,2020-11-23,12,Roberto                                           ,Almeida                                           ,Brazil,Rio de Janeiro,2464,Garota Nacional,Rock,0.99,1.0,0.99
593,2020-11-23,12,Roberto                                           ,Almeida                                           ,Brazil,Rio de Janeiro,140,Born To Booze,Metal,0.99,1.0,0.99
593,2020-11-23,12,Roberto                                           ,Almeida                                           ,Brazil,Rio de Janeiro,2169,Marker In The Sand,Alternative & Punk,0.99,1.0,0.99
593,2020-11-23,12,Roberto                                           ,Almeida                                           ,Brazil,Rio de Janeiro,1042,Love And Marriage,Easy Listening,0.99,1.0,0.99
593,2020-11-23,12,Roberto                                           ,Almeida                                           ,Brazil,Rio de Janeiro,153,Evil Woman,Metal,0.99,1.0,0.99
594,2020-11-24,31,Martha                                            ,Silk                                              ,Canada,Halifax,476,Geek Stink Breath,Alternative & Punk,0.99,1.0,0.99
594,2020-11-24,31,Martha                                            ,Silk                                              ,Canada,Halifax,1843,King Nothing,Metal,0.99,1.0,0.99
594,2020-11-24,31,Martha                                            ,Silk                                              ,Canada,Halifax,1140,She's A Rebel,Alternative & Punk,0.99,1.0,0.99
595,2020-11-27,23,John                                              ,Gordon                                            ,USA,Boston,2507,Flower,Rock,0.99,1.0,0.99
595,2020-11-27,23,John                                              ,Gordon                                            ,USA,Boston,46,Mary Jane,Rock,0.99,1.0,0.99
595,2020-11-27,23,John                                              ,Gordon                                            ,USA,Boston,585,Entre E Ouça,Latin,0.99,1.0,0.99
595,2020-11-27,23,John                                              ,Gordon                                            ,USA,Boston,423,I Want To Break Free,Rock,0.99,1.0,0.99
595,2020-11-27,23,John                                              ,Gordon                                            ,USA,Boston,81,Sad But True,Metal,0.99,1.0,0.99
595,2020-11-27,23,John                                              ,Gordon                                            ,USA,Boston,3295,Rhythm of Love,Rock,0.99,1.0,0.99
595,2020-11-27,23,John                                              ,Gordon                                            ,USA,Boston,1053,"Bad, Bad Leroy Brown",Easy Listening,0.99,1.0,0.99
595,2020-11-27,23,John                                              ,Gordon                                            ,USA,Boston,202,My Time After Awhile,Blues,0.99,1.0,0.99
596,2020-11-27,42,Wyatt                                             ,Girard                                            ,France,Bordeaux,1108,Realce,Latin,0.99,1.0,0.99
596,2020-11-27,42,Wyatt                                             ,Girard                                            ,France,Bordeaux,12,Breaking The Rules,Rock,0.99,1.0,0.99
596,2020-11-27,42,Wyatt                                             ,Girard                                            ,France,Bordeaux,469,Poprocks And Coke,Alternative & Punk,0.99,1.0,0.99
596,2020-11-27,42,Wyatt                                             ,Girard                                            ,France,Bordeaux,61,I Know Somethin (Bout You),Rock,0.99,1.0,0.99
596,2020-11-27,42,Wyatt                                             ,Girard                                            ,France,Bordeaux,1703,Fly Away,Rock,0.99,1.0,0.99
596,2020-11-27,42,Wyatt                                             ,Girard                                            ,France,Bordeaux,997,The Deepest Blues Are Black,Rock,0.99,1.0,0.99
597,2020-11-28,13,Fernanda                                          ,Ramos                                             ,Brazil,Brasília,2736,Boris The Spider,Rock,0.99,1.0,0.99
597,2020-11-28,13,Fernanda                                          ,Ramos                                             ,Brazil,Brasília,3149,Vivo Isolado Do Mundo,Latin,0.99,1.0,0.99
597,2020-11-28,13,Fernanda                                          ,Ramos                                             ,Brazil,Brasília,1004,Over And Out,Rock,0.99,1.0,0.99
597,2020-11-28,13,Fernanda                                          ,Ramos                                             ,Brazil,Brasília,1512,Os Alquimistas Estão Chegando,Latin,0.99,1.0,0.99
597,2020-11-28,13,Fernanda                                          ,Ramos                                             ,Brazil,Brasília,2093,Bark at the Moon,Rock,0.99,1.0,0.99
597,2020-11-28,13,Fernanda                                          ,Ramos                                             ,Brazil,Brasília,46,Mary Jane,Rock,0.99,1.0,0.99
597,2020-11-28,13,Fernanda                                          ,Ramos                                             ,Brazil,Brasília,47,Ironic,Rock,0.99,1.0,0.99
598,2020-12-04,26,Richard                                           ,Cunningham                                        ,USA,Fort Worth,2560,Violent Pornography,Metal,0.99,1.0,0.99
598,2020-12-04,26,Richard                                           ,Cunningham                                        ,USA,Fort Worth,1948,Fire Fire,Metal,0.99,1.0,0.99
598,2020-12-04,26,Richard                                           ,Cunningham                                        ,USA,Fort Worth,2649,The End,Rock,0.99,1.0,0.99
598,2020-12-04,26,Richard                                           ,Cunningham                                        ,USA,Fort Worth,1000,What If I Do?,Rock,0.99,1.0,0.99
598,2020-12-04,26,Richard                                           ,Cunningham                                        ,USA,Fort Worth,3387,Disappearing Act,Alternative,0.99,1.0,0.99
599,2020-12-06,59,Puja                                              ,Srivastava                                        ,India,Bangalore,1440,"Whatever It Is, I Just Can't Stop",Rock,0.99,1.0,0.99
599,2020-12-06,59,Puja                                              ,Srivastava                                        ,India,Bangalore,151,Behind The Wall Of Sleep,Metal,0.99,1.0,0.99
599,2020-12-06,59,Puja                                              ,Srivastava                                        ,India,Bangalore,208,Terra,Latin,0.99,1.0,0.99
599,2020-12-06,59,Puja                                              ,Srivastava                                        ,India,Bangalore,19,Problem Child,Rock,0.99,1.0,0.99
599,2020-12-06,59,Puja                                              ,Srivastava                                        ,India,Bangalore,3059,Little Guitars (Intro),Rock,0.99,1.0,0.99
599,2020-12-06,59,Puja                                              ,Srivastava                                        ,India,Bangalore,2516,Black Hole Sun,Rock,0.99,1.0,0.99
599,2020-12-06,59,Puja                                              ,Srivastava                                        ,India,Bangalore,2230,On The Run,Rock,0.99,1.0,0.99
599,2020-12-06,59,Puja                                              ,Srivastava                                        ,India,Bangalore,54,Bleed The Freak,Rock,0.99,1.0,0.99
600,2020-12-08,29,Robert                                            ,Brown                                             ,Canada,Toronto,2108,Children Of The Grave,Metal,0.99,1.0,0.99
600,2020-12-08,29,Robert                                            ,Brown                                             ,Canada,Toronto,3076,Right Now,Rock,0.99,1.0,0.99
600,2020-12-08,29,Robert                                            ,Brown                                             ,Canada,Toronto,1604,South Bound Saurez,Rock,0.99,1.0,0.99
600,2020-12-08,29,Robert                                            ,Brown                                             ,Canada,Toronto,3386,Silence the Voices,Alternative,0.99,1.0,0.99
600,2020-12-08,29,Robert                                            ,Brown                                             ,Canada,Toronto,1006,Virginia Moon,Rock,0.99,1.0,0.99
601,2020-12-08,44,Terhi                                             ,Hämäläinen                                        ,Finland,Helsinki,14,Spellbound,Rock,0.99,1.0,0.99
601,2020-12-08,44,Terhi                                             ,Hämäläinen                                        ,Finland,Helsinki,2603,Hitsville UK,Alternative & Punk,0.99,1.0,0.99
601,2020-12-08,44,Terhi                                             ,Hämäläinen                                        ,Finland,Helsinki,1775,No Good Without You,R&B/Soul,0.99,1.0,0.99
601,2020-12-08,44,Terhi                                             ,Hämäläinen                                        ,Finland,Helsinki,688,Lookin' Out My Back Door,Rock,0.99,1.0,0.99
601,2020-12-08,44,Terhi                                             ,Hämäläinen                                        ,Finland,Helsinki,3149,Vivo Isolado Do Mundo,Latin,0.99,1.0,0.99
601,2020-12-08,44,Terhi                                             ,Hämäläinen                                        ,Finland,Helsinki,2560,Violent Pornography,Metal,0.99,1.0,0.99
601,2020-12-08,44,Terhi                                             ,Hämäläinen                                        ,Finland,Helsinki,1479,Foxy Lady,Rock,0.99,1.0,0.99
601,2020-12-08,44,Terhi                                             ,Hämäläinen                                        ,Finland,Helsinki,955,Caralho Voador,Rock,0.99,1.0,0.99
601,2020-12-08,44,Terhi                                             ,Hämäläinen                                        ,Finland,Helsinki,1947,(We Are) The Road Crew,Metal,0.99,1.0,0.99
601,2020-12-08,44,Terhi                                             ,Hämäläinen                                        ,Finland,Helsinki,2939,Stuck In A Moment You Can't Get Out Of,Rock,0.99,1.0,0.99
601,2020-12-08,44,Terhi                                             ,Hämäläinen                                        ,Finland,Helsinki,599,Compulsion,Jazz,0.99,1.0,0.99
602,2020-12-09,21,Kathy                                             ,Chase                                             ,USA,Reno,2188,Help Help,Rock,0.99,1.0,0.99
602,2020-12-09,21,Kathy                                             ,Chase                                             ,USA,Reno,2231,Time,Rock,0.99,1.0,0.99
602,2020-12-09,21,Kathy                                             ,Chase                                             ,USA,Reno,1997,Milk It,Rock,0.99,1.0,0.99
602,2020-12-09,21,Kathy                                             ,Chase                                             ,USA,Reno,1109,Esotérico,Latin,0.99,1.0,0.99
602,2020-12-09,21,Kathy                                             ,Chase                                             ,USA,Reno,164,St. Vitus Dance,Metal,0.99,1.0,0.99
602,2020-12-09,21,Kathy                                             ,Chase                                             ,USA,Reno,2342,Cajueiro,Alternative & Punk,0.99,1.0,0.99
602,2020-12-09,21,Kathy                                             ,Chase                                             ,USA,Reno,2693,The Worst,Rock,0.99,1.0,0.99
603,2020-12-10,26,Richard                                           ,Cunningham                                        ,USA,Fort Worth,1036,I Get A Kick Out Of You,Easy Listening,0.99,1.0,0.99
603,2020-12-10,26,Richard                                           ,Cunningham                                        ,USA,Fort Worth,1160,Live and Let Die,Rock,0.99,1.0,0.99
603,2020-12-10,26,Richard                                           ,Cunningham                                        ,USA,Fort Worth,3263,Nobody Told Me,Pop,0.99,1.0,0.99
603,2020-12-10,26,Richard                                           ,Cunningham                                        ,USA,Fort Worth,2235,Any Colour You Like,Rock,0.99,1.0,0.99
603,2020-12-10,26,Richard                                           ,Cunningham                                        ,USA,Fort Worth,481,Hitchin' A Ride,Alternative & Punk,0.99,1.0,0.99
604,2020-12-12,46,Hugh                                              ,O'Reilly                                          ,Ireland,Dublin,1755,Arrepio,Latin,0.99,1.0,0.99
604,2020-12-12,46,Hugh                                              ,O'Reilly                                          ,Ireland,Dublin,1756,Magamalabares,Latin,0.99,1.0,0.99
604,2020-12-12,46,Hugh                                              ,O'Reilly                                          ,Ireland,Dublin,1757,Chuva No Brejo,Latin,0.99,1.0,0.99
604,2020-12-12,46,Hugh                                              ,O'Reilly                                          ,Ireland,Dublin,1758,Cérebro Eletrônico,Latin,0.99,1.0,0.99
604,2020-12-12,46,Hugh                                              ,O'Reilly                                          ,Ireland,Dublin,1759,Tempos Modernos,Latin,0.99,1.0,0.99
604,2020-12-12,46,Hugh                                              ,O'Reilly                                          ,Ireland,Dublin,1760,Maraçá,Latin,0.99,1.0,0.99
604,2020-12-12,46,Hugh                                              ,O'Reilly                                          ,Ireland,Dublin,1761,Blanco,Latin,0.99,1.0,0.99
604,2020-12-12,46,Hugh                                              ,O'Reilly                                          ,Ireland,Dublin,1762,Panis Et Circenses,Latin,0.99,1.0,0.99
604,2020-12-12,46,Hugh                                              ,O'Reilly                                          ,Ireland,Dublin,1763,De Noite Na Cama,Latin,0.99,1.0,0.99
604,2020-12-12,46,Hugh                                              ,O'Reilly                                          ,Ireland,Dublin,1764,Beija Eu,Latin,0.99,1.0,0.99
604,2020-12-12,46,Hugh                                              ,O'Reilly                                          ,Ireland,Dublin,1765,Give Me Love,Latin,0.99,1.0,0.99
604,2020-12-12,46,Hugh                                              ,O'Reilly                                          ,Ireland,Dublin,1766,Ainda Lembro,Latin,0.99,1.0,0.99
604,2020-12-12,46,Hugh                                              ,O'Reilly                                          ,Ireland,Dublin,1767,A Menina Dança,Latin,0.99,1.0,0.99
604,2020-12-12,46,Hugh                                              ,O'Reilly                                          ,Ireland,Dublin,1768,Dança Da Solidão,Latin,0.99,1.0,0.99
604,2020-12-12,46,Hugh                                              ,O'Reilly                                          ,Ireland,Dublin,1769,Ao Meu Redor,Latin,0.99,1.0,0.99
604,2020-12-12,46,Hugh                                              ,O'Reilly                                          ,Ireland,Dublin,1770,Bem Leve,Latin,0.99,1.0,0.99
604,2020-12-12,46,Hugh                                              ,O'Reilly                                          ,Ireland,Dublin,1771,Segue O Seco,Latin,0.99,1.0,0.99
604,2020-12-12,46,Hugh                                              ,O'Reilly                                          ,Ireland,Dublin,1772,O Xote Das Meninas,Latin,0.99,1.0,0.99
605,2020-12-17,35,Madalena                                          ,Sampaio                                           ,Portugal,Porto,2257,Fat Bottomed Girls,Rock,0.99,1.0,0.99
605,2020-12-17,35,Madalena                                          ,Sampaio                                           ,Portugal,Porto,1128,Releasing The Demons,Metal,0.99,1.0,0.99
605,2020-12-17,35,Madalena                                          ,Sampaio                                           ,Portugal,Porto,1139,Give Me Novacaine,Alternative & Punk,0.99,1.0,0.99
605,2020-12-17,35,Madalena                                          ,Sampaio                                           ,Portugal,Porto,1178,Get In The Ring,Metal,0.99,1.0,0.99
606,2020-12-18,15,Jennifer                                          ,Peterson                                          ,Canada,Vancouver,2003,Smells Like Teen Spirit,Rock,0.99,1.0,0.99
606,2020-12-18,15,Jennifer                                          ,Peterson                                          ,Canada,Vancouver,2004,In Bloom,Rock,0.99,1.0,0.99
606,2020-12-18,15,Jennifer                                          ,Peterson                                          ,Canada,Vancouver,2005,Come As You Are,Rock,0.99,1.0,0.99
606,2020-12-18,15,Jennifer                                          ,Peterson                                          ,Canada,Vancouver,2006,Breed,Rock,0.99,1.0,0.99
606,2020-12-18,15,Jennifer                                          ,Peterson                                          ,Canada,Vancouver,2007,Lithium,Rock,0.99,1.0,0.99
606,2020-12-18,15,Jennifer                                          ,Peterson                                          ,Canada,Vancouver,2008,Polly,Rock,0.99,1.0,0.99
606,2020-12-18,15,Jennifer                                          ,Peterson                                          ,Canada,Vancouver,2009,Territorial Pissings,Rock,0.99,1.0,0.99
606,2020-12-18,15,Jennifer                                          ,Peterson                                          ,Canada,Vancouver,2010,Drain You,Rock,0.99,1.0,0.99
606,2020-12-18,15,Jennifer                                          ,Peterson                                          ,Canada,Vancouver,2011,Lounge Act,Rock,0.99,1.0,0.99
606,2020-12-18,15,Jennifer                                          ,Peterson                                          ,Canada,Vancouver,2012,Stay Away,Rock,0.99,1.0,0.99
606,2020-12-18,15,Jennifer                                          ,Peterson                                          ,Canada,Vancouver,2013,On A Plain,Rock,0.99,1.0,0.99
606,2020-12-18,15,Jennifer                                          ,Peterson                                          ,Canada,Vancouver,2014,Something In The Way,Rock,0.99,1.0,0.99
607,2020-12-19,59,Puja                                              ,Srivastava                                        ,India,Bangalore,2645,Back Door Man,Rock,0.99,1.0,0.99
607,2020-12-19,59,Puja                                              ,Srivastava                                        ,India,Bangalore,30,Amazing,Rock,0.99,1.0,0.99
607,2020-12-19,59,Puja                                              ,Srivastava                                        ,India,Bangalore,1351,Rime of the Ancient Mariner,Metal,0.99,1.0,0.99
607,2020-12-19,59,Puja                                              ,Srivastava                                        ,India,Bangalore,1799,Shakes and Ladders,Rock,0.99,1.0,0.99
607,2020-12-19,59,Puja                                              ,Srivastava                                        ,India,Bangalore,2561,Question!,Metal,0.99,1.0,0.99
608,2020-12-20,49,Stanisław                                         ,Wójcik                                            ,Poland,Warsaw,3060,Little Guitars,Rock,0.99,1.0,0.99
609,2020-12-20,14,Mark                                              ,Philips                                           ,Canada,Edmonton,2603,Hitsville UK,Alternative & Punk,0.99,1.0,0.99
609,2020-12-20,14,Mark                                              ,Philips                                           ,Canada,Edmonton,3142,The Deeper The Love,Metal,0.99,1.0,0.99
609,2020-12-20,14,Mark                                              ,Philips                                           ,Canada,Edmonton,1636,Immigrant Song,Rock,0.99,1.0,0.99
610,2020-12-21,55,Mark                                              ,Taylor                                            ,Australia,Sidney,1053,"Bad, Bad Leroy Brown",Easy Listening,0.99,1.0,0.99
610,2020-12-21,55,Mark                                              ,Taylor                                            ,Australia,Sidney,2201,Garden,Rock,0.99,1.0,0.99
610,2020-12-21,55,Mark                                              ,Taylor                                            ,Australia,Sidney,1091,Refavela (Live),Latin,0.99,1.0,0.99
610,2020-12-21,55,Mark                                              ,Taylor                                            ,Australia,Sidney,814,The Gypsy,Rock,0.99,1.0,0.99
610,2020-12-21,55,Mark                                              ,Taylor                                            ,Australia,Sidney,2298,New Test Leper,Rock,0.99,1.0,0.99
610,2020-12-21,55,Mark                                              ,Taylor                                            ,Australia,Sidney,2517,Fell On Black Days,Rock,0.99,1.0,0.99
610,2020-12-21,55,Mark                                              ,Taylor                                            ,Australia,Sidney,1746,Kayleigh,Rock,0.99,1.0,0.99
611,2020-12-27,52,Emma                                              ,Jones                                             ,United Kingdom,London,2663,Message in a Bottle (new classic rock mix),Rock,0.99,1.0,0.99
611,2020-12-27,52,Emma                                              ,Jones                                             ,United Kingdom,London,57,It Ain't Like That,Rock,0.99,1.0,0.99
612,2020-12-27,33,Ellie                                             ,Sullivan                                          ,Canada,Yellowknife,2204,Go,Rock,0.99,1.0,0.99
612,2020-12-27,33,Ellie                                             ,Sullivan                                          ,Canada,Yellowknife,2205,Animal,Rock,0.99,1.0,0.99
612,2020-12-27,33,Ellie                                             ,Sullivan                                          ,Canada,Yellowknife,2206,Daughter,Rock,0.99,1.0,0.99
612,2020-12-27,33,Ellie                                             ,Sullivan                                          ,Canada,Yellowknife,2207,Glorified G,Rock,0.99,1.0,0.99
612,2020-12-27,33,Ellie                                             ,Sullivan                                          ,Canada,Yellowknife,2208,Dissident,Rock,0.99,1.0,0.99
612,2020-12-27,33,Ellie                                             ,Sullivan                                          ,Canada,Yellowknife,2209,W.M.A.,Rock,0.99,1.0,0.99
612,2020-12-27,33,Ellie                                             ,Sullivan                                          ,Canada,Yellowknife,2210,Blood,Rock,0.99,1.0,0.99
612,2020-12-27,33,Ellie                                             ,Sullivan                                          ,Canada,Yellowknife,2211,Rearviewmirror,Rock,0.99,1.0,0.99
612,2020-12-27,33,Ellie                                             ,Sullivan                                          ,Canada,Yellowknife,2212,Rats,Rock,0.99,1.0,0.99
612,2020-12-27,33,Ellie                                             ,Sullivan                                          ,Canada,Yellowknife,2213,Elderly Woman Behind The Counter In A Small Town,Rock,0.99,1.0,0.99
612,2020-12-27,33,Ellie                                             ,Sullivan                                          ,Canada,Yellowknife,2214,Leash,Rock,0.99,1.0,0.99
612,2020-12-27,33,Ellie                                             ,Sullivan                                          ,Canada,Yellowknife,2215,Indifference,Rock,0.99,1.0,0.99
613,2020-12-29,20,Dan                                               ,Miller                                            ,USA,Mountain View,1865,Better Than You,Metal,0.99,1.0,0.99
613,2020-12-29,20,Dan                                               ,Miller                                            ,USA,Mountain View,2647,End Of The Night,Rock,0.99,1.0,0.99
613,2020-12-29,20,Dan                                               ,Miller                                            ,USA,Mountain View,3292,Still Loving You,Rock,0.99,1.0,0.99
613,2020-12-29,20,Dan                                               ,Miller                                            ,USA,Mountain View,2731,I Can't Explain,Rock,0.99,1.0,0.99
613,2020-12-29,20,Dan                                               ,Miller                                            ,USA,Mountain View,3465,You Know I'm No Good (feat. Ghostface Killah),R&B/Soul,0.99,1.0,0.99
613,2020-12-29,20,Dan                                               ,Miller                                            ,USA,Mountain View,2948,Grace,Rock,0.99,1.0,0.99
613,2020-12-29,20,Dan                                               ,Miller                                            ,USA,Mountain View,2738,Pictures Of Lily,Rock,0.99,1.0,0.99
613,2020-12-29,20,Dan                                               ,Miller                                            ,USA,Mountain View,1126,Re-Align,Metal,0.99,1.0,0.99
613,2020-12-29,20,Dan                                               ,Miller                                            ,USA,Mountain View,1915,I Don't Wanna Be Kissed (By Anyone But You) (Alternate Take),Jazz,0.99,1.0,0.99
614,2020-12-30,53,Phil                                              ,Hughes                                            ,United Kingdom,London,2650,Roxanne,Rock,0.99,1.0,0.99
614,2020-12-30,53,Phil                                              ,Hughes                                            ,United Kingdom,London,2651,Can't Stand Losing You,Rock,0.99,1.0,0.99
614,2020-12-30,53,Phil                                              ,Hughes                                            ,United Kingdom,London,2652,Message in a Bottle,Rock,0.99,1.0,0.99
614,2020-12-30,53,Phil                                              ,Hughes                                            ,United Kingdom,London,2654,Don't Stand so Close to Me,Rock,0.99,1.0,0.99
614,2020-12-30,53,Phil                                              ,Hughes                                            ,United Kingdom,London,2655,"De Do Do Do, De Da Da Da",Rock,0.99,1.0,0.99
614,2020-12-30,53,Phil                                              ,Hughes                                            ,United Kingdom,London,2656,Every Little Thing She Does is Magic,Rock,0.99,1.0,0.99
614,2020-12-30,53,Phil                                              ,Hughes                                            ,United Kingdom,London,2657,Invisible Sun,Rock,0.99,1.0,0.99
614,2020-12-30,53,Phil                                              ,Hughes                                            ,United Kingdom,London,2658,Spirit's in the Material World,Rock,0.99,1.0,0.99
614,2020-12-30,53,Phil                                              ,Hughes                                            ,United Kingdom,London,2659,Every Breath You Take,Rock,0.99,1.0,0.99
614,2020-12-30,53,Phil                                              ,Hughes                                            ,United Kingdom,London,2660,King Of Pain,Rock,0.99,1.0,0.99
614,2020-12-30,53,Phil                                              ,Hughes                                            ,United Kingdom,London,2661,Wrapped Around Your Finger,Rock,0.99,1.0,0.99
614,2020-12-30,53,Phil                                              ,Hughes                                            ,United Kingdom,London,2662,Don't Stand So Close to Me '86,Rock,0.99,1.0,0.99
614,2020-12-30,53,Phil                                              ,Hughes                                            ,United Kingdom,London,2663,Message in a Bottle (new classic rock mix),Rock,0.99,1.0,0.99
